{"type":"FeatureCollection","name":"point_pleasant_road_centerlines","metadata":{"source":"NJOGIS NG911 Road Centerlines (Tran_road)","url":"https://services2.arcgis.com/XVOqAjTOJ5P6ngMu/arcgis/rest/services/Tran_road/FeatureServer/0","query_url":"https://services2.arcgis.com/XVOqAjTOJ5P6ngMu/arcgis/rest/services/Tran_road/FeatureServer/0/query","retrieved_at_utc":"2026-09-04T20:05:59.679394+00:00","source_last_edit_date":1785341586960,"out_sr":4326,"query_envelope_wgs84":[-74.0917041,40.0591388,-74.0480287,40.0981087],"spatial_relationship":"esriSpatialRelIntersects","boundary_file":"point_pleasant_boundary.geojson","boundary_sha256":"e33507f7db79446722055175a86e3510c820ec49549a604963ab0a84770d2ae4","fields":["OBJECTID","PRIMENAME","ELEVTYP_F","ELEVTYP_T"],"feature_count":1627,"complete_objectid_inventory_verified":true,"municipal_clipping":"Envelope selection only; clip against the actual municipal boundary in the application."},"features":[{"type":"Feature","id":7,"properties":{"OBJECTID":7,"PRIMENAME":"Herbertsville Road","ELEVTYP_F":0,"ELEVTYP_T":0},"geometry":{"type":"LineString","coordinates":[[-74.0900254150989,40.0919193277835],[-74.0903221633066,40.0921469214839],[-74.0904353574401,40.0922262493862],[-74.0904803182684,40.0922541496544]]}},{"type":"Feature","id":177,"properties":{"OBJECTID":177,"PRIMENAME":"Herbertsville Road","ELEVTYP_F":0,"ELEVTYP_T":0},"geometry":{"type":"LineString","coordinates":[[-74.0726321546276,40.0835364277777],[-74.0736148771606,40.0835935286495],[-74.0739406438165,40.0836120223644]]}},{"type":"Feature","id":190,"properties":{"OBJECTID":190,"PRIMENAME":"Donna Drive","ELEVTYP_F":0,"ELEVTYP_T":0},"geometry":{"type":"LineString","coordinates":[[-74.0574290954564,40.0743868211196],[-74.0584826233692,40.0745578937035]]}},{"type":"Feature","id":303,"properties":{"OBJECTID":303,"PRIMENAME":"Jordan Road","ELEVTYP_F":0,"ELEVTYP_T":0},"geometry":{"type":"LineString","coordinates":[[-74.0917492788459,40.0646619100428],[-74.0918259956232,40.0640421195071],[-74.0918754898332,40.0636422460384],[-74.0918790219067,40.0636133506342]]}},{"type":"Feature","id":410,"properties":{"OBJECTID":410,"PRIMENAME":"Stonehedge Lane","ELEVTYP_F":0,"ELEVTYP_T":0},"geometry":{"type":"LineString","coordinates":[[-74.0556401813488,40.093542524958],[-74.0557277513758,40.093563953237]]}},{"type":"Feature","id":1283,"properties":{"OBJECTID":1283,"PRIMENAME":"Curtis Avenue","ELEVTYP_F":0,"ELEVTYP_T":0},"geometry":{"type":"LineString","coordinates":[[-74.0801593193094,40.0745694072502],[-74.0798242566903,40.0754944916671],[-74.0793105148497,40.0768761860528]]}},{"type":"Feature","id":1297,"properties":{"OBJECTID":1297,"PRIMENAME":"Crestview Terrace","ELEVTYP_F":0,"ELEVTYP_T":0},"geometry":{"type":"LineString","coordinates":[[-74.0849519151703,40.0859423616475],[-74.0854759881183,40.0853013120088],[-74.0855673668295,40.0851914419025]]}},{"type":"Feature","id":1696,"properties":{"OBJECTID":1696,"PRIMENAME":"Morning Glory Court","ELEVTYP_F":0,"ELEVTYP_T":0},"geometry":{"type":"LineString","coordinates":[[-74.0918657295977,40.0884922061609],[-74.0917030694534,40.0883976060616]]}},{"type":"Feature","id":1798,"properties":{"OBJECTID":1798,"PRIMENAME":"Frances Drive","ELEVTYP_F":0,"ELEVTYP_T":0},"geometry":{"type":"LineString","coordinates":[[-74.0716849870813,40.0795511482976],[-74.0710834412262,40.079470736129],[-74.0704325207285,40.0793825323048],[-74.0698485559573,40.0792917191651],[-74.0697630369377,40.0792856641689],[-74.0696922592734,40.0792882835036],[-74.0696362932501,40.0793109442077],[-74.0695839718937,40.0793450662391],[-74.0695576136559,40.0793821399186],[-74.0693227485976,40.0800332806879],[-74.069281252661,40.0801189174425],[-74.0692399007266,40.080181686115],[-74.0692018241231,40.080246416953]]}},{"type":"Feature","id":1806,"properties":{"OBJECTID":1806,"PRIMENAME":"Beech Street","ELEVTYP_F":0,"ELEVTYP_T":0},"geometry":{"type":"LineString","coordinates":[[-74.0762649524839,40.0768675297987],[-74.0757474042635,40.0767474222143],[-74.0744219310018,40.0764414810227]]}},{"type":"Feature","id":1944,"properties":{"OBJECTID":1944,"PRIMENAME":"Mattapan Avenue","ELEVTYP_F":0,"ELEVTYP_T":0},"geometry":{"type":"LineString","coordinates":[[-74.0816361454178,40.0761273937155],[-74.0827196100774,40.0763322318741]]}},{"type":"Feature","id":1967,"properties":{"OBJECTID":1967,"PRIMENAME":"Oriole Way","ELEVTYP_F":0,"ELEVTYP_T":0},"geometry":{"type":"LineString","coordinates":[[-74.0758755213864,40.0673914196121],[-74.0763573164985,40.0667999447788]]}},{"type":"Feature","id":2140,"properties":{"OBJECTID":2140,"PRIMENAME":"Sunrise Avenue","ELEVTYP_F":0,"ELEVTYP_T":0},"geometry":{"type":"LineString","coordinates":[[-74.0804567668717,40.0712642376319],[-74.0797674436739,40.0731386617895],[-74.0793302489591,40.0743195679931]]}},{"type":"Feature","id":2337,"properties":{"OBJECTID":2337,"PRIMENAME":"Allen Street","ELEVTYP_F":0,"ELEVTYP_T":0},"geometry":{"type":"LineString","coordinates":[[-74.0711797253952,40.0841585026648],[-74.071432204001,40.0841918322274],[-74.0724674345129,40.0843237261504]]}},{"type":"Feature","id":2423,"properties":{"OBJECTID":2423,"PRIMENAME":"George Street","ELEVTYP_F":0,"ELEVTYP_T":0},"geometry":{"type":"LineString","coordinates":[[-74.0607244476703,40.0790500444088],[-74.0607221403601,40.0790253827848],[-74.0607298496059,40.0789825029912],[-74.0607561772827,40.0789454312093],[-74.0620845918503,40.0778752010424],[-74.0625262341928,40.0775012823009]]}},{"type":"Feature","id":2450,"properties":{"OBJECTID":2450,"PRIMENAME":"Little Hill Road","ELEVTYP_F":0,"ELEVTYP_T":0},"geometry":{"type":"LineString","coordinates":[[-74.0831583225974,40.0693086676126],[-74.0837436539026,40.0695512352986]]}},{"type":"Feature","id":2479,"properties":{"OBJECTID":2479,"PRIMENAME":"Taylor Avenue","ELEVTYP_F":0,"ELEVTYP_T":0},"geometry":{"type":"LineString","coordinates":[[-74.065793049812,40.0771309303164],[-74.0658664985686,40.0771464147025],[-74.0659465876981,40.0771629119835],[-74.0692510914559,40.0776173526194]]}},{"type":"Feature","id":2493,"properties":{"OBJECTID":2493,"PRIMENAME":"Perch Hole Point Place","ELEVTYP_F":0,"ELEVTYP_T":0},"geometry":{"type":"LineString","coordinates":[[-74.052684145999,40.0645539039116],[-74.0526662839218,40.0645480425728],[-74.0525550822344,40.0645000087008],[-74.0516091183243,40.0639220842593]]}},{"type":"Feature","id":2574,"properties":{"OBJECTID":2574,"PRIMENAME":"Beaver Dam Road","ELEVTYP_F":0,"ELEVTYP_T":0},"geometry":{"type":"LineString","coordinates":[[-74.0721094449473,40.0699422527177],[-74.0721372921833,40.07026034679]]}},{"type":"Feature","id":2729,"properties":{"OBJECTID":2729,"PRIMENAME":"Forman Avenue","ELEVTYP_F":0,"ELEVTYP_T":0},"geometry":{"type":"LineString","coordinates":[[-74.0535036930948,40.0884940528929],[-74.0523838301551,40.0885862283723],[-74.0518627456189,40.0886276170714]]}},{"type":"Feature","id":2881,"properties":{"OBJECTID":2881,"PRIMENAME":"Riverview Drive","ELEVTYP_F":0,"ELEVTYP_T":0},"geometry":{"type":"LineString","coordinates":[[-74.0723483363226,40.0962733906945],[-74.0721432734047,40.0963902978704],[-74.0717064920591,40.0966445194933]]}},{"type":"Feature","id":3038,"properties":{"OBJECTID":3038,"PRIMENAME":"Barton Avenue","ELEVTYP_F":0,"ELEVTYP_T":0},"geometry":{"type":"LineString","coordinates":[[-74.0764712156271,40.0796726830326],[-74.076722372103,40.0790399820145]]}},{"type":"Feature","id":3175,"properties":{"OBJECTID":3175,"PRIMENAME":"Oak Drive","ELEVTYP_F":0,"ELEVTYP_T":0},"geometry":{"type":"LineString","coordinates":[[-74.0500213758319,40.0726755948781],[-74.0484381123785,40.0724533776893]]}},{"type":"Feature","id":3258,"properties":{"OBJECTID":3258,"PRIMENAME":"Edgewater Place","ELEVTYP_F":0,"ELEVTYP_T":0},"geometry":{"type":"LineString","coordinates":[[-74.0695037456148,40.0867775769583],[-74.0694802661251,40.0868168031126],[-74.0694521718096,40.0868453046807],[-74.0694007967333,40.0868701232406],[-74.0693449147049,40.0868842193945],[-74.068751382103,40.0869987229928]]}},{"type":"Feature","id":3453,"properties":{"OBJECTID":3453,"PRIMENAME":"River Road","ELEVTYP_F":0,"ELEVTYP_T":0},"geometry":{"type":"LineString","coordinates":[[-74.085666407967,40.0929548613032],[-74.0854244515589,40.092736210163],[-74.0846764337261,40.0920557952412],[-74.0845006642113,40.0918932736646]]}},{"type":"Feature","id":3502,"properties":{"OBJECTID":3502,"PRIMENAME":"Anchor Court","ELEVTYP_F":0,"ELEVTYP_T":0},"geometry":{"type":"LineString","coordinates":[[-74.0537923487084,40.0654125021837],[-74.0538660502435,40.065472791235],[-74.053997643213,40.0655557952787],[-74.0541785658981,40.0656738819419],[-74.0545033510832,40.0659003852605]]}},{"type":"Feature","id":3554,"properties":{"OBJECTID":3554,"PRIMENAME":"Orchard Lane","ELEVTYP_F":0,"ELEVTYP_T":0},"geometry":{"type":"LineString","coordinates":[[-74.09150450613,40.0891983456688],[-74.0915372115607,40.088923215733],[-74.0915491671337,40.0888725795346],[-74.0915687887745,40.0888309196436],[-74.0916000982154,40.0887893009561],[-74.0918657295977,40.0884922061609]]}},{"type":"Feature","id":3585,"properties":{"OBJECTID":3585,"PRIMENAME":"Rue Mirador","ELEVTYP_F":0,"ELEVTYP_T":0},"geometry":{"type":"LineString","coordinates":[[-74.0574818894737,40.0677092735013],[-74.0576959065131,40.06752431524],[-74.0580957937216,40.0671966489357]]}},{"type":"Feature","id":3606,"properties":{"OBJECTID":3606,"PRIMENAME":"Charles Street","ELEVTYP_F":0,"ELEVTYP_T":0},"geometry":{"type":"LineString","coordinates":[[-74.0580477366617,40.0789520648794],[-74.0578554476164,40.0799030809425]]}},{"type":"Feature","id":3757,"properties":{"OBJECTID":3757,"PRIMENAME":"Warren Place","ELEVTYP_F":0,"ELEVTYP_T":0},"geometry":{"type":"LineString","coordinates":[[-74.0507145995671,40.0784392836303],[-74.0509159368831,40.0780652732766]]}},{"type":"Feature","id":3917,"properties":{"OBJECTID":3917,"PRIMENAME":"Holly Avenue","ELEVTYP_F":0,"ELEVTYP_T":0},"geometry":{"type":"LineString","coordinates":[[-74.0500213758319,40.0726755948781],[-74.0499039123905,40.0731592489643]]}},{"type":"Feature","id":3942,"properties":{"OBJECTID":3942,"PRIMENAME":"Spruce Street","ELEVTYP_F":0,"ELEVTYP_T":0},"geometry":{"type":"LineString","coordinates":[[-74.0734299643854,40.0789762109009],[-74.0752715003461,40.0793982609355]]}},{"type":"Feature","id":4118,"properties":{"OBJECTID":4118,"PRIMENAME":"Beech Street","ELEVTYP_F":0,"ELEVTYP_T":0},"geometry":{"type":"LineString","coordinates":[[-74.0790715884246,40.0775186847145],[-74.0774648176446,40.0771458953569]]}},{"type":"Feature","id":4279,"properties":{"OBJECTID":4279,"PRIMENAME":"Jeanne Lane","ELEVTYP_F":0,"ELEVTYP_T":0},"geometry":{"type":"LineString","coordinates":[[-74.0800901904423,40.0989221969915],[-74.0800228768157,40.0988930443831],[-74.0796453052327,40.0987296189303],[-74.0794286598792,40.0986382653758],[-74.0793048960812,40.0985806310907],[-74.0791625905092,40.0985038490791],[-74.0789771812782,40.098379251985],[-74.0787918832941,40.0982308254248],[-74.0786546101955,40.0981208156938]]}},{"type":"Feature","id":4717,"properties":{"OBJECTID":4717,"PRIMENAME":"Passaic Avenue","ELEVTYP_F":0,"ELEVTYP_T":0},"geometry":{"type":"LineString","coordinates":[[-74.0805393057702,40.0905428249549],[-74.0811505129641,40.0895369569516],[-74.0811756406968,40.0894846392391],[-74.0811914506628,40.0894418153533],[-74.0811983262893,40.0894048604983]]}},{"type":"Feature","id":4758,"properties":{"OBJECTID":4758,"PRIMENAME":"Lynn Avenue","ELEVTYP_F":0,"ELEVTYP_T":0},"geometry":{"type":"LineString","coordinates":[[-74.0796717753212,40.0810735264287],[-74.079653245038,40.0809891506939],[-74.0796522821359,40.0809422850266],[-74.0796642510838,40.0808847588401],[-74.0800306250295,40.0799277534389],[-74.0800853680707,40.079784754227]]}},{"type":"Feature","id":4790,"properties":{"OBJECTID":4790,"PRIMENAME":"McLaughlin Avenue","ELEVTYP_F":0,"ELEVTYP_T":0},"geometry":{"type":"LineString","coordinates":[[-74.0634312879123,40.0809474632952],[-74.0634931938573,40.0806611401909],[-74.063493664903,40.0805873761052],[-74.0634879852917,40.0805366754072],[-74.0634763886404,40.0804720898448],[-74.0634013892924,40.0803317458286]]}},{"type":"Feature","id":5078,"properties":{"OBJECTID":5078,"PRIMENAME":"Lakewood Road","ELEVTYP_F":0,"ELEVTYP_T":0},"geometry":{"type":"LineString","coordinates":[[-74.0776395344544,40.081495969913],[-74.0766802825242,40.0816931510803],[-74.0756133842422,40.0819179046066]]}},{"type":"Feature","id":5216,"properties":{"OBJECTID":5216,"PRIMENAME":"Little Hill Road","ELEVTYP_F":0,"ELEVTYP_T":0},"geometry":{"type":"LineString","coordinates":[[-74.0837436539026,40.0695512352986],[-74.0838208974169,40.0695826444389],[-74.0839274944862,40.0696169042716],[-74.0840306226245,40.0696342139782],[-74.0846979319297,40.0697534210212]]}},{"type":"Feature","id":5904,"properties":{"OBJECTID":5904,"PRIMENAME":"Ellison Avenue","ELEVTYP_F":0,"ELEVTYP_T":0},"geometry":{"type":"LineString","coordinates":[[-74.0569117672867,40.0851962621836],[-74.0594958797544,40.0857266014917]]}},{"type":"Feature","id":5975,"properties":{"OBJECTID":5975,"PRIMENAME":"Unnamed Segment","ELEVTYP_F":0,"ELEVTYP_T":0},"geometry":{"type":"LineString","coordinates":[[-74.0634013892924,40.0803317458286],[-74.0634825902795,40.0803029666537],[-74.0637759996002,40.0801989781214],[-74.0638833644294,40.0801071054547],[-74.0639624289323,40.0798891291004],[-74.0640984277784,40.0794851287907]]}},{"type":"Feature","id":6258,"properties":{"OBJECTID":6258,"PRIMENAME":"Roberts Place","ELEVTYP_F":0,"ELEVTYP_T":0},"geometry":{"type":"LineString","coordinates":[[-74.0711448523861,40.0734527820207],[-74.0714052429371,40.0723088909955]]}},{"type":"Feature","id":6448,"properties":{"OBJECTID":6448,"PRIMENAME":"Jackson Street","ELEVTYP_F":0,"ELEVTYP_T":0},"geometry":{"type":"LineString","coordinates":[[-74.0562182213724,40.0734296726366],[-74.0563144941238,40.0742058136022]]}},{"type":"Feature","id":6707,"properties":{"OBJECTID":6707,"PRIMENAME":"Goetze Street","ELEVTYP_F":0,"ELEVTYP_T":0},"geometry":{"type":"LineString","coordinates":[[-74.0488650201491,40.0616926318846],[-74.0474784277875,40.0614254848494]]}},{"type":"Feature","id":6759,"properties":{"OBJECTID":6759,"PRIMENAME":"Jordan Road","ELEVTYP_F":0,"ELEVTYP_T":0},"geometry":{"type":"LineString","coordinates":[[-74.0918706122407,40.0668307341744],[-74.091847445018,40.0666174506612],[-74.091805895771,40.0661852720096]]}},{"type":"Feature","id":6767,"properties":{"OBJECTID":6767,"PRIMENAME":"Beaver Dam Road","ELEVTYP_F":0,"ELEVTYP_T":0},"geometry":{"type":"LineString","coordinates":[[-74.0723930729325,40.0654087100877],[-74.0724108629746,40.0661064734315]]}},{"type":"Feature","id":6843,"properties":{"OBJECTID":6843,"PRIMENAME":"Catherine Street","ELEVTYP_F":0,"ELEVTYP_T":0},"geometry":{"type":"LineString","coordinates":[[-74.0575545224429,40.0810857136498],[-74.057340001298,40.0810325953884],[-74.0567477242535,40.0808850209828]]}},{"type":"Feature","id":7165,"properties":{"OBJECTID":7165,"PRIMENAME":"Hall Avenue","ELEVTYP_F":0,"ELEVTYP_T":0},"geometry":{"type":"LineString","coordinates":[[-74.0709129290938,40.0854209098843],[-74.0710418290853,40.0848202722966],[-74.0711797253952,40.0841585026648]]}},{"type":"Feature","id":7486,"properties":{"OBJECTID":7486,"PRIMENAME":"Curtis Avenue","ELEVTYP_F":0,"ELEVTYP_T":0},"geometry":{"type":"LineString","coordinates":[[-74.0776395344544,40.081495969913],[-74.0776453115839,40.0815790916331],[-74.077630055036,40.081647668829],[-74.0773248783369,40.0824447571816]]}},{"type":"Feature","id":7567,"properties":{"OBJECTID":7567,"PRIMENAME":"Unnamed Segment","ELEVTYP_F":0,"ELEVTYP_T":0},"geometry":{"type":"LineString","coordinates":[[-74.0594371792922,40.083252282592],[-74.0591917457658,40.0839627122485]]}},{"type":"Feature","id":7751,"properties":{"OBJECTID":7751,"PRIMENAME":"Northwest Drive","ELEVTYP_F":0,"ELEVTYP_T":0},"geometry":{"type":"LineString","coordinates":[[-74.0610169811865,40.0673924601194],[-74.0613319332794,40.0676138559186],[-74.0613912234829,40.0676512520859],[-74.0614543199932,40.0676800970216],[-74.061510094451,40.0676917289488],[-74.0615658701952,40.0676976774685],[-74.0616291869652,40.0676921796413],[-74.0616665653385,40.0676694524237],[-74.0616964945303,40.0676438418085],[-74.0617304145709,40.0675810475778],[-74.0620027848041,40.0668470716991]]}},{"type":"Feature","id":7833,"properties":{"OBJECTID":7833,"PRIMENAME":"Foster Road","ELEVTYP_F":0,"ELEVTYP_T":0},"geometry":{"type":"LineString","coordinates":[[-74.0697965097835,40.075358086635],[-74.0687923174945,40.0752170874054],[-74.0676132074102,40.0750639780237],[-74.0665867429591,40.0749200213509],[-74.0664763780822,40.0749050036432]]}},{"type":"Feature","id":8228,"properties":{"OBJECTID":8228,"PRIMENAME":"River Road","ELEVTYP_F":0,"ELEVTYP_T":0},"geometry":{"type":"LineString","coordinates":[[-74.0706663071684,40.0866848446908],[-74.0702573261703,40.0866336315725],[-74.0696609230247,40.0865589477929],[-74.0695604726877,40.086549981976]]}},{"type":"Feature","id":8838,"properties":{"OBJECTID":8838,"PRIMENAME":"North Stream Parkway","ELEVTYP_F":0,"ELEVTYP_T":0},"geometry":{"type":"LineString","coordinates":[[-74.0829948235538,40.0754174384497],[-74.0833714194699,40.0741670363318]]}},{"type":"Feature","id":8866,"properties":{"OBJECTID":8866,"PRIMENAME":"Laura Herbert Drive","ELEVTYP_F":0,"ELEVTYP_T":0},"geometry":{"type":"LineString","coordinates":[[-74.0713817868414,40.0802742689695],[-74.0714016637002,40.0802619066395],[-74.0714320440359,40.0802214977467],[-74.0716849870813,40.0795511482976]]}},{"type":"Feature","id":9151,"properties":{"OBJECTID":9151,"PRIMENAME":"Anderson Place","ELEVTYP_F":0,"ELEVTYP_T":0},"geometry":{"type":"LineString","coordinates":[[-74.0670181853962,40.0808669533933],[-74.0666033059526,40.0808925803897]]}},{"type":"Feature","id":9515,"properties":{"OBJECTID":9515,"PRIMENAME":"Shadyside Avenue","ELEVTYP_F":0,"ELEVTYP_T":0},"geometry":{"type":"LineString","coordinates":[[-74.0717576267881,40.0806204164112],[-74.0726163070933,40.0808294589895]]}},{"type":"Feature","id":9549,"properties":{"OBJECTID":9549,"PRIMENAME":"Dorset Dock Road","ELEVTYP_F":0,"ELEVTYP_T":0},"geometry":{"type":"LineString","coordinates":[[-74.0784543680966,40.0677289533219],[-74.0784688695295,40.0677124242848],[-74.0785062955215,40.0676753608344],[-74.0785548874948,40.0676411940965],[-74.0786108762003,40.0676128186927],[-74.0786454505285,40.067603610538]]}},{"type":"Feature","id":9712,"properties":{"OBJECTID":9712,"PRIMENAME":"Unnamed Segment","ELEVTYP_F":0,"ELEVTYP_T":0},"geometry":{"type":"LineString","coordinates":[[-74.0700663168383,40.0787457733023],[-74.0703004308104,40.0785661285419],[-74.070570432618,40.0778711277826],[-74.0707654310848,40.07737112873],[-74.0708271014348,40.0771602346064],[-74.0707929939282,40.0770861189543]]}},{"type":"Feature","id":9794,"properties":{"OBJECTID":9794,"PRIMENAME":"Lister Street","ELEVTYP_F":0,"ELEVTYP_T":0},"geometry":{"type":"LineString","coordinates":[[-74.0515632099632,40.0813950512012],[-74.0521902190483,40.079829653325]]}},{"type":"Feature","id":10065,"properties":{"OBJECTID":10065,"PRIMENAME":"Marine Parkway","ELEVTYP_F":0,"ELEVTYP_T":0},"geometry":{"type":"LineString","coordinates":[[-74.0563555626128,40.0659650346597],[-74.0565779883988,40.0657889221053],[-74.0569738286596,40.0654509500325]]}},{"type":"Feature","id":10657,"properties":{"OBJECTID":10657,"PRIMENAME":"Osborne Avenue","ELEVTYP_F":0,"ELEVTYP_T":0},"geometry":{"type":"LineString","coordinates":[[-74.0507145995671,40.0784392836303],[-74.051298475204,40.0786365466877],[-74.054148502606,40.0796011090221],[-74.0547761761842,40.0798095872137]]}},{"type":"Feature","id":10904,"properties":{"OBJECTID":10904,"PRIMENAME":"Riviera Parkway","ELEVTYP_F":0,"ELEVTYP_T":0},"geometry":{"type":"LineString","coordinates":[[-74.0694199643124,40.0697844803844],[-74.0694950649329,40.0697919515329],[-74.0696217675548,40.0697987091436],[-74.0697771165452,40.0697961571361],[-74.0709385638353,40.0697437179715]]}},{"type":"Feature","id":10941,"properties":{"OBJECTID":10941,"PRIMENAME":"Jordan Road","ELEVTYP_F":0,"ELEVTYP_T":0},"geometry":{"type":"LineString","coordinates":[[-74.091805895771,40.0661852720096],[-74.0917350119592,40.0654479017045],[-74.0917130215369,40.0651332651375],[-74.0917133658595,40.0650755866779],[-74.0917164170221,40.0650253584069]]}},{"type":"Feature","id":11024,"properties":{"OBJECTID":11024,"PRIMENAME":"Herbertsville Road","ELEVTYP_F":0,"ELEVTYP_T":0},"geometry":{"type":"LineString","coordinates":[[-74.0768089210317,40.0837923069302],[-74.0768917504075,40.0838008454276],[-74.0770484431819,40.0838346631119],[-74.0772265933229,40.0838893414833],[-74.0773894588841,40.0839537093169]]}},{"type":"Feature","id":11074,"properties":{"OBJECTID":11074,"PRIMENAME":"Woodland Road","ELEVTYP_F":0,"ELEVTYP_T":0},"geometry":{"type":"LineString","coordinates":[[-74.0540181235727,40.0936777013879],[-74.0540830745386,40.0934092411334],[-74.05409842987,40.0933349572188],[-74.054098691087,40.0932949315211],[-74.0540920708602,40.0932412077459]]}},{"type":"Feature","id":11385,"properties":{"OBJECTID":11385,"PRIMENAME":"Conifer Road","ELEVTYP_F":0,"ELEVTYP_T":0},"geometry":{"type":"LineString","coordinates":[[-74.0904929888301,40.0912224915374],[-74.0905889250695,40.0911094218257]]}},{"type":"Feature","id":11408,"properties":{"OBJECTID":11408,"PRIMENAME":"Holly Avenue","ELEVTYP_F":0,"ELEVTYP_T":0},"geometry":{"type":"LineString","coordinates":[[-74.0506512306176,40.070137355097],[-74.0505152519074,40.0706773261804]]}},{"type":"Feature","id":11906,"properties":{"OBJECTID":11906,"PRIMENAME":"Woods End Road","ELEVTYP_F":0,"ELEVTYP_T":0},"geometry":{"type":"LineString","coordinates":[[-74.0561949305084,40.0794564374087],[-74.0562034928607,40.079469703194],[-74.0562218361809,40.0795068351843],[-74.0562346443169,40.079548805207],[-74.0562343662993,40.0795916311967],[-74.0562262391755,40.079637748874],[-74.0559150149574,40.0804160204396]]}},{"type":"Feature","id":12510,"properties":{"OBJECTID":12510,"PRIMENAME":"Moore Avenue","ELEVTYP_F":0,"ELEVTYP_T":0},"geometry":{"type":"LineString","coordinates":[[-74.0784489127214,40.0766764072747],[-74.0793105148497,40.0768761860528]]}},{"type":"Feature","id":12981,"properties":{"OBJECTID":12981,"PRIMENAME":"East Drive","ELEVTYP_F":0,"ELEVTYP_T":0},"geometry":{"type":"LineString","coordinates":[[-74.0691184894496,40.0625367884272],[-74.0694624288589,40.0623021252451]]}},{"type":"Feature","id":13118,"properties":{"OBJECTID":13118,"PRIMENAME":"Rogers Road","ELEVTYP_F":0,"ELEVTYP_T":0},"geometry":{"type":"LineString","coordinates":[[-74.0638858383163,40.0752473129904],[-74.0663583882036,40.0755851263902]]}},{"type":"Feature","id":13619,"properties":{"OBJECTID":13619,"PRIMENAME":"Bay Avenue","ELEVTYP_F":0,"ELEVTYP_T":0},"geometry":{"type":"LineString","coordinates":[[-74.0547046616293,40.0804147383257],[-74.0546949877773,40.0804500866616],[-74.0546607568276,40.0805586146622],[-74.0546153018019,40.0806785482045],[-74.0545735448706,40.0808013502415],[-74.054486553727,40.0810155076105],[-74.0544259717329,40.0811696983857],[-74.0543691995919,40.0813096007796],[-74.0542707790826,40.0815608576652],[-74.0541346519029,40.081883485231],[-74.0540847163748,40.0819886038103]]}},{"type":"Feature","id":13667,"properties":{"OBJECTID":13667,"PRIMENAME":"Arnold Avenue","ELEVTYP_F":0,"ELEVTYP_T":0},"geometry":{"type":"LineString","coordinates":[[-74.0564470968711,40.0912256913658],[-74.0563331904296,40.0912335135839]]}},{"type":"Feature","id":13671,"properties":{"OBJECTID":13671,"PRIMENAME":"Bridge Avenue","ELEVTYP_F":0,"ELEVTYP_T":0},"geometry":{"type":"LineString","coordinates":[[-74.0722540520744,40.0723595496753],[-74.0721349110612,40.0723484851214],[-74.0719079317741,40.0723357871536],[-74.0714052429371,40.0723088909955]]}},{"type":"Feature","id":13684,"properties":{"OBJECTID":13684,"PRIMENAME":"Albert Street","ELEVTYP_F":0,"ELEVTYP_T":0},"geometry":{"type":"LineString","coordinates":[[-74.090003571898,40.0641696576689],[-74.0900318120818,40.0639231451933],[-74.0901015467184,40.0634658553715]]}},{"type":"Feature","id":14213,"properties":{"OBJECTID":14213,"PRIMENAME":"Donna Drive","ELEVTYP_F":0,"ELEVTYP_T":0},"geometry":{"type":"LineString","coordinates":[[-74.0584826233692,40.0745578937035],[-74.059254257363,40.0746773385367]]}},{"type":"Feature","id":14363,"properties":{"OBJECTID":14363,"PRIMENAME":"Shady Glen Avenue","ELEVTYP_F":0,"ELEVTYP_T":0},"geometry":{"type":"LineString","coordinates":[[-74.0831404675595,40.0717333554285],[-74.0840504400288,40.0718924238765]]}},{"type":"Feature","id":14421,"properties":{"OBJECTID":14421,"PRIMENAME":"New York Avenue","ELEVTYP_F":0,"ELEVTYP_T":0},"geometry":{"type":"LineString","coordinates":[[-74.0475216896211,40.0863896729625],[-74.0489928244541,40.0862766204532]]}},{"type":"Feature","id":14722,"properties":{"OBJECTID":14722,"PRIMENAME":"Patterson Road","ELEVTYP_F":0,"ELEVTYP_T":0},"geometry":{"type":"LineString","coordinates":[[-74.0660675885482,40.0763811686474],[-74.0663583882036,40.0755851263902]]}},{"type":"Feature","id":15390,"properties":{"OBJECTID":15390,"PRIMENAME":"Blaze Drive","ELEVTYP_F":0,"ELEVTYP_T":0},"geometry":{"type":"LineString","coordinates":[[-74.0693370012926,40.068432538709],[-74.0691254692989,40.0683409368933]]}},{"type":"Feature","id":15461,"properties":{"OBJECTID":15461,"PRIMENAME":"Midwood Drive","ELEVTYP_F":0,"ELEVTYP_T":0},"geometry":{"type":"LineString","coordinates":[[-74.0861060774436,40.0637307131444],[-74.0848946192791,40.0634644744478],[-74.0846921279385,40.0634247927438]]}},{"type":"Feature","id":15557,"properties":{"OBJECTID":15557,"PRIMENAME":"Barton Avenue","ELEVTYP_F":0,"ELEVTYP_T":0},"geometry":{"type":"LineString","coordinates":[[-74.0795825786932,40.0711115306582],[-74.0796605891706,40.070878543664]]}},{"type":"Feature","id":16204,"properties":{"OBJECTID":16204,"PRIMENAME":"Jordan Road","ELEVTYP_F":0,"ELEVTYP_T":0},"geometry":{"type":"LineString","coordinates":[[-74.0918790219067,40.0636133506342],[-74.0919344294389,40.063165727709]]}},{"type":"Feature","id":16286,"properties":{"OBJECTID":16286,"PRIMENAME":"Rue Cambon","ELEVTYP_F":0,"ELEVTYP_T":0},"geometry":{"type":"LineString","coordinates":[[-74.0674938246912,40.0695596012962],[-74.0673525490018,40.0702353289521]]}},{"type":"Feature","id":16505,"properties":{"OBJECTID":16505,"PRIMENAME":"Eastham Road","ELEVTYP_F":0,"ELEVTYP_T":0},"geometry":{"type":"LineString","coordinates":[[-74.091803023677,40.0937777042784],[-74.090702710077,40.0934706839304],[-74.0906283551317,40.0934475526169],[-74.0905953743623,40.0934335446883]]}},{"type":"Feature","id":16851,"properties":{"OBJECTID":16851,"PRIMENAME":"Beaver Dam Road","ELEVTYP_F":0,"ELEVTYP_T":0},"geometry":{"type":"LineString","coordinates":[[-74.0724162645006,40.0663969757619],[-74.0724153343958,40.0665457410947],[-74.0724070982591,40.0666686745354],[-74.0723913219059,40.0668144749184],[-74.0723617175298,40.0670574921464]]}},{"type":"Feature","id":16916,"properties":{"OBJECTID":16916,"PRIMENAME":"Sudbury Road","ELEVTYP_F":0,"ELEVTYP_T":0},"geometry":{"type":"LineString","coordinates":[[-74.0885645242527,40.0901141548579],[-74.0893629096065,40.0897678120234]]}},{"type":"Feature","id":16961,"properties":{"OBJECTID":16961,"PRIMENAME":"Ernestine Place","ELEVTYP_F":0,"ELEVTYP_T":0},"geometry":{"type":"LineString","coordinates":[[-74.090463394956,40.06079060469],[-74.090501243322,40.0607946366867],[-74.090563556431,40.0608061408439],[-74.09066239204,40.0608403121445],[-74.0907465958455,40.0608716323111],[-74.0908162003221,40.0608887887403],[-74.0909040992846,40.060911638181],[-74.0912933862325,40.0610034988004]]}},{"type":"Feature","id":16974,"properties":{"OBJECTID":16974,"PRIMENAME":"Smith Drive","ELEVTYP_F":0,"ELEVTYP_T":0},"geometry":{"type":"LineString","coordinates":[[-74.0888088146101,40.0890486234609],[-74.0887927138498,40.0890271613552],[-74.0884454444925,40.0885857174265]]}},{"type":"Feature","id":17139,"properties":{"OBJECTID":17139,"PRIMENAME":"Herbertsville Road","ELEVTYP_F":0,"ELEVTYP_T":0},"geometry":{"type":"LineString","coordinates":[[-74.0885258141198,40.0900649656679],[-74.0885645242527,40.0901141548579]]}},{"type":"Feature","id":17370,"properties":{"OBJECTID":17370,"PRIMENAME":"Robin Hood Road","ELEVTYP_F":0,"ELEVTYP_T":0},"geometry":{"type":"LineString","coordinates":[[-74.0901015467184,40.0634658553715],[-74.0902416423178,40.0634541618243],[-74.0904203236366,40.0634490832329],[-74.0905654558814,40.0634495962222],[-74.0907143060523,40.0634615429929],[-74.0908593176057,40.0634763582445],[-74.0909987884136,40.063497578421]]}},{"type":"Feature","id":18034,"properties":{"OBJECTID":18034,"PRIMENAME":"Mayfair Court","ELEVTYP_F":0,"ELEVTYP_T":0},"geometry":{"type":"LineString","coordinates":[[-74.0678195238363,40.0640707988805],[-74.067860862121,40.0643650599456],[-74.067868414187,40.0644761357832],[-74.0678835405548,40.0647740054107]]}},{"type":"Feature","id":18049,"properties":{"OBJECTID":18049,"PRIMENAME":"Bridge Avenue","ELEVTYP_F":0,"ELEVTYP_T":0},"geometry":{"type":"LineString","coordinates":[[-74.0631131289589,40.0711568647785],[-74.0629328717366,40.0711368847803],[-74.0627314923775,40.07112857524],[-74.0625063025132,40.071127725056],[-74.0623005822518,40.0711387804188],[-74.0620990384221,40.0711616566055],[-74.0619212076766,40.0711867900847],[-74.0617615803395,40.0712152040286],[-74.0615794793295,40.0712542671821],[-74.0613777154526,40.0713115397017],[-74.0611478392427,40.0713837226579],[-74.0610073768721,40.0714404863603]]}},{"type":"Feature","id":18145,"properties":{"OBJECTID":18145,"PRIMENAME":"Beaver Dam Road","ELEVTYP_F":0,"ELEVTYP_T":0},"geometry":{"type":"LineString","coordinates":[[-74.0679670458013,40.0812307912624],[-74.0679448989496,40.0813138642492],[-74.0679256646729,40.0814110322308],[-74.0679099124448,40.0815453568744],[-74.0679015205118,40.0816968941893],[-74.067911369438,40.0818971198449],[-74.0679363928912,40.0820659399867],[-74.0679724396099,40.0822548155263],[-74.0680236435547,40.0823979824658],[-74.0680569591077,40.0824817567437],[-74.0681120309258,40.0826011084307],[-74.0681407518289,40.0826497358291]]}},{"type":"Feature","id":18482,"properties":{"OBJECTID":18482,"PRIMENAME":"Unnamed Segment","ELEVTYP_F":0,"ELEVTYP_T":0},"geometry":{"type":"LineString","coordinates":[[-74.0776201940822,40.0655577202885],[-74.0779807274018,40.0654305652282],[-74.0788216564519,40.0646355522004]]}},{"type":"Feature","id":18586,"properties":{"OBJECTID":18586,"PRIMENAME":"Chestnut Street","ELEVTYP_F":0,"ELEVTYP_T":0},"geometry":{"type":"LineString","coordinates":[[-74.0755217762839,40.0787594372633],[-74.076722372103,40.0790399820145]]}},{"type":"Feature","id":18627,"properties":{"OBJECTID":18627,"PRIMENAME":"FR RIVER AVE to RT 35 SB","ELEVTYP_F":0,"ELEVTYP_T":0},"geometry":{"type":"LineString","coordinates":[[-74.0504157865262,40.0961576708519],[-74.0504050810387,40.096163449163],[-74.0503942393949,40.0961690757569],[-74.0503832652397,40.0961745487422],[-74.0503721622629,40.0961798662786],[-74.0503609341973,40.0961850265783],[-74.050349584818,40.0961900279064],[-74.0503381179407,40.0961948685813],[-74.0503265374208,40.0961995469756],[-74.0503259118337,40.0961997985418],[-74.050324028036,40.0962005532127]]}},{"type":"Feature","id":19633,"properties":{"OBJECTID":19633,"PRIMENAME":"Dunham Lane","ELEVTYP_F":0,"ELEVTYP_T":0},"geometry":{"type":"LineString","coordinates":[[-74.0742334983905,40.087135147389],[-74.0741173256228,40.0876414614923],[-74.0740932972521,40.0877461785915]]}},{"type":"Feature","id":19786,"properties":{"OBJECTID":19786,"PRIMENAME":"Eton Lane","ELEVTYP_F":0,"ELEVTYP_T":0},"geometry":{"type":"LineString","coordinates":[[-74.0891650795976,40.0949853753892],[-74.0891092954051,40.0950898288488],[-74.0890798504155,40.0951295862924],[-74.0890341691674,40.0951767807773],[-74.0889754150975,40.0952338670845],[-74.088936257503,40.0952661232949],[-74.0888418289739,40.0953230820277],[-74.0887539216529,40.0953775941397],[-74.0886334668056,40.0954469249628]]}},{"type":"Feature","id":20149,"properties":{"OBJECTID":20149,"PRIMENAME":"Shady Glen Avenue","ELEVTYP_F":0,"ELEVTYP_T":0},"geometry":{"type":"LineString","coordinates":[[-74.0804567668717,40.0712642376319],[-74.0811947442481,40.0713931383993],[-74.0813352791087,40.0714177228306]]}},{"type":"Feature","id":20182,"properties":{"OBJECTID":20182,"PRIMENAME":"Arnold Avenue","ELEVTYP_F":0,"ELEVTYP_T":0},"geometry":{"type":"LineString","coordinates":[[-74.0490992172091,40.0917927807969],[-74.0486720922047,40.0918268883292],[-74.0485145812575,40.091838529317],[-74.0482522064269,40.0918579205383]]}},{"type":"Feature","id":20183,"properties":{"OBJECTID":20183,"PRIMENAME":"Riviera Parkway","ELEVTYP_F":0,"ELEVTYP_T":0},"geometry":{"type":"LineString","coordinates":[[-74.0653424753232,40.0692892061196],[-74.0668152969846,40.0694678982768],[-74.0672872650802,40.0695316857236],[-74.0674938246912,40.0695596012962]]}},{"type":"Feature","id":20237,"properties":{"OBJECTID":20237,"PRIMENAME":"Harbor Road","ELEVTYP_F":0,"ELEVTYP_T":0},"geometry":{"type":"LineString","coordinates":[[-74.0793400337006,40.0609076473987],[-74.0793115090254,40.0609214352675],[-74.0792481823434,40.0609355083643],[-74.0791699574493,40.0609437898762],[-74.0790918025066,40.0609464152158],[-74.0786637298302,40.0609533978425],[-74.0785743209786,40.0609616652998],[-74.0784969176485,40.0609756597606]]}},{"type":"Feature","id":20353,"properties":{"OBJECTID":20353,"PRIMENAME":"Birch Drive","ELEVTYP_F":0,"ELEVTYP_T":0},"geometry":{"type":"LineString","coordinates":[[-74.0729524068737,40.0969171435403],[-74.0729482737818,40.0968177208679],[-74.0729427874585,40.0966890009398],[-74.072962191223,40.0965699254995],[-74.0729875715091,40.0964842552892],[-74.0730439141032,40.0964034215243],[-74.0731687394409,40.0962894848192],[-74.0734495084378,40.096047448742],[-74.0735236177853,40.0959835636109]]}},{"type":"Feature","id":20374,"properties":{"OBJECTID":20374,"PRIMENAME":"Herbertsville Road","ELEVTYP_F":0,"ELEVTYP_T":0},"geometry":{"type":"LineString","coordinates":[[-74.0909645134572,40.0925150038776],[-74.0911148650258,40.0925735437502],[-74.0912444875882,40.0926197104352],[-74.0913847969834,40.0926659696159],[-74.0915792815397,40.0927206564798],[-74.0918439529019,40.0927963440867],[-74.0924164857067,40.0929521252327],[-74.0928744663077,40.0930826004658]]}},{"type":"Feature","id":20737,"properties":{"OBJECTID":20737,"PRIMENAME":"Bay Avenue","ELEVTYP_F":0,"ELEVTYP_T":0},"geometry":{"type":"LineString","coordinates":[[-74.0551518374608,40.0756555781312],[-74.0552364047293,40.0764169060596]]}},{"type":"Feature","id":20754,"properties":{"OBJECTID":20754,"PRIMENAME":"New Jersey Avenue","ELEVTYP_F":0,"ELEVTYP_T":0},"geometry":{"type":"LineString","coordinates":[[-74.0520313573581,40.0868973766686],[-74.0517173001784,40.086923093318],[-74.0506370435901,40.0870075539066],[-74.0491088036009,40.087127624946]]}},{"type":"Feature","id":20979,"properties":{"OBJECTID":20979,"PRIMENAME":"Forrest Road","ELEVTYP_F":0,"ELEVTYP_T":0},"geometry":{"type":"LineString","coordinates":[[-74.077427792273,40.0959673172439],[-74.0769535899599,40.0964320145236],[-74.0759668174466,40.0974293467799],[-74.0758667030404,40.0975305574363]]}},{"type":"Feature","id":21975,"properties":{"OBJECTID":21975,"PRIMENAME":"Beaver Dam Road","ELEVTYP_F":0,"ELEVTYP_T":0},"geometry":{"type":"LineString","coordinates":[[-74.0700268080417,40.0754789861249],[-74.0699649541553,40.0756219884929],[-74.069881626686,40.0758533015984],[-74.0698137135372,40.076042970648]]}},{"type":"Feature","id":22266,"properties":{"OBJECTID":22266,"PRIMENAME":"Sinclaire Road","ELEVTYP_F":0,"ELEVTYP_T":0},"geometry":{"type":"LineString","coordinates":[[-74.0618723386238,40.0903265216131],[-74.0619837139882,40.0908511596651]]}},{"type":"Feature","id":22419,"properties":{"OBJECTID":22419,"PRIMENAME":"Arnold Avenue","ELEVTYP_F":0,"ELEVTYP_T":0},"geometry":{"type":"LineString","coordinates":[[-74.0572642338645,40.0911968933162],[-74.056538124979,40.0912221687186],[-74.0564470968711,40.0912256913658]]}},{"type":"Feature","id":22763,"properties":{"OBJECTID":22763,"PRIMENAME":"Jordan Drive","ELEVTYP_F":0,"ELEVTYP_T":0},"geometry":{"type":"LineString","coordinates":[[-74.066137015184,40.0984688054432],[-74.0662795290742,40.0983133504007],[-74.0664915006552,40.0980848002208]]}},{"type":"Feature","id":22850,"properties":{"OBJECTID":22850,"PRIMENAME":"Bay Point Place","ELEVTYP_F":0,"ELEVTYP_T":0},"geometry":{"type":"LineString","coordinates":[[-74.0544242874328,40.0641548507912],[-74.0542131648512,40.0641700989239],[-74.0540437394612,40.0641853144341],[-74.0539114673277,40.0642070145542],[-74.0537832198358,40.0642414145173],[-74.0536342331172,40.0642947859443],[-74.053439570921,40.0643829019921],[-74.053217444659,40.0645016867596]]}},{"type":"Feature","id":23410,"properties":{"OBJECTID":23410,"PRIMENAME":"Susan Lane","ELEVTYP_F":0,"ELEVTYP_T":0},"geometry":{"type":"LineString","coordinates":[[-74.0709907760363,40.0704206610124],[-74.0710407073861,40.0710681382874],[-74.0710239235157,40.0711062908147]]}},{"type":"Feature","id":23439,"properties":{"OBJECTID":23439,"PRIMENAME":"Oak Street","ELEVTYP_F":0,"ELEVTYP_T":0},"geometry":{"type":"LineString","coordinates":[[-74.0729821887177,40.0802310933655],[-74.0747812906336,40.0806486849058]]}},{"type":"Feature","id":24171,"properties":{"OBJECTID":24171,"PRIMENAME":"Center Street","ELEVTYP_F":0,"ELEVTYP_T":0},"geometry":{"type":"LineString","coordinates":[[-74.0704045681703,40.0654374273852],[-74.0703965174962,40.0651945456874],[-74.0703847135414,40.0639992814463],[-74.0703737826353,40.0628923685616]]}},{"type":"Feature","id":24188,"properties":{"OBJECTID":24188,"PRIMENAME":"Bay Boulevard","ELEVTYP_F":0,"ELEVTYP_T":0},"geometry":{"type":"LineString","coordinates":[[-74.0580957937216,40.0671966489357],[-74.058928798758,40.0677861424433],[-74.0598042046147,40.0684020634088]]}},{"type":"Feature","id":24356,"properties":{"OBJECTID":24356,"PRIMENAME":"Pleasant Place","ELEVTYP_F":0,"ELEVTYP_T":0},"geometry":{"type":"LineString","coordinates":[[-74.0852319240487,40.0877194464742],[-74.0847620627122,40.0884527118814],[-74.0843192503923,40.0891525170565],[-74.0841680920296,40.0893914001159],[-74.0841188731652,40.0894761848062],[-74.0839879497336,40.0897017154459]]}},{"type":"Feature","id":24368,"properties":{"OBJECTID":24368,"PRIMENAME":"River Avenue","ELEVTYP_F":0,"ELEVTYP_T":0},"geometry":{"type":"LineString","coordinates":[[-74.0740811454189,40.0829401006613],[-74.0741967428637,40.0823870696155],[-74.0742119789453,40.0823050409606],[-74.0742056264925,40.0822117868768]]}},{"type":"Feature","id":24460,"properties":{"OBJECTID":24460,"PRIMENAME":"Bridge Avenue","ELEVTYP_F":0,"ELEVTYP_T":0},"geometry":{"type":"LineString","coordinates":[[-74.0876676488558,40.0794129858898],[-74.0875022629313,40.0789017947076],[-74.0874998318591,40.0788954595777],[-74.0874340748972,40.0787241764498],[-74.0872872444663,40.0784845363368]]}},{"type":"Feature","id":25440,"properties":{"OBJECTID":25440,"PRIMENAME":"Unnamed Segment","ELEVTYP_F":0,"ELEVTYP_T":0},"geometry":{"type":"LineString","coordinates":[[-74.0597741843632,40.0626629574538],[-74.0598678320379,40.062374285382],[-74.05988220813,40.0623444161783],[-74.0599142704427,40.0623145862345],[-74.0602023932979,40.0621089301004]]}},{"type":"Feature","id":25758,"properties":{"OBJECTID":25758,"PRIMENAME":"River Road","ELEVTYP_F":0,"ELEVTYP_T":0},"geometry":{"type":"LineString","coordinates":[[-74.0753875108411,40.0872964981719],[-74.075341617737,40.0872897431772],[-74.0745192291552,40.0871687023231]]}},{"type":"Feature","id":26416,"properties":{"OBJECTID":26416,"PRIMENAME":"Cardinal Drive","ELEVTYP_F":0,"ELEVTYP_T":0},"geometry":{"type":"LineString","coordinates":[[-74.0758755213864,40.0673914196121],[-74.076020644566,40.0674062538442],[-74.0761247305719,40.0674238208831],[-74.0762251183147,40.0674441736621],[-74.0762706722765,40.0674564195094],[-74.0763000441858,40.0674676370103],[-74.0763068193585,40.067470223366],[-74.0763773366595,40.067501943428],[-74.076562894954,40.0675941234261],[-74.0778579188361,40.0682394158602],[-74.0779060701336,40.0682767629976],[-74.0779540154499,40.0683359070905]]}},{"type":"Feature","id":26574,"properties":{"OBJECTID":26574,"PRIMENAME":"Davis Avenue","ELEVTYP_F":0,"ELEVTYP_T":0},"geometry":{"type":"LineString","coordinates":[[-74.0634438681301,40.0885742182885],[-74.0632636346021,40.0876427675089]]}},{"type":"Feature","id":29034,"properties":{"OBJECTID":29034,"PRIMENAME":"Rispo Lane","ELEVTYP_F":0,"ELEVTYP_T":0},"geometry":{"type":"LineString","coordinates":[[-74.0858061631861,40.0816395796999],[-74.085197530823,40.0817672008663]]}},{"type":"Feature","id":29040,"properties":{"OBJECTID":29040,"PRIMENAME":"Rue Rivoli","ELEVTYP_F":0,"ELEVTYP_T":0},"geometry":{"type":"LineString","coordinates":[[-74.0653424753232,40.0692892061196],[-74.0654241892248,40.0688969312941]]}},{"type":"Feature","id":29192,"properties":{"OBJECTID":29192,"PRIMENAME":"Burnt Tavern Road","ELEVTYP_F":0,"ELEVTYP_T":0},"geometry":{"type":"LineString","coordinates":[[-74.0599479294177,40.0786281344205],[-74.0599055076277,40.0786116662158],[-74.0598349313158,40.078588529472],[-74.0596120348686,40.0785161663895],[-74.0592492182305,40.078399333893]]}},{"type":"Feature","id":30109,"properties":{"OBJECTID":30109,"PRIMENAME":"Richard Road","ELEVTYP_F":0,"ELEVTYP_T":0},"geometry":{"type":"LineString","coordinates":[[-74.0641579589476,40.088829586448],[-74.0642340279003,40.0892937757278],[-74.0642566028556,40.0893690548981],[-74.0642850366604,40.0894222558286],[-74.0643248744443,40.0894975999158]]}},{"type":"Feature","id":30784,"properties":{"OBJECTID":30784,"PRIMENAME":"Shadow Way","ELEVTYP_F":0,"ELEVTYP_T":0},"geometry":{"type":"LineString","coordinates":[[-74.0819153933474,40.06290681037],[-74.0818225653418,40.0628778692373],[-74.0816887220097,40.0628545173816],[-74.0810934549666,40.0628094574053],[-74.0810004708764,40.0628062659535],[-74.0808924804157,40.062814467991],[-74.08080675162,40.0628341713052],[-74.0807433007935,40.0628625207974],[-74.0806797445619,40.0629080551559],[-74.0804475327816,40.0631474301307]]}},{"type":"Feature","id":31724,"properties":{"OBJECTID":31724,"PRIMENAME":"Rue Lafayette","ELEVTYP_F":0,"ELEVTYP_T":0},"geometry":{"type":"LineString","coordinates":[[-74.059180095712,40.0689181717063],[-74.0593817668346,40.0687360185929],[-74.0598042046147,40.0684020634088]]}},{"type":"Feature","id":32303,"properties":{"OBJECTID":32303,"PRIMENAME":"Unnamed Segment","ELEVTYP_F":0,"ELEVTYP_T":0},"geometry":{"type":"LineString","coordinates":[[-74.0650631723827,40.081043709781],[-74.0649694503339,40.0808912659344],[-74.0648008528344,40.0807688301485],[-74.0647921924848,40.080431071932],[-74.0645760437625,40.08041918747],[-74.0644538027741,40.0803744354511],[-74.0646666917441,40.0797662229793]]}},{"type":"Feature","id":33112,"properties":{"OBJECTID":33112,"PRIMENAME":"Beaver Dam Road","ELEVTYP_F":0,"ELEVTYP_T":0},"geometry":{"type":"LineString","coordinates":[[-74.0721372921833,40.07026034679],[-74.0721562343864,40.0704768852369],[-74.0721979483058,40.0709489051664],[-74.0722025045926,40.071008797475]]}},{"type":"Feature","id":34413,"properties":{"OBJECTID":34413,"PRIMENAME":"Willow Street","ELEVTYP_F":0,"ELEVTYP_T":0},"geometry":{"type":"LineString","coordinates":[[-74.0772221861098,40.0777776691846],[-74.0775304572883,40.0778471798845],[-74.0788354124761,40.0781547681565]]}},{"type":"Feature","id":35072,"properties":{"OBJECTID":35072,"PRIMENAME":"South Street","ELEVTYP_F":0,"ELEVTYP_T":0},"geometry":{"type":"LineString","coordinates":[[-74.0552463164403,40.0756554914431],[-74.0559434749586,40.075654854895],[-74.0560216268435,40.0756608369119],[-74.0560848769065,40.0756668167168],[-74.0561443010868,40.0756842026244],[-74.056200006824,40.0757072846545],[-74.0564299701561,40.0758339832956],[-74.0564633424078,40.0758570076045],[-74.0564967342637,40.0758714105391],[-74.0565106548505,40.0758739353348]]}},{"type":"Feature","id":35951,"properties":{"OBJECTID":35951,"PRIMENAME":"Lakewood Road","ELEVTYP_F":0,"ELEVTYP_T":0},"geometry":{"type":"LineString","coordinates":[[-74.0684675376452,40.0828386679187],[-74.068288280002,40.0828929341677]]}},{"type":"Feature","id":36151,"properties":{"OBJECTID":36151,"PRIMENAME":"Osprey Court","ELEVTYP_F":0,"ELEVTYP_T":0},"geometry":{"type":"LineString","coordinates":[[-74.0749069750732,40.0651137793603],[-74.0762631884063,40.0633009848726]]}},{"type":"Feature","id":36568,"properties":{"OBJECTID":36568,"PRIMENAME":"Carroll Fox Road","ELEVTYP_F":0,"ELEVTYP_T":0},"geometry":{"type":"LineString","coordinates":[[-74.0843056931913,40.0611930476776],[-74.0842746068026,40.0612053180104],[-74.0841216464646,40.0612648085745],[-74.0839985181317,40.061312987026],[-74.0838978244772,40.06134979717],[-74.0838083651822,40.0613723445239],[-74.0837115089516,40.0613891548153],[-74.0836451290716,40.0613941871606]]}},{"type":"Feature","id":36603,"properties":{"OBJECTID":36603,"PRIMENAME":"Arnold Avenue","ELEVTYP_F":0,"ELEVTYP_T":0},"geometry":{"type":"LineString","coordinates":[[-74.0536767509097,40.0914396438385],[-74.0532802865423,40.0914701540423],[-74.0524197716023,40.0915354649443],[-74.0518050894398,40.0915816805168]]}},{"type":"Feature","id":37280,"properties":{"OBJECTID":37280,"PRIMENAME":"Riviera Court","ELEVTYP_F":0,"ELEVTYP_T":0},"geometry":{"type":"LineString","coordinates":[[-74.0571493084692,40.0653011219593],[-74.055558378611,40.0641643409054]]}},{"type":"Feature","id":37715,"properties":{"OBJECTID":37715,"PRIMENAME":"River Avenue","ELEVTYP_F":0,"ELEVTYP_T":0},"geometry":{"type":"LineString","coordinates":[[-74.0729512148243,40.0882374211509],[-74.0729827872065,40.0880894331394],[-74.0732138211838,40.0870065113947]]}},{"type":"Feature","id":39450,"properties":{"OBJECTID":39450,"PRIMENAME":"West End Drive","ELEVTYP_F":0,"ELEVTYP_T":0},"geometry":{"type":"LineString","coordinates":[[-74.0714609164444,40.0615602437643],[-74.071550607214,40.0614671795948],[-74.071636065624,40.0614052592907],[-74.071741723207,40.0613527195829],[-74.0718350578958,40.0613281648048],[-74.0719567056506,40.0613068435786],[-74.0720701809895,40.0613010308504],[-74.0723291538593,40.0612937241179]]}},{"type":"Feature","id":39583,"properties":{"OBJECTID":39583,"PRIMENAME":"Midwood Drive","ELEVTYP_F":0,"ELEVTYP_T":0},"geometry":{"type":"LineString","coordinates":[[-74.0869182890115,40.0639092305612],[-74.0861060774436,40.0637307131444]]}},{"type":"Feature","id":40525,"properties":{"OBJECTID":40525,"PRIMENAME":"Herbertsville Road","ELEVTYP_F":0,"ELEVTYP_T":0},"geometry":{"type":"LineString","coordinates":[[-74.0863056661865,40.0880921745726],[-74.0865860467195,40.0881904692453],[-74.0868451105512,40.0882910209056],[-74.0870230551261,40.0883831297479],[-74.0871578513208,40.0884584199362],[-74.0872548737222,40.0885210845799],[-74.0873356567089,40.0885795454048],[-74.0873640749334,40.08860737265],[-74.0874378852568,40.0886796468014],[-74.0875398322519,40.0888087647069],[-74.0876623003191,40.0889489647305]]}},{"type":"Feature","id":40965,"properties":{"OBJECTID":40965,"PRIMENAME":"Trenton Avenue","ELEVTYP_F":0,"ELEVTYP_T":0},"geometry":{"type":"LineString","coordinates":[[-74.0587868004029,40.0893473611456],[-74.0584404633116,40.0893226243831]]}},{"type":"Feature","id":41158,"properties":{"OBJECTID":41158,"PRIMENAME":"Old Drift Road","ELEVTYP_F":0,"ELEVTYP_T":0},"geometry":{"type":"LineString","coordinates":[[-74.0722957728278,40.0752604608391],[-74.0722222468022,40.0753355531342],[-74.0718042109721,40.0758195188381],[-74.0717608271293,40.0759049847468],[-74.0717355172932,40.07598060712],[-74.0717072212557,40.0760477906533],[-74.0716709192311,40.0761088594899],[-74.0716626530335,40.0761227653634],[-74.0714784295245,40.0764137737775],[-74.0713395378642,40.0765991460259],[-74.071298705709,40.0766479161152]]}},{"type":"Feature","id":41632,"properties":{"OBJECTID":41632,"PRIMENAME":"Nicholas Road","ELEVTYP_F":0,"ELEVTYP_T":0},"geometry":{"type":"LineString","coordinates":[[-74.0919543985617,40.0630045923105],[-74.0917927664484,40.0629792051404],[-74.0917474425143,40.0629722469809]]}},{"type":"Feature","id":41926,"properties":{"OBJECTID":41926,"PRIMENAME":"Eastham Road","ELEVTYP_F":0,"ELEVTYP_T":0},"geometry":{"type":"LineString","coordinates":[[-74.0874047075099,40.0904214861717],[-74.0870903349551,40.0900197147548],[-74.086975784686,40.0898763305148],[-74.0869054641247,40.0898074461232],[-74.086827587979,40.0897585490184],[-74.0867570077145,40.0897268360737],[-74.0866715413052,40.0897036625733],[-74.086578534167,40.0896861724853],[-74.0864892115094,40.0896801432722],[-74.0864110589905,40.0896769820462],[-74.0863179324214,40.0896852421102],[-74.086250810627,40.0897021605682],[-74.0861799368635,40.0897247759715],[-74.0860417671011,40.0897872325598],[-74.0858101927308,40.0899093402323],[-74.085100509113,40.0902785710424],[-74.0850332649046,40.0903155017293],[-74.0849846427508,40.0903524990966],[-74.0849360205444,40.0903894964429],[-74.0849097551699,40.0904237186907],[-74.0848759155623,40.0904750719706],[-74.0848419719815,40.0905493204568],[-74.0848266328582,40.0906207534],[-74.08483000165,40.0906779504049],[-74.0848334600147,40.09072658215],[-74.0848406516482,40.0907666346739],[-74.0848552784362,40.0908124521521],[-74.0848848097709,40.0908525847334],[-74.0849143236321,40.0908955994583],[-74.0849771911049,40.0909673126341],[-74.0851363143292,40.091128016645],[-74.0853547463529,40.0913346978027],[-74.0856509519088,40.0916074063681],[-74.08621378682,40.0921270467375],[-74.0862765874641,40.0922102076503],[-74.0863319353791,40.09229048582],[-74.0863613123289,40.0923563682412],[-74.0863869390529,40.092433658034],[-74.0864014270176,40.092496632086],[-74.0864121658956,40.0925710135199],[-74.0864228325363,40.0926511330005],[-74.0864181089902,40.0927524178255]]}},{"type":"Feature","id":43366,"properties":{"OBJECTID":43366,"PRIMENAME":"Summit Drive","ELEVTYP_F":0,"ELEVTYP_T":0},"geometry":{"type":"LineString","coordinates":[[-74.0863303298672,40.0855587748175],[-74.0860676535217,40.0858735473065],[-74.0856587641313,40.0863811227567],[-74.0847024379596,40.0875244166371]]}},{"type":"Feature","id":44388,"properties":{"OBJECTID":44388,"PRIMENAME":"Carroll Fox Road","ELEVTYP_F":0,"ELEVTYP_T":0},"geometry":{"type":"LineString","coordinates":[[-74.0814926006891,40.0608165834994],[-74.0814819988764,40.0608091874127],[-74.0814411424652,40.0607947367572],[-74.0813890859224,40.0607831287494],[-74.0813333314844,40.0607743337411],[-74.0797556395464,40.0607200021927],[-74.0796774852106,40.0607225738884],[-74.0796178744916,40.0607309502538],[-74.0795619796024,40.0607450504886],[-74.0795134272565,40.0607677429686],[-74.0794723613883,40.0607933457315],[-74.0794349741045,40.0608189059899],[-74.0794087699685,40.0608445896983],[-74.0793829138768,40.0608718112523],[-74.0793525760809,40.0609015709037],[-74.0793400337006,40.0609076473987]]}},{"type":"Feature","id":44907,"properties":{"OBJECTID":44907,"PRIMENAME":"Trenton Avenue","ELEVTYP_F":0,"ELEVTYP_T":0},"geometry":{"type":"LineString","coordinates":[[-74.0554761637879,40.0891259650758],[-74.0554398569633,40.0891235334834],[-74.0550662686185,40.089098515419]]}},{"type":"Feature","id":45280,"properties":{"OBJECTID":45280,"PRIMENAME":"William Street","ELEVTYP_F":0,"ELEVTYP_T":0},"geometry":{"type":"LineString","coordinates":[[-74.0616327506143,40.0796380457848],[-74.0615264482357,40.0799748503783],[-74.0613279475785,40.0806723161338],[-74.0613704828638,40.0807016821679],[-74.0614665373311,40.0807679936694]]}},{"type":"Feature","id":45370,"properties":{"OBJECTID":45370,"PRIMENAME":"Old Farm Road","ELEVTYP_F":0,"ELEVTYP_T":0},"geometry":{"type":"LineString","coordinates":[[-74.059810383454,40.0804081426036],[-74.059582625138,40.0803518762028]]}},{"type":"Feature","id":45397,"properties":{"OBJECTID":45397,"PRIMENAME":"Bay Avenue","ELEVTYP_F":0,"ELEVTYP_T":0},"geometry":{"type":"LineString","coordinates":[[-74.0550625358724,40.0748314751219],[-74.0550871771132,40.0750591840796]]}},{"type":"Feature","id":47509,"properties":{"OBJECTID":47509,"PRIMENAME":"River Road","ELEVTYP_F":0,"ELEVTYP_T":0},"geometry":{"type":"LineString","coordinates":[[-74.0745192291552,40.0871687023231],[-74.0742334983905,40.087135147389]]}},{"type":"Feature","id":47623,"properties":{"OBJECTID":47623,"PRIMENAME":"Bay Avenue","ELEVTYP_F":0,"ELEVTYP_T":0},"geometry":{"type":"LineString","coordinates":[[-74.0519477719577,40.0877618823293],[-74.0518627456189,40.0886276170714]]}},{"type":"Feature","id":47840,"properties":{"OBJECTID":47840,"PRIMENAME":"School Street","ELEVTYP_F":0,"ELEVTYP_T":0},"geometry":{"type":"LineString","coordinates":[[-74.0736912265069,40.0783316374526],[-74.073929379935,40.0777015299541]]}},{"type":"Feature","id":48394,"properties":{"OBJECTID":48394,"PRIMENAME":"South Richmond Avenue","ELEVTYP_F":0,"ELEVTYP_T":0},"geometry":{"type":"LineString","coordinates":[[-74.0490634587594,40.0787669739665],[-74.0483695387552,40.0799726214572],[-74.0482662933305,40.0801544776918]]}},{"type":"Feature","id":48430,"properties":{"OBJECTID":48430,"PRIMENAME":"Patterson Road","ELEVTYP_F":0,"ELEVTYP_T":0},"geometry":{"type":"LineString","coordinates":[[-74.0665022799292,40.0728150325497],[-74.0665144128351,40.0716792554529]]}},{"type":"Feature","id":48529,"properties":{"OBJECTID":48529,"PRIMENAME":"Bradley Road","ELEVTYP_F":0,"ELEVTYP_T":0},"geometry":{"type":"LineString","coordinates":[[-74.062422428553,40.0895411073324],[-74.0626087793444,40.0903758101068]]}},{"type":"Feature","id":48762,"properties":{"OBJECTID":48762,"PRIMENAME":"Bennett Avenue","ELEVTYP_F":0,"ELEVTYP_T":0},"geometry":{"type":"LineString","coordinates":[[-74.075989291809,40.0688380184741],[-74.0754403300645,40.0685730608639],[-74.0753883215574,40.0685585942394],[-74.0753324553225,40.0685612446729],[-74.0752877552941,40.0685667632974],[-74.0752057511559,40.0685893592135],[-74.0748141156198,40.06871662287],[-74.0747059385669,40.0687533974885],[-74.0746313843718,40.0687731372202],[-74.0745568478968,40.0687900217654],[-74.074467427959,40.0688039963918],[-74.0743029261866,40.0688194253205]]}},{"type":"Feature","id":48792,"properties":{"OBJECTID":48792,"PRIMENAME":"Comanche Avenue","ELEVTYP_F":0,"ELEVTYP_T":0},"geometry":{"type":"LineString","coordinates":[[-74.0884667191987,40.0742013089629],[-74.0884415385385,40.0741396417246],[-74.0882207968635,40.0737070454117],[-74.0881225678388,40.0735574331033]]}},{"type":"Feature","id":48908,"properties":{"OBJECTID":48908,"PRIMENAME":"Bridge Avenue","ELEVTYP_F":0,"ELEVTYP_T":0},"geometry":{"type":"LineString","coordinates":[[-74.0714052429371,40.0723088909955],[-74.0711964077261,40.0722977133797],[-74.0706808811146,40.0722780144493],[-74.0702306905949,40.0722675328446],[-74.0699615484514,40.0722487994133],[-74.0698230650144,40.0722393629933],[-74.0696769897405,40.0722210858134],[-74.0694079601076,40.0721787686305],[-74.0689773700372,40.0721032636171],[-74.0689715566067,40.0721022620322],[-74.0684345652957,40.0720098097166],[-74.0680472472285,40.0719431235152],[-74.0679670015614,40.0719292778407],[-74.0670364956867,40.0717687291897]]}},{"type":"Feature","id":48941,"properties":{"OBJECTID":48941,"PRIMENAME":"Mount Place","ELEVTYP_F":0,"ELEVTYP_T":0},"geometry":{"type":"LineString","coordinates":[[-74.0544866844221,40.0701371788019],[-74.0546430515481,40.070132041695],[-74.054736135448,40.0701323994942],[-74.0548030965522,40.07013839516],[-74.0561531593678,40.0703065650683],[-74.0562134962242,40.070309238899]]}},{"type":"Feature","id":49032,"properties":{"OBJECTID":49032,"PRIMENAME":"River Avenue","ELEVTYP_F":0,"ELEVTYP_T":0},"geometry":{"type":"LineString","coordinates":[[-74.0506963556683,40.095898257312],[-74.0509023693788,40.0945817468038],[-74.0510519752701,40.0936448022932]]}},{"type":"Feature","id":49043,"properties":{"OBJECTID":49043,"PRIMENAME":"Marcia Avenue","ELEVTYP_F":0,"ELEVTYP_T":0},"geometry":{"type":"LineString","coordinates":[[-74.0506216689588,40.0860299427527],[-74.0506664953152,40.086007248071],[-74.0506815683331,40.0859815557543],[-74.0506966976508,40.0859472980732],[-74.0509601905301,40.0849901446665]]}},{"type":"Feature","id":49073,"properties":{"OBJECTID":49073,"PRIMENAME":"Curtis Avenue","ELEVTYP_F":0,"ELEVTYP_T":0},"geometry":{"type":"LineString","coordinates":[[-74.0783687860789,40.0794120189054],[-74.0781313231488,40.0800517744325]]}},{"type":"Feature","id":49130,"properties":{"OBJECTID":49130,"PRIMENAME":"Central Avenue","ELEVTYP_F":0,"ELEVTYP_T":0},"geometry":{"type":"LineString","coordinates":[[-74.0719271756601,40.0826742936107],[-74.0719501938556,40.08255998166],[-74.0719655630085,40.082491405648],[-74.0722644377615,40.0817289813286],[-74.0726163070933,40.0808294589895]]}},{"type":"Feature","id":49131,"properties":{"OBJECTID":49131,"PRIMENAME":"Bay Isle Drive","ELEVTYP_F":0,"ELEVTYP_T":0},"geometry":{"type":"LineString","coordinates":[[-74.0597741843632,40.0626629574538],[-74.0595758026704,40.0626425196732],[-74.0573390119992,40.062484374979],[-74.0572469043459,40.0624894587171],[-74.0571618532641,40.0625027224525],[-74.0570661032801,40.0625241271423],[-74.0569774274045,40.0625509945025],[-74.0568780504004,40.0625859739633],[-74.0567785862341,40.0626345697227],[-74.0565972730829,40.0627481363977]]}},{"type":"Feature","id":49476,"properties":{"OBJECTID":49476,"PRIMENAME":"Mahoney Drive","ELEVTYP_F":0,"ELEVTYP_T":0},"geometry":{"type":"LineString","coordinates":[[-74.0666995102503,40.0794501937043],[-74.0674441928617,40.0795532031488],[-74.0685042938871,40.0796998354835]]}},{"type":"Feature","id":49521,"properties":{"OBJECTID":49521,"PRIMENAME":"Quail Place","ELEVTYP_F":0,"ELEVTYP_T":0},"geometry":{"type":"LineString","coordinates":[[-74.0761240644596,40.0952180524925],[-74.0761913145378,40.0952567877954],[-74.076708741662,40.0955546792866],[-74.0773910234426,40.0959474723802],[-74.077427792273,40.0959673172439]]}},{"type":"Feature","id":49663,"properties":{"OBJECTID":49663,"PRIMENAME":"Middle Avenue","ELEVTYP_F":0,"ELEVTYP_T":0},"geometry":{"type":"LineString","coordinates":[[-74.0704269943857,40.0661163197057],[-74.0685928320065,40.0661444251612]]}},{"type":"Feature","id":50240,"properties":{"OBJECTID":50240,"PRIMENAME":"Trenton Avenue","ELEVTYP_F":0,"ELEVTYP_T":0},"geometry":{"type":"LineString","coordinates":[[-74.0550662686185,40.089098515419],[-74.0548418260188,40.0890835158592]]}},{"type":"Feature","id":50617,"properties":{"OBJECTID":50617,"PRIMENAME":"Kenneth Road","ELEVTYP_F":0,"ELEVTYP_T":0},"geometry":{"type":"LineString","coordinates":[[-74.0701073016203,40.0740120289391],[-74.0673691961081,40.0736303392074],[-74.0664946874551,40.0735110525685]]}},{"type":"Feature","id":50666,"properties":{"OBJECTID":50666,"PRIMENAME":"Summit Road","ELEVTYP_F":0,"ELEVTYP_T":0},"geometry":{"type":"LineString","coordinates":[[-74.0866156139074,40.0852169030852],[-74.0872777859776,40.0855379401161],[-74.0873140419415,40.0855535260737],[-74.0873464756848,40.0855626188206],[-74.0873794937684,40.0855697086977],[-74.0874132088495,40.0855738098472],[-74.0874787158469,40.085575031204],[-74.0874859366811,40.0855748650704]]}},{"type":"Feature","id":50731,"properties":{"OBJECTID":50731,"PRIMENAME":"River Road","ELEVTYP_F":0,"ELEVTYP_T":0},"geometry":{"type":"LineString","coordinates":[[-74.0792866501465,40.0887723305159],[-74.0789037955972,40.0886462196518],[-74.0784616680235,40.0884930151872],[-74.0783130832309,40.0884352894438],[-74.078223955995,40.088397793394],[-74.0781572582688,40.0883517863549],[-74.0780831238903,40.0882943314144],[-74.0780129209903,40.0882139951531],[-74.0779537973473,40.0881336992151],[-74.0779095082743,40.088070642508],[-74.0778651487357,40.0880190063038],[-74.0778170365634,40.087973093815],[-74.0777540558826,40.0879213617783],[-74.077676152125,40.0878724584175],[-74.0776093481722,40.087837898471],[-74.0775314114193,40.0878061251576],[-74.0774124414646,40.0877742849707],[-74.0768845263056,40.0876465131782],[-74.0758807951511,40.0873997718616],[-74.0754569316075,40.0873067178749],[-74.0753875108411,40.0872964981719]]}},{"type":"Feature","id":50911,"properties":{"OBJECTID":50911,"PRIMENAME":"North Stream Parkway","ELEVTYP_F":0,"ELEVTYP_T":0},"geometry":{"type":"LineString","coordinates":[[-74.0822179310687,40.0779121405398],[-74.0823480467525,40.0775678799357],[-74.0824132698222,40.077350959557]]}},{"type":"Feature","id":50944,"properties":{"OBJECTID":50944,"PRIMENAME":"Nancy Drive","ELEVTYP_F":0,"ELEVTYP_T":0},"geometry":{"type":"LineString","coordinates":[[-74.0786489135946,40.086199408811],[-74.0779362106146,40.0860388760297],[-74.0778571873698,40.0860215604888],[-74.0771050534185,40.0858567411122],[-74.076808303625,40.0857925954063],[-74.0760450886017,40.0856276133774]]}},{"type":"Feature","id":51040,"properties":{"OBJECTID":51040,"PRIMENAME":"Harbor Place","ELEVTYP_F":0,"ELEVTYP_T":0},"geometry":{"type":"LineString","coordinates":[[-74.0766027134693,40.0615258074793],[-74.0759099805233,40.0613156993564]]}},{"type":"Feature","id":51298,"properties":{"OBJECTID":51298,"PRIMENAME":"Charles Street","ELEVTYP_F":0,"ELEVTYP_T":0},"geometry":{"type":"LineString","coordinates":[[-74.0585759570721,40.0761310156239],[-74.0584872486566,40.0766139636448],[-74.0582259648353,40.0778712570395],[-74.0582142979689,40.077945555778],[-74.0582213799011,40.0780055959837],[-74.0582236569012,40.0780513139539]]}},{"type":"Feature","id":51410,"properties":{"OBJECTID":51410,"PRIMENAME":"Center Street","ELEVTYP_F":0,"ELEVTYP_T":0},"geometry":{"type":"LineString","coordinates":[[-74.0704412628474,40.0665468122478],[-74.0704269943857,40.0661163197057]]}},{"type":"Feature","id":51698,"properties":{"OBJECTID":51698,"PRIMENAME":"Front Street","ELEVTYP_F":0,"ELEVTYP_T":0},"geometry":{"type":"LineString","coordinates":[[-74.0644369332469,40.0858408506968],[-74.0648034861941,40.0859217594995],[-74.0649485005791,40.0859537653914],[-74.0651232885845,40.0859858837801],[-74.0652979069319,40.086010779518]]}},{"type":"Feature","id":51828,"properties":{"OBJECTID":51828,"PRIMENAME":"Adelaide Road","ELEVTYP_F":0,"ELEVTYP_T":0},"geometry":{"type":"LineString","coordinates":[[-74.0884454444925,40.0885857174265],[-74.0876623003191,40.0889489647305]]}},{"type":"Feature","id":52080,"properties":{"OBJECTID":52080,"PRIMENAME":"Herbertsville Road","ELEVTYP_F":0,"ELEVTYP_T":0},"geometry":{"type":"LineString","coordinates":[[-74.0777616325325,40.084137904417],[-74.0780302290939,40.0842704113027],[-74.0783586964851,40.0844311929797]]}},{"type":"Feature","id":52504,"properties":{"OBJECTID":52504,"PRIMENAME":"Donna Drive","ELEVTYP_F":0,"ELEVTYP_T":0},"geometry":{"type":"LineString","coordinates":[[-74.0563144941238,40.0742058136022],[-74.0574290954564,40.0743868211196]]}},{"type":"Feature","id":52593,"properties":{"OBJECTID":52593,"PRIMENAME":"Riviera Parkway","ELEVTYP_F":0,"ELEVTYP_T":0},"geometry":{"type":"LineString","coordinates":[[-74.0587119975867,40.0666917442698],[-74.0588525743713,40.0667901230571],[-74.0601262637561,40.0676963654431],[-74.0604193940591,40.0678934944912]]}},{"type":"Feature","id":52668,"properties":{"OBJECTID":52668,"PRIMENAME":"Maple Drive","ELEVTYP_F":0,"ELEVTYP_T":0},"geometry":{"type":"LineString","coordinates":[[-74.0505152519074,40.0706773261804],[-74.0506242773402,40.0706935347036],[-74.0513878969345,40.0707987023124]]}},{"type":"Feature","id":52732,"properties":{"OBJECTID":52732,"PRIMENAME":"Cedar Road","ELEVTYP_F":0,"ELEVTYP_T":0},"geometry":{"type":"LineString","coordinates":[[-74.0690833692062,40.0845178826401],[-74.0689459730316,40.0851990876064]]}},{"type":"Feature","id":52825,"properties":{"OBJECTID":52825,"PRIMENAME":"Riverview Drive","ELEVTYP_F":0,"ELEVTYP_T":0},"geometry":{"type":"LineString","coordinates":[[-74.0746599516396,40.0967229640418],[-74.0737771184279,40.096129449363],[-74.0737458821481,40.096110065941]]}},{"type":"Feature","id":53109,"properties":{"OBJECTID":53109,"PRIMENAME":"Arnold Avenue","ELEVTYP_F":0,"ELEVTYP_T":0},"geometry":{"type":"LineString","coordinates":[[-74.0482522064269,40.0918579205383],[-74.0481317587168,40.0918668314375],[-74.0478637200272,40.0918866581355],[-74.0473423882408,40.0919287667338]]}},{"type":"Feature","id":53111,"properties":{"OBJECTID":53111,"PRIMENAME":"Bay Boulevard","ELEVTYP_F":0,"ELEVTYP_T":0},"geometry":{"type":"LineString","coordinates":[[-74.0598042046147,40.0684020634088],[-74.0607555016799,40.0690713596381],[-74.0609852688525,40.0692266555819],[-74.06110761997,40.0693043177115],[-74.0612115215367,40.0693504755879],[-74.0613002077986,40.0693896268953]]}},{"type":"Feature","id":53542,"properties":{"OBJECTID":53542,"PRIMENAME":"Carroll Fox Road","ELEVTYP_F":0,"ELEVTYP_T":0},"geometry":{"type":"LineString","coordinates":[[-74.0886978132292,40.0614528931454],[-74.08853792568,40.0614588590731],[-74.088378191208,40.0614573036072],[-74.0882703081541,40.0614483546412],[-74.0881885215868,40.0614309056922],[-74.0881217207928,40.0613992069008],[-74.0880661370605,40.0613618375381],[-74.0880217697746,40.0613130601806],[-74.0879923173818,40.0612557702226],[-74.087963020924,40.0611784394119],[-74.087944751208,40.0611211892103],[-74.0879079542943,40.0610552804621],[-74.087852542554,40.0609835950668],[-74.0877227320136,40.0608486123707]]}},{"type":"Feature","id":53598,"properties":{"OBJECTID":53598,"PRIMENAME":"Lynn Avenue","ELEVTYP_F":0,"ELEVTYP_T":0},"geometry":{"type":"LineString","coordinates":[[-74.0800853680707,40.079784754227],[-74.0801313865832,40.0796645937748],[-74.0802773555964,40.079278334291]]}},{"type":"Feature","id":54100,"properties":{"OBJECTID":54100,"PRIMENAME":"Pine Meadow Road","ELEVTYP_F":0,"ELEVTYP_T":0},"geometry":{"type":"LineString","coordinates":[[-74.0814652729246,40.0614406079717],[-74.0815055110288,40.0614161273853],[-74.0815298011908,40.0613761332321],[-74.0815381249452,40.0613238373388],[-74.081539198954,40.0611482774698],[-74.0815475203867,40.0611021035991],[-74.0815557514951,40.0610590043788],[-74.0815680722545,40.0610189949057],[-74.0816007798439,40.0609755445389]]}},{"type":"Feature","id":54357,"properties":{"OBJECTID":54357,"PRIMENAME":"Matt Robinson Lane","ELEVTYP_F":0,"ELEVTYP_T":0},"geometry":{"type":"LineString","coordinates":[[-74.0773894588841,40.0839537093169],[-74.0772800229817,40.0842481572144],[-74.0768941284239,40.0852307416448],[-74.0768499275793,40.0853432856604]]}},{"type":"Feature","id":54539,"properties":{"OBJECTID":54539,"PRIMENAME":"Unnamed Segment","ELEVTYP_F":0,"ELEVTYP_T":0},"geometry":{"type":"LineString","coordinates":[[-74.0853008324599,40.0709953415757],[-74.0854554746893,40.071015359951],[-74.0855559753757,40.0710186017507],[-74.0856491290558,40.0710074871288],[-74.0857050641375,40.070981936303],[-74.0857313734551,40.0709391482961],[-74.0857428533427,40.0708905698297],[-74.0857394488583,40.0708390820348],[-74.0857025443984,40.0707846201411],[-74.0856285628757,40.070710012181],[-74.0855507250241,40.070652521597],[-74.0854838638528,40.0706237033315],[-74.0854166634754,40.0706094615628]]}},{"type":"Feature","id":54660,"properties":{"OBJECTID":54660,"PRIMENAME":"Kilkare Parkway","ELEVTYP_F":0,"ELEVTYP_T":0},"geometry":{"type":"LineString","coordinates":[[-74.0660675885482,40.0763811686474],[-74.0658220431388,40.0763470031262],[-74.0648885122744,40.0762148554181],[-74.0647842886596,40.0762115537729],[-74.0647758301983,40.0762130792951]]}},{"type":"Feature","id":54665,"properties":{"OBJECTID":54665,"PRIMENAME":"Fisherman Place","ELEVTYP_F":0,"ELEVTYP_T":0},"geometry":{"type":"LineString","coordinates":[[-74.078484121252,40.0622696507977],[-74.0784969176485,40.0609756597606]]}},{"type":"Feature","id":54678,"properties":{"OBJECTID":54678,"PRIMENAME":"Roberts Drive","ELEVTYP_F":0,"ELEVTYP_T":0},"geometry":{"type":"LineString","coordinates":[[-74.0702646765986,40.0733305098453],[-74.0701073016203,40.0740120289391]]}},{"type":"Feature","id":54973,"properties":{"OBJECTID":54973,"PRIMENAME":"Bay Avenue","ELEVTYP_F":0,"ELEVTYP_T":0},"geometry":{"type":"LineString","coordinates":[[-74.0549737473869,40.0785511783173],[-74.0549138743134,40.0788494749414],[-74.0548633365137,40.0791135171027]]}},{"type":"Feature","id":55047,"properties":{"OBJECTID":55047,"PRIMENAME":"Mossbank Road","ELEVTYP_F":0,"ELEVTYP_T":0},"geometry":{"type":"LineString","coordinates":[[-74.0859752080334,40.073201754772],[-74.0857204146944,40.0735265485911],[-74.0849035911435,40.0745248988835]]}},{"type":"Feature","id":55053,"properties":{"OBJECTID":55053,"PRIMENAME":"George Street","ELEVTYP_F":0,"ELEVTYP_T":0},"geometry":{"type":"LineString","coordinates":[[-74.0605491804335,40.0805856595025],[-74.0604497571606,40.0804907338518],[-74.0604675111001,40.0804142342021],[-74.0606676646228,40.0793940641159],[-74.0607252876703,40.079114013927],[-74.0607256182638,40.0790625675829],[-74.0607244476703,40.0790500444088]]}},{"type":"Feature","id":55183,"properties":{"OBJECTID":55183,"PRIMENAME":"Bridge Avenue","ELEVTYP_F":0,"ELEVTYP_T":0},"geometry":{"type":"LineString","coordinates":[[-74.0741876681208,40.0728852090963],[-74.0740444227779,40.0728197009936],[-74.0738870799697,40.0727511208329],[-74.0737335604783,40.0726884018347],[-74.0735376966699,40.0726256645693],[-74.0733627688055,40.072580765771]]}},{"type":"Feature","id":55240,"properties":{"OBJECTID":55240,"PRIMENAME":"River Avenue","ELEVTYP_F":0,"ELEVTYP_T":0},"geometry":{"type":"LineString","coordinates":[[-74.0767811603539,40.0756169189216],[-74.0774735839257,40.0740102219849],[-74.0775566489356,40.0738225526977]]}},{"type":"Feature","id":55447,"properties":{"OBJECTID":55447,"PRIMENAME":"Bay Avenue","ELEVTYP_F":0,"ELEVTYP_T":0},"geometry":{"type":"LineString","coordinates":[[-74.0547367004655,40.071011371347],[-74.0547333530444,40.0711304230693],[-74.0547203426374,40.0714106430163],[-74.0547232584412,40.0715335899873],[-74.0547476462141,40.0717854800076]]}},{"type":"Feature","id":55690,"properties":{"OBJECTID":55690,"PRIMENAME":"Harbor Road","ELEVTYP_F":0,"ELEVTYP_T":0},"geometry":{"type":"LineString","coordinates":[[-74.0775774308728,40.0621861847063],[-74.0777069578809,40.0622081799376],[-74.0779338178558,40.0622347584191],[-74.0781272707249,40.062249766065],[-74.0783616510663,40.0622620401156],[-74.0784435064444,40.0622680754197],[-74.078484121252,40.0622696507977]]}},{"type":"Feature","id":55693,"properties":{"OBJECTID":55693,"PRIMENAME":"New Jersey Avenue","ELEVTYP_F":0,"ELEVTYP_T":0},"geometry":{"type":"LineString","coordinates":[[-74.0532994926358,40.0868918140823],[-74.0526820346912,40.0868553068715],[-74.052607604181,40.0868521642374],[-74.0525219495614,40.0868546885844],[-74.0524176163942,40.0868657332992],[-74.0520313573581,40.0868973766686]]}},{"type":"Feature","id":55717,"properties":{"OBJECTID":55717,"PRIMENAME":"Hunters Road","ELEVTYP_F":0,"ELEVTYP_T":0},"geometry":{"type":"LineString","coordinates":[[-74.0918373568607,40.06235043476],[-74.0920323338731,40.0623683347112]]}},{"type":"Feature","id":56173,"properties":{"OBJECTID":56173,"PRIMENAME":"River Avenue","ELEVTYP_F":0,"ELEVTYP_T":0},"geometry":{"type":"LineString","coordinates":[[-74.0755217762839,40.0787594372633],[-74.0757000743103,40.0783043673896],[-74.0757685557237,40.0781302628106]]}},{"type":"Feature","id":56182,"properties":{"OBJECTID":56182,"PRIMENAME":"Pacific Avenue","ELEVTYP_F":0,"ELEVTYP_T":0},"geometry":{"type":"LineString","coordinates":[[-74.0758777593251,40.0860517557344],[-74.0747849261918,40.0859124599991]]}},{"type":"Feature","id":56193,"properties":{"OBJECTID":56193,"PRIMENAME":"Hidden Harbor Drive","ELEVTYP_F":0,"ELEVTYP_T":0},"geometry":{"type":"LineString","coordinates":[[-74.0726305140034,40.0642826853085],[-74.0740594259169,40.06426635694],[-74.0740827492473,40.0642657716676],[-74.0741056679331,40.0642623972494],[-74.0741276199355,40.0642563180865],[-74.0741480697963,40.0642476799253],[-74.0741665144596,40.0642366961839],[-74.0741824997621,40.0642236354027],[-74.0741956403722,40.0642088195164],[-74.0742056105018,40.0641926094082],[-74.0745652155665,40.0634405371029],[-74.0746080812227,40.0634088251779],[-74.0746554664029,40.0633811676496],[-74.0747067240179,40.0633579440321],[-74.0747611558083,40.0633394688025],[-74.0748180158374,40.0633259950166]]}},{"type":"Feature","id":56194,"properties":{"OBJECTID":56194,"PRIMENAME":"Pacific Avenue","ELEVTYP_F":0,"ELEVTYP_T":0},"geometry":{"type":"LineString","coordinates":[[-74.0709129290938,40.0854209098843],[-74.0703597690465,40.0853508852286],[-74.0698220431185,40.085299089421]]}},{"type":"Feature","id":56253,"properties":{"OBJECTID":56253,"PRIMENAME":"Eastham Road","ELEVTYP_F":0,"ELEVTYP_T":0},"geometry":{"type":"LineString","coordinates":[[-74.0897607522412,40.0929090102901],[-74.0893077761071,40.0926192837916],[-74.0891297235014,40.0925071107106],[-74.0890221870033,40.0924323861318],[-74.0889678702538,40.0923881585873]]}},{"type":"Feature","id":56458,"properties":{"OBJECTID":56458,"PRIMENAME":"Howard Avenue","ELEVTYP_F":0,"ELEVTYP_T":0},"geometry":{"type":"LineString","coordinates":[[-74.0547571355259,40.0890778555706],[-74.0548188031008,40.0883983613379]]}},{"type":"Feature","id":56988,"properties":{"OBJECTID":56988,"PRIMENAME":"Rue Avenue","ELEVTYP_F":0,"ELEVTYP_T":0},"geometry":{"type":"LineString","coordinates":[[-74.058829240342,40.0879281137049],[-74.0584404633116,40.0893226243831]]}},{"type":"Feature","id":57189,"properties":{"OBJECTID":57189,"PRIMENAME":"Washington Avenue","ELEVTYP_F":0,"ELEVTYP_T":0},"geometry":{"type":"LineString","coordinates":[[-74.0472979563617,40.0847044391262],[-74.0487696551858,40.0845871907359]]}},{"type":"Feature","id":58037,"properties":{"OBJECTID":58037,"PRIMENAME":"Beach Boulevard","ELEVTYP_F":0,"ELEVTYP_T":0},"geometry":{"type":"LineString","coordinates":[[-74.0672059172829,40.0709436784181],[-74.0668768081941,40.0709040968844],[-74.0650520315606,40.0706834813467]]}},{"type":"Feature","id":58920,"properties":{"OBJECTID":58920,"PRIMENAME":"Curtis Avenue","ELEVTYP_F":0,"ELEVTYP_T":0},"geometry":{"type":"LineString","coordinates":[[-74.0788354124761,40.0781547681565],[-74.0785998850867,40.0787893429367]]}},{"type":"Feature","id":59850,"properties":{"OBJECTID":59850,"PRIMENAME":"Powhatan Avenue","ELEVTYP_F":0,"ELEVTYP_T":0},"geometry":{"type":"LineString","coordinates":[[-74.0813631234145,40.0777197648109],[-74.0822179310687,40.0779121405398]]}},{"type":"Feature","id":60248,"properties":{"OBJECTID":60248,"PRIMENAME":"Forman Avenue","ELEVTYP_F":0,"ELEVTYP_T":0},"geometry":{"type":"LineString","coordinates":[[-74.0456951101734,40.0891080164909],[-74.0467193101155,40.0890259632261],[-74.0478612452438,40.0889384852954]]}},{"type":"Feature","id":60516,"properties":{"OBJECTID":60516,"PRIMENAME":"Hollywood Boulevard","ELEVTYP_F":0,"ELEVTYP_T":0},"geometry":{"type":"LineString","coordinates":[[-74.0631702785219,40.0730962383272],[-74.0631741961898,40.0731093482927],[-74.0631991025778,40.0731710469855],[-74.0635324499475,40.0738467188428],[-74.0637132102389,40.0742426441094]]}},{"type":"Feature","id":60690,"properties":{"OBJECTID":60690,"PRIMENAME":"West Lake Avenue","ELEVTYP_F":0,"ELEVTYP_T":0},"geometry":{"type":"LineString","coordinates":[[-74.0484381123785,40.0724533776893],[-74.0483209798867,40.0729286027675]]}},{"type":"Feature","id":60838,"properties":{"OBJECTID":60838,"PRIMENAME":"Pearce Avenue","ELEVTYP_F":0,"ELEVTYP_T":0},"geometry":{"type":"LineString","coordinates":[[-74.0825102759829,40.0900572713464],[-74.0825504972792,40.0900380613313],[-74.0825758837048,40.0900250306336],[-74.0825975740535,40.0900084991327],[-74.0826208386835,40.0899799769835],[-74.0828087531086,40.0896799047438],[-74.0833752329521,40.0887917850207],[-74.0834576991635,40.0886624926983],[-74.0840177995017,40.0877808704265],[-74.0842885943838,40.0873271360938]]}},{"type":"Feature","id":60891,"properties":{"OBJECTID":60891,"PRIMENAME":"Cohocton Avenue","ELEVTYP_F":0,"ELEVTYP_T":0},"geometry":{"type":"LineString","coordinates":[[-74.0866531346139,40.0767076183161],[-74.088133799022,40.0764091490513]]}},{"type":"Feature","id":60979,"properties":{"OBJECTID":60979,"PRIMENAME":"Lakewood Road","ELEVTYP_F":0,"ELEVTYP_T":0},"geometry":{"type":"LineString","coordinates":[[-74.068288280002,40.0828929341677],[-74.0682814741746,40.0828953794043],[-74.0681247877976,40.0829521415707],[-74.0679884133167,40.0830015458581],[-74.067130131125,40.0833200657111],[-74.0669437591943,40.0833884360559]]}},{"type":"Feature","id":61053,"properties":{"OBJECTID":61053,"PRIMENAME":"Sudbury Road","ELEVTYP_F":0,"ELEVTYP_T":0},"geometry":{"type":"LineString","coordinates":[[-74.0893629096065,40.0897678120234],[-74.0895133535562,40.0897025667913],[-74.0896441751488,40.0896372257318],[-74.0897750290349,40.0895604080178],[-74.0899059875126,40.0894721706482],[-74.0900044788633,40.089385850181],[-74.0901142321734,40.0892751354994],[-74.0902118718339,40.0891637464734],[-74.0902122522709,40.0891632740551]]}},{"type":"Feature","id":61362,"properties":{"OBJECTID":61362,"PRIMENAME":"Bridge Avenue","ELEVTYP_F":0,"ELEVTYP_T":0},"geometry":{"type":"LineString","coordinates":[[-74.0852817538941,40.0762794151046],[-74.0852363092126,40.0762539131797],[-74.0850944392481,40.0761706070449],[-74.0849026654097,40.0760663933568],[-74.0847069966412,40.0759800378627],[-74.0845073433445,40.0758965508691],[-74.0844500505407,40.0758743008796]]}},{"type":"Feature","id":61406,"properties":{"OBJECTID":61406,"PRIMENAME":"River Avenue","ELEVTYP_F":0,"ELEVTYP_T":0},"geometry":{"type":"LineString","coordinates":[[-74.0747812906336,40.0806486849058],[-74.0749136191568,40.0803116339391],[-74.0750280486683,40.0800195130784]]}},{"type":"Feature","id":61911,"properties":{"OBJECTID":61911,"PRIMENAME":"Sylvan Drive","ELEVTYP_F":0,"ELEVTYP_T":0},"geometry":{"type":"LineString","coordinates":[[-74.0817919031312,40.0669224477377],[-74.0810641326994,40.0666225275532]]}},{"type":"Feature","id":62069,"properties":{"OBJECTID":62069,"PRIMENAME":"Austin Avenue","ELEVTYP_F":0,"ELEVTYP_T":0},"geometry":{"type":"LineString","coordinates":[[-74.0773248783369,40.0824447571816],[-74.0755325209549,40.0823297357636]]}},{"type":"Feature","id":62161,"properties":{"OBJECTID":62161,"PRIMENAME":"Hasting Lane","ELEVTYP_F":0,"ELEVTYP_T":0},"geometry":{"type":"LineString","coordinates":[[-74.0670181853962,40.0808669533933],[-74.0668921056712,40.0801944560159],[-74.0668662701361,40.0801600430103],[-74.0668292491463,40.0801312976682],[-74.0667771794537,40.0801196551436],[-74.0667213032936,40.0801223292882],[-74.0664431624183,40.0801568606296],[-74.0662741817282,40.080177841113]]}},{"type":"Feature","id":62361,"properties":{"OBJECTID":62361,"PRIMENAME":"Ocean Road","ELEVTYP_F":0,"ELEVTYP_T":0},"geometry":{"type":"LineString","coordinates":[[-74.0540847163748,40.0819886038103],[-74.0536298397741,40.0818819257584],[-74.0532582253082,40.0817933845496]]}},{"type":"Feature","id":62489,"properties":{"OBJECTID":62489,"PRIMENAME":"Barton Avenue","ELEVTYP_F":0,"ELEVTYP_T":0},"geometry":{"type":"LineString","coordinates":[[-74.0769722179848,40.0784104586414],[-74.0771866988525,40.0778701120736],[-74.0772221861098,40.0777776691846]]}},{"type":"Feature","id":62490,"properties":{"OBJECTID":62490,"PRIMENAME":"Barton Avenue","ELEVTYP_F":0,"ELEVTYP_T":0},"geometry":{"type":"LineString","coordinates":[[-74.0750535982868,40.0846419526145],[-74.0751368200861,40.084248332714],[-74.0752525691687,40.083687257198]]}},{"type":"Feature","id":62541,"properties":{"OBJECTID":62541,"PRIMENAME":"Ocean Road","ELEVTYP_F":0,"ELEVTYP_T":0},"geometry":{"type":"LineString","coordinates":[[-74.0515632099632,40.0813950512012],[-74.0513670723597,40.0813404834887]]}},{"type":"Feature","id":62577,"properties":{"OBJECTID":62577,"PRIMENAME":"Northwest Drive","ELEVTYP_F":0,"ELEVTYP_T":0},"geometry":{"type":"LineString","coordinates":[[-74.0593014433152,40.0661791578367],[-74.0610169811865,40.0673924601194]]}},{"type":"Feature","id":62587,"properties":{"OBJECTID":62587,"PRIMENAME":"Mistletoe Avenue","ELEVTYP_F":0,"ELEVTYP_T":0},"geometry":{"type":"LineString","coordinates":[[-74.0883702692818,40.08254594488],[-74.0885735540567,40.082742517388],[-74.0886031185063,40.0827769387977],[-74.0886141318051,40.0827998465103],[-74.0886065600356,40.0828227161431]]}},{"type":"Feature","id":62602,"properties":{"OBJECTID":62602,"PRIMENAME":"Manetta Drive","ELEVTYP_F":0,"ELEVTYP_T":0},"geometry":{"type":"LineString","coordinates":[[-74.0530205548197,40.0840071417573],[-74.0523715394466,40.0838544119058]]}},{"type":"Feature","id":62720,"properties":{"OBJECTID":62720,"PRIMENAME":"Wilhelm Place","ELEVTYP_F":0,"ELEVTYP_T":0},"geometry":{"type":"LineString","coordinates":[[-74.0825353982117,40.0769447904346],[-74.0833233115321,40.0770766569103]]}},{"type":"Feature","id":62817,"properties":{"OBJECTID":62817,"PRIMENAME":"Delaware Avenue","ELEVTYP_F":0,"ELEVTYP_T":0},"geometry":{"type":"LineString","coordinates":[[-74.0521902190483,40.079829653325],[-74.0515410501754,40.0796083403232]]}},{"type":"Feature","id":62875,"properties":{"OBJECTID":62875,"PRIMENAME":"Heid Court","ELEVTYP_F":0,"ELEVTYP_T":0},"geometry":{"type":"LineString","coordinates":[[-74.066189863073,40.0793911012967],[-74.0663249992052,40.0794067695424],[-74.0666995102503,40.0794501937043]]}},{"type":"Feature","id":62878,"properties":{"OBJECTID":62878,"PRIMENAME":"McLean Avenue","ELEVTYP_F":0,"ELEVTYP_T":0},"geometry":{"type":"LineString","coordinates":[[-74.0493827051617,40.0935494827167],[-74.0498329233749,40.0935709998337],[-74.0499642359474,40.093579004727]]}},{"type":"Feature","id":63660,"properties":{"OBJECTID":63660,"PRIMENAME":"Arthur Avenue","ELEVTYP_F":0,"ELEVTYP_T":0},"geometry":{"type":"LineString","coordinates":[[-74.0888314983938,40.0791703460182],[-74.0886485860721,40.0786959641348],[-74.0886383380877,40.078668151247],[-74.0884155590221,40.0780634654026]]}},{"type":"Feature","id":63729,"properties":{"OBJECTID":63729,"PRIMENAME":"Laurel Drive","ELEVTYP_F":0,"ELEVTYP_T":0},"geometry":{"type":"LineString","coordinates":[[-74.0716971137746,40.0661088601252],[-74.0712122922281,40.0662771126548],[-74.0704412628474,40.0665468122478]]}},{"type":"Feature","id":63730,"properties":{"OBJECTID":63730,"PRIMENAME":"Strickland Street","ELEVTYP_F":0,"ELEVTYP_T":0},"geometry":{"type":"LineString","coordinates":[[-74.0475355127943,40.0607356433579],[-74.0485575589007,40.060929917621],[-74.0487287079107,40.0609624483011]]}},{"type":"Feature","id":64520,"properties":{"OBJECTID":64520,"PRIMENAME":"Highmeadow Drive","ELEVTYP_F":0,"ELEVTYP_T":0},"geometry":{"type":"LineString","coordinates":[[-74.0831583225974,40.0693086676126],[-74.0841184007659,40.0679216930552],[-74.0841223231163,40.0678878022567],[-74.0841077565655,40.0678622458735],[-74.0840636246472,40.0678450940173],[-74.0840146882697,40.0678252975646]]}},{"type":"Feature","id":64705,"properties":{"OBJECTID":64705,"PRIMENAME":"Pocahontas Avenue","ELEVTYP_F":0,"ELEVTYP_T":0},"geometry":{"type":"LineString","coordinates":[[-74.0817800019705,40.0791449386472],[-74.0813651650243,40.0792315028875],[-74.0811940302426,40.0792672137983],[-74.0808023105785,40.079348950811],[-74.0807164800721,40.0793585235018],[-74.0806307465206,40.0793582131691],[-74.0805450574832,40.0793447248861],[-74.0802773555964,40.079278334291]]}},{"type":"Feature","id":64957,"properties":{"OBJECTID":64957,"PRIMENAME":"Herbertsville Road","ELEVTYP_F":0,"ELEVTYP_T":0},"geometry":{"type":"LineString","coordinates":[[-74.0842885943838,40.0873271360938],[-74.0845186307603,40.0874392563575],[-74.0847024379596,40.0875244166371]]}},{"type":"Feature","id":64990,"properties":{"OBJECTID":64990,"PRIMENAME":"River Avenue","ELEVTYP_F":0,"ELEVTYP_T":0},"geometry":{"type":"LineString","coordinates":[[-74.0745295934256,40.0812896163566],[-74.0747812906336,40.0806486849058]]}},{"type":"Feature","id":64991,"properties":{"OBJECTID":64991,"PRIMENAME":"Sylvan Drive","ELEVTYP_F":0,"ELEVTYP_T":0},"geometry":{"type":"LineString","coordinates":[[-74.0833622126014,40.0675613423174],[-74.0829056461551,40.0673766142073],[-74.0825809707651,40.0672442180207]]}},{"type":"Feature","id":64996,"properties":{"OBJECTID":64996,"PRIMENAME":"Serpentine Road","ELEVTYP_F":0,"ELEVTYP_T":0},"geometry":{"type":"LineString","coordinates":[[-74.0918107499991,40.0611032482777],[-74.0917763254863,40.0612199959801],[-74.0917588400086,40.0612881008908],[-74.0917585740908,40.0613326565149],[-74.0917685309653,40.0613825190365],[-74.091852171926,40.0616580602947],[-74.091892506453,40.061760438646],[-74.0919159668746,40.0618286607786],[-74.0919258770937,40.06188637449],[-74.0919255018719,40.0619492688071],[-74.0919148564201,40.0620147894076],[-74.0918796400462,40.0621981912772],[-74.0918517452533,40.062292395031],[-74.0918373568607,40.06235043476]]}},{"type":"Feature","id":65105,"properties":{"OBJECTID":65105,"PRIMENAME":"Glenwood Drive","ELEVTYP_F":0,"ELEVTYP_T":0},"geometry":{"type":"LineString","coordinates":[[-74.0691628895567,40.0654527750041],[-74.0692635128838,40.065446285858],[-74.0694682117,40.0654413363225],[-74.0704045681703,40.0654374273852]]}},{"type":"Feature","id":65369,"properties":{"OBJECTID":65369,"PRIMENAME":"Sunset Avenue","ELEVTYP_F":0,"ELEVTYP_T":0},"geometry":{"type":"LineString","coordinates":[[-74.0801652716642,40.0770743700108],[-74.0801026841766,40.0772449570742],[-74.0794879055504,40.0789108930425],[-74.0792281807786,40.0795986130731]]}},{"type":"Feature","id":65391,"properties":{"OBJECTID":65391,"PRIMENAME":"Barton Avenue","ELEVTYP_F":0,"ELEVTYP_T":0},"geometry":{"type":"LineString","coordinates":[[-74.078487481587,40.074066652937],[-74.0791342505451,40.0723322311683],[-74.0795468298307,40.0712184412983],[-74.0795825786932,40.0711115306582]]}},{"type":"Feature","id":65454,"properties":{"OBJECTID":65454,"PRIMENAME":"River Edge Drive","ELEVTYP_F":0,"ELEVTYP_T":0},"geometry":{"type":"LineString","coordinates":[[-74.0808123211712,40.0856304947012],[-74.0807400296583,40.085715639456],[-74.0807110428251,40.085762397577],[-74.0805041850619,40.0861501651046],[-74.0804932233474,40.0861832069443],[-74.0805002725921,40.0862052769224],[-74.0805252614097,40.086221894221],[-74.0806504643302,40.08628021883],[-74.0806718622591,40.0862995684083],[-74.0806753192754,40.0863243986041],[-74.080671574725,40.0863464303994],[-74.0806642912435,40.086368448483],[-74.0803780380122,40.0868275819915],[-74.0799653487152,40.0874863622769],[-74.0797215560243,40.0878803370193],[-74.0796040348981,40.0880893503454],[-74.0795450727298,40.0882264847046],[-74.0792866501465,40.0887723305159]]}},{"type":"Feature","id":65675,"properties":{"OBJECTID":65675,"PRIMENAME":"Ernestine Place","ELEVTYP_F":0,"ELEVTYP_T":0},"geometry":{"type":"LineString","coordinates":[[-74.0912933862325,40.0610034988004],[-74.0916074639134,40.0610776041994],[-74.0916844261694,40.0610891593907],[-74.091772428024,40.0611007525291],[-74.0918107499991,40.0611032482777]]}},{"type":"Feature","id":65783,"properties":{"OBJECTID":65783,"PRIMENAME":"Holly Avenue","ELEVTYP_F":0,"ELEVTYP_T":0},"geometry":{"type":"LineString","coordinates":[[-74.0505152519074,40.0706773261804],[-74.0503736585997,40.0712396223845]]}},{"type":"Feature","id":65794,"properties":{"OBJECTID":65794,"PRIMENAME":"Kinmouth Lane","ELEVTYP_F":0,"ELEVTYP_T":0},"geometry":{"type":"LineString","coordinates":[[-74.0493827051617,40.0935494827167],[-74.0490992172091,40.0917927807969]]}},{"type":"Feature","id":65824,"properties":{"OBJECTID":65824,"PRIMENAME":"Bridge Avenue","ELEVTYP_F":0,"ELEVTYP_T":0},"geometry":{"type":"LineString","coordinates":[[-74.0670364956867,40.0717687291897],[-74.0667865210048,40.0717256259769],[-74.0665144128351,40.0716792554529]]}},{"type":"Feature","id":65946,"properties":{"OBJECTID":65946,"PRIMENAME":"Carroll Fox Road","ELEVTYP_F":0,"ELEVTYP_T":0},"geometry":{"type":"LineString","coordinates":[[-74.0892484265589,40.0605256077659],[-74.089250844059,40.0605395897451],[-74.089345998981,40.0608116050959],[-74.0893826598804,40.0609003815976],[-74.0893972149509,40.0609576184114],[-74.089408089697,40.0610091317636],[-74.0894073882927,40.0610545090755],[-74.0894019217907,40.0610961919554],[-74.0893912727145,40.0611322550352],[-74.0893700361406,40.0611939225205],[-74.0893321555152,40.0612547888318],[-74.0892984720251,40.0612889859718],[-74.0892536058959,40.0613231434567],[-74.0891975742528,40.0613544070266],[-74.0891304465637,40.0613770646944],[-74.0890291705669,40.0614041307993],[-74.088903103612,40.0614305882494],[-74.0888025498583,40.0614445344706],[-74.0887019942248,40.0614527431607],[-74.0886978132292,40.0614528931454]]}},{"type":"Feature","id":66137,"properties":{"OBJECTID":66137,"PRIMENAME":"Princeton Post Road","ELEVTYP_F":0,"ELEVTYP_T":0},"geometry":{"type":"LineString","coordinates":[[-74.0930702355406,40.0782932207328],[-74.0921027362909,40.0784919834272],[-74.0916638678821,40.0785801851636]]}},{"type":"Feature","id":66347,"properties":{"OBJECTID":66347,"PRIMENAME":"Bay Avenue","ELEVTYP_F":0,"ELEVTYP_T":0},"geometry":{"type":"LineString","coordinates":[[-74.0536443870745,40.0828340300821],[-74.0535992066162,40.0829223652368],[-74.0534861940602,40.0831249727877],[-74.0533617883043,40.0833646808486],[-74.0532449276514,40.083587287595],[-74.0531393854708,40.0837842132016],[-74.0530205548197,40.0840071417573]]}},{"type":"Feature","id":66393,"properties":{"OBJECTID":66393,"PRIMENAME":"Griffiths Avenue","ELEVTYP_F":0,"ELEVTYP_T":0},"geometry":{"type":"LineString","coordinates":[[-74.0485020637907,40.0994413307907],[-74.0485149382661,40.0994026450063],[-74.0485089671049,40.0993542222629],[-74.0485050479374,40.0993257514924],[-74.0482503460067,40.0974752032479]]}},{"type":"Feature","id":66473,"properties":{"OBJECTID":66473,"PRIMENAME":"Eisenhower Drive","ELEVTYP_F":0,"ELEVTYP_T":0},"geometry":{"type":"LineString","coordinates":[[-74.0890767156492,40.088086478216],[-74.0890632723729,40.0880316549175],[-74.0890130727802,40.0875056111333]]}},{"type":"Feature","id":66484,"properties":{"OBJECTID":66484,"PRIMENAME":"Hunters Road","ELEVTYP_F":0,"ELEVTYP_T":0},"geometry":{"type":"LineString","coordinates":[[-74.0855858811133,40.0607410861386],[-74.0856063856475,40.0607593877777],[-74.0856259755396,40.0607812285814],[-74.085642190037,40.060805692748],[-74.0859736340295,40.0614332517604]]}},{"type":"Feature","id":66489,"properties":{"OBJECTID":66489,"PRIMENAME":"Bradford Drive","ELEVTYP_F":0,"ELEVTYP_T":0},"geometry":{"type":"LineString","coordinates":[[-74.0666151512989,40.086667563223],[-74.0666013360278,40.0865748023879],[-74.0665443131382,40.0861713572258]]}},{"type":"Feature","id":66762,"properties":{"OBJECTID":66762,"PRIMENAME":"Apple Place","ELEVTYP_F":0,"ELEVTYP_T":0},"geometry":{"type":"LineString","coordinates":[[-74.0859752080334,40.073201754772],[-74.0856092943789,40.0730402291095]]}},{"type":"Feature","id":67093,"properties":{"OBJECTID":67093,"PRIMENAME":"Bridge Avenue","ELEVTYP_F":0,"ELEVTYP_T":0},"geometry":{"type":"LineString","coordinates":[[-74.0547544306263,40.0718555440663],[-74.0545170529077,40.0718273152513],[-74.0542567440354,40.0717919975266],[-74.0539889477446,40.0717595055922],[-74.0536355918089,40.0717181178098],[-74.053222761347,40.0716621965753],[-74.0523631041795,40.0715362719902]]}},{"type":"Feature","id":67140,"properties":{"OBJECTID":67140,"PRIMENAME":"Curtis Avenue","ELEVTYP_F":0,"ELEVTYP_T":0},"geometry":{"type":"LineString","coordinates":[[-74.0760450886017,40.0856276133774],[-74.0758777593251,40.0860517557344]]}},{"type":"Feature","id":67332,"properties":{"OBJECTID":67332,"PRIMENAME":"River Avenue","ELEVTYP_F":0,"ELEVTYP_T":0},"geometry":{"type":"LineString","coordinates":[[-74.0757685557237,40.0781302628106],[-74.0760153227258,40.077502542332]]}},{"type":"Feature","id":67382,"properties":{"OBJECTID":67382,"PRIMENAME":"Honeysuckle Lane","ELEVTYP_F":0,"ELEVTYP_T":0},"geometry":{"type":"LineString","coordinates":[[-74.0818937927341,40.0707534499101],[-74.0810176797788,40.0705945419234]]}},{"type":"Feature","id":67554,"properties":{"OBJECTID":67554,"PRIMENAME":"Little Hill Road","ELEVTYP_F":0,"ELEVTYP_T":0},"geometry":{"type":"LineString","coordinates":[[-74.0846979319297,40.0697534210212],[-74.0848883273348,40.0697874318156],[-74.0855361845313,40.0698973403107],[-74.0856253697358,40.0699159713749]]}},{"type":"Feature","id":67601,"properties":{"OBJECTID":67601,"PRIMENAME":"Herbertsville Road","ELEVTYP_F":0,"ELEVTYP_T":0},"geometry":{"type":"LineString","coordinates":[[-74.0802185521103,40.0853445056489],[-74.0804787907631,40.0854717885666],[-74.0808123211712,40.0856304947012]]}},{"type":"Feature","id":67914,"properties":{"OBJECTID":67914,"PRIMENAME":"Newark Avenue","ELEVTYP_F":0,"ELEVTYP_T":0},"geometry":{"type":"LineString","coordinates":[[-74.0740811454189,40.0829401006613],[-74.0753906106325,40.0830180161458]]}},{"type":"Feature","id":68047,"properties":{"OBJECTID":68047,"PRIMENAME":"Nowata Avenue","ELEVTYP_F":0,"ELEVTYP_T":0},"geometry":{"type":"LineString","coordinates":[[-74.0833714194699,40.0741670363318],[-74.0840397463339,40.0742846592703],[-74.0842869008871,40.0743305973672]]}},{"type":"Feature","id":68116,"properties":{"OBJECTID":68116,"PRIMENAME":"Albert Street","ELEVTYP_F":0,"ELEVTYP_T":0},"geometry":{"type":"LineString","coordinates":[[-74.0899260999798,40.0649100727052],[-74.0899415078313,40.0647120794934],[-74.090003571898,40.0641696576689]]}},{"type":"Feature","id":68117,"properties":{"OBJECTID":68117,"PRIMENAME":"Shore Boulevard","ELEVTYP_F":0,"ELEVTYP_T":0},"geometry":{"type":"LineString","coordinates":[[-74.0568776691281,40.0682314305219],[-74.0570208017004,40.0683324017729],[-74.0585548260226,40.0694077809252]]}},{"type":"Feature","id":68217,"properties":{"OBJECTID":68217,"PRIMENAME":"Lockhart Lane","ELEVTYP_F":0,"ELEVTYP_T":0},"geometry":{"type":"LineString","coordinates":[[-74.0652979069319,40.086010779518],[-74.0652189834497,40.0861578248639],[-74.0649184843636,40.0867219295935],[-74.0647794162394,40.0870073318949]]}},{"type":"Feature","id":68436,"properties":{"OBJECTID":68436,"PRIMENAME":"Academy Drive","ELEVTYP_F":0,"ELEVTYP_T":0},"geometry":{"type":"LineString","coordinates":[[-74.0841923781425,40.0831910257937],[-74.0836363188266,40.0826648377389],[-74.0835705077811,40.0826025569326],[-74.0835683165952,40.0825984581073]]}},{"type":"Feature","id":68694,"properties":{"OBJECTID":68694,"PRIMENAME":"Cypress Street","ELEVTYP_F":0,"ELEVTYP_T":0},"geometry":{"type":"LineString","coordinates":[[-74.0601196909368,40.0784607732243],[-74.0601662739179,40.078169259657],[-74.060524364718,40.0764293727691]]}},{"type":"Feature","id":68717,"properties":{"OBJECTID":68717,"PRIMENAME":"River Avenue","ELEVTYP_F":0,"ELEVTYP_T":0},"geometry":{"type":"LineString","coordinates":[[-74.0798645930506,40.0693140927898],[-74.0803220528033,40.0686554449065],[-74.0805802792182,40.0682614107579]]}},{"type":"Feature","id":68760,"properties":{"OBJECTID":68760,"PRIMENAME":"Allen Street","ELEVTYP_F":0,"ELEVTYP_T":0},"geometry":{"type":"LineString","coordinates":[[-74.0700852841234,40.0840140785487],[-74.0711797253952,40.0841585026648]]}},{"type":"Feature","id":68840,"properties":{"OBJECTID":68840,"PRIMENAME":"Burnt Tavern Road","ELEVTYP_F":0,"ELEVTYP_T":0},"geometry":{"type":"LineString","coordinates":[[-74.0634312879123,40.0809474632952],[-74.0633345215795,40.0808780811764],[-74.062005922022,40.0799127807514]]}},{"type":"Feature","id":68971,"properties":{"OBJECTID":68971,"PRIMENAME":"Short Place","ELEVTYP_F":0,"ELEVTYP_T":0},"geometry":{"type":"LineString","coordinates":[[-74.0895286436481,40.061954939944],[-74.0897045616867,40.0621953131612]]}},{"type":"Feature","id":69097,"properties":{"OBJECTID":69097,"PRIMENAME":"Comanche Avenue","ELEVTYP_F":0,"ELEVTYP_T":0},"geometry":{"type":"LineString","coordinates":[[-74.0876993254693,40.0729578870169],[-74.0875343563074,40.0727237000961],[-74.0874678035517,40.0726491197782],[-74.0874010957176,40.0726002627122],[-74.0873481828169,40.0725859180301]]}},{"type":"Feature","id":69135,"properties":{"OBJECTID":69135,"PRIMENAME":"Eisenhower Drive","ELEVTYP_F":0,"ELEVTYP_T":0},"geometry":{"type":"LineString","coordinates":[[-74.0888471246053,40.0853007255493],[-74.0888586061105,40.0852694690251],[-74.0888835996947,40.085238206413],[-74.0889519978553,40.0851745386738],[-74.0893379594763,40.0848074305068]]}},{"type":"Feature","id":69440,"properties":{"OBJECTID":69440,"PRIMENAME":"Ida Drive","ELEVTYP_F":0,"ELEVTYP_T":0},"geometry":{"type":"LineString","coordinates":[[-74.0805785338729,40.0892018069344],[-74.0805520683314,40.0891097891743],[-74.0810419880401,40.0883314807639],[-74.0816334317786,40.0873790997814],[-74.0822203493429,40.0864335625513],[-74.082239683261,40.0864106258886],[-74.0822751633121,40.0863892029668],[-74.0823369221407,40.0863721855004]]}},{"type":"Feature","id":69948,"properties":{"OBJECTID":69948,"PRIMENAME":"Yew Place","ELEVTYP_F":0,"ELEVTYP_T":0},"geometry":{"type":"LineString","coordinates":[[-74.0909671141154,40.0617796872487],[-74.0912047360329,40.0611898680265],[-74.0912933862325,40.0610034988004]]}},{"type":"Feature","id":69998,"properties":{"OBJECTID":69998,"PRIMENAME":"Yew Place","ELEVTYP_F":0,"ELEVTYP_T":0},"geometry":{"type":"LineString","coordinates":[[-74.0907927740719,40.0622125588182],[-74.0909671141154,40.0617796872487]]}},{"type":"Feature","id":70194,"properties":{"OBJECTID":70194,"PRIMENAME":"Balle Lane","ELEVTYP_F":0,"ELEVTYP_T":0},"geometry":{"type":"LineString","coordinates":[[-74.0722841812565,40.0676970580505],[-74.0734610831008,40.0677933004193],[-74.0743661313472,40.0678673038956],[-74.0754821727805,40.0679629004147]]}},{"type":"Feature","id":70294,"properties":{"OBJECTID":70294,"PRIMENAME":"Arch Place","ELEVTYP_F":0,"ELEVTYP_T":0},"geometry":{"type":"LineString","coordinates":[[-74.0889763075431,40.0621091363866],[-74.0890597715425,40.0622814816921]]}},{"type":"Feature","id":70607,"properties":{"OBJECTID":70607,"PRIMENAME":"Curtis Avenue","ELEVTYP_F":0,"ELEVTYP_T":0},"geometry":{"type":"LineString","coordinates":[[-74.0529605236193,40.0937634514156],[-74.0527203412533,40.0950148806016],[-74.052569973815,40.0958035758907],[-74.0525584473329,40.0958550058269],[-74.052543221986,40.0959092766617],[-74.0525279600759,40.0959635752741],[-74.0521517911618,40.0971145746089],[-74.0520494898036,40.0974350787479]]}},{"type":"Feature","id":70797,"properties":{"OBJECTID":70797,"PRIMENAME":"Barton Avenue","ELEVTYP_F":0,"ELEVTYP_T":0},"geometry":{"type":"LineString","coordinates":[[-74.0755325209549,40.0823297357636],[-74.075585950956,40.0820708831978],[-74.0756133842422,40.0819179046066]]}},{"type":"Feature","id":70857,"properties":{"OBJECTID":70857,"PRIMENAME":"Sudbury Road","ELEVTYP_F":0,"ELEVTYP_T":0},"geometry":{"type":"LineString","coordinates":[[-74.0886417781811,40.094369419593],[-74.0886217567652,40.0943105711683],[-74.0885891256217,40.0941909794565],[-74.0885702452609,40.0940912571917],[-74.0885115011556,40.0936126498337],[-74.0884990362598,40.0935278856051],[-74.0884971857674,40.0935204663397]]}},{"type":"Feature","id":71011,"properties":{"OBJECTID":71011,"PRIMENAME":"Beach Boulevard","ELEVTYP_F":0,"ELEVTYP_T":0},"geometry":{"type":"LineString","coordinates":[[-74.060949470047,40.0701328971008],[-74.0609106179412,40.0701177785065],[-74.0609075302664,40.0701160870083],[-74.0608170392468,40.0700664985184],[-74.0606795046666,40.069976864125],[-74.059180095712,40.0689181717063]]}},{"type":"Feature","id":71045,"properties":{"OBJECTID":71045,"PRIMENAME":"Arnold Avenue","ELEVTYP_F":0,"ELEVTYP_T":0},"geometry":{"type":"LineString","coordinates":[[-74.0602892432591,40.0883588040795],[-74.0594419135659,40.089329814166],[-74.0594141110128,40.0893511764075],[-74.0593907269673,40.0893634692719],[-74.0593612508569,40.089372663096]]}},{"type":"Feature","id":71502,"properties":{"OBJECTID":71502,"PRIMENAME":"Beaver Dam Road","ELEVTYP_F":0,"ELEVTYP_T":0},"geometry":{"type":"LineString","coordinates":[[-74.0685042938871,40.0796998354835],[-74.0683773543094,40.0800558425762]]}},{"type":"Feature","id":71933,"properties":{"OBJECTID":71933,"PRIMENAME":"Benedict Street","ELEVTYP_F":0,"ELEVTYP_T":0},"geometry":{"type":"LineString","coordinates":[[-74.0634177110519,40.0811315957386],[-74.0631923936538,40.0823422278152],[-74.0632014578089,40.0823946697033],[-74.0632266929704,40.0824390194917]]}},{"type":"Feature","id":71955,"properties":{"OBJECTID":71955,"PRIMENAME":"Anderson Place","ELEVTYP_F":0,"ELEVTYP_T":0},"geometry":{"type":"LineString","coordinates":[[-74.0681111394225,40.0808022086541],[-74.0670181853962,40.0808669533933]]}},{"type":"Feature","id":72044,"properties":{"OBJECTID":72044,"PRIMENAME":"Southwest Drive","ELEVTYP_F":0,"ELEVTYP_T":0},"geometry":{"type":"LineString","coordinates":[[-74.0702788382216,40.0963281333314],[-74.0703504043282,40.0964077100333],[-74.0709050800142,40.0970246334457],[-74.070956057058,40.0970813208003]]}},{"type":"Feature","id":72208,"properties":{"OBJECTID":72208,"PRIMENAME":"School Street","ELEVTYP_F":0,"ELEVTYP_T":0},"geometry":{"type":"LineString","coordinates":[[-74.073486660106,40.0788363528049],[-74.0736912265069,40.0783316374526]]}},{"type":"Feature","id":72233,"properties":{"OBJECTID":72233,"PRIMENAME":"Comanche Avenue","ELEVTYP_F":0,"ELEVTYP_T":0},"geometry":{"type":"LineString","coordinates":[[-74.0887932455891,40.0755542099641],[-74.0887582310764,40.0753332525267],[-74.0886765636819,40.0748716935597]]}},{"type":"Feature","id":73019,"properties":{"OBJECTID":73019,"PRIMENAME":"Herbertsville Road","ELEVTYP_F":0,"ELEVTYP_T":0},"geometry":{"type":"LineString","coordinates":[[-74.0687400524906,40.083167913234],[-74.0688921453867,40.0832329941728]]}},{"type":"Feature","id":73070,"properties":{"OBJECTID":73070,"PRIMENAME":"Herbertsville Road","ELEVTYP_F":0,"ELEVTYP_T":0},"geometry":{"type":"LineString","coordinates":[[-74.0752525691687,40.083687257198],[-74.0758265964523,40.0837221403343],[-74.0762051303816,40.0837443074686],[-74.0766268747149,40.0837666312982],[-74.0768089210317,40.0837923069302]]}},{"type":"Feature","id":73480,"properties":{"OBJECTID":73480,"PRIMENAME":"Beach Boulevard","ELEVTYP_F":0,"ELEVTYP_T":0},"geometry":{"type":"LineString","coordinates":[[-74.0574818894737,40.0677092735013],[-74.0557308063674,40.0664865857224]]}},{"type":"Feature","id":73511,"properties":{"OBJECTID":73511,"PRIMENAME":"Patton Street","ELEVTYP_F":0,"ELEVTYP_T":0},"geometry":{"type":"LineString","coordinates":[[-74.0628360804712,40.0792667040669],[-74.062005922022,40.0799127807514]]}},{"type":"Feature","id":73591,"properties":{"OBJECTID":73591,"PRIMENAME":"Spruce Street","ELEVTYP_F":0,"ELEVTYP_T":0},"geometry":{"type":"LineString","coordinates":[[-74.0752715003461,40.0793982609355],[-74.0758658064652,40.0795344651509],[-74.0764712156271,40.0796726830326]]}},{"type":"Feature","id":73612,"properties":{"OBJECTID":73612,"PRIMENAME":"Cambridge Drive","ELEVTYP_F":0,"ELEVTYP_T":0},"geometry":{"type":"LineString","coordinates":[[-74.0842821388795,40.0821775844756],[-74.0842447599915,40.0822003180306],[-74.083608776866,40.082574664024],[-74.0835683165952,40.0825984581073]]}},{"type":"Feature","id":73736,"properties":{"OBJECTID":73736,"PRIMENAME":"Beaver Dam Road","ELEVTYP_F":0,"ELEVTYP_T":0},"geometry":{"type":"LineString","coordinates":[[-74.0722025045926,40.071008797475],[-74.0722563839833,40.0717184159706],[-74.0722618994573,40.0718249614863],[-74.0722697100164,40.071975811633],[-74.072272496314,40.0721245085793],[-74.0722680285957,40.0722445997015],[-74.0722540520744,40.0723595496753]]}},{"type":"Feature","id":73813,"properties":{"OBJECTID":73813,"PRIMENAME":"River Avenue","ELEVTYP_F":0,"ELEVTYP_T":0},"geometry":{"type":"LineString","coordinates":[[-74.0791927186993,40.0702815218227],[-74.0798645930506,40.0693140927898]]}},{"type":"Feature","id":73948,"properties":{"OBJECTID":73948,"PRIMENAME":"Beaver Dam Road","ELEVTYP_F":0,"ELEVTYP_T":0},"geometry":{"type":"LineString","coordinates":[[-74.0682525615737,40.080405707574],[-74.0681111394225,40.0808022086541]]}},{"type":"Feature","id":74338,"properties":{"OBJECTID":74338,"PRIMENAME":"Madison Street","ELEVTYP_F":0,"ELEVTYP_T":0},"geometry":{"type":"LineString","coordinates":[[-74.0515410501754,40.0796083403232],[-74.050667760569,40.0811284971548]]}},{"type":"Feature","id":74418,"properties":{"OBJECTID":74418,"PRIMENAME":"Gowdy Avenue","ELEVTYP_F":0,"ELEVTYP_T":0},"geometry":{"type":"LineString","coordinates":[[-74.0535036930948,40.0884940528929],[-74.0533862398017,40.0876465608235]]}},{"type":"Feature","id":75057,"properties":{"OBJECTID":75057,"PRIMENAME":"Jordan Lane","ELEVTYP_F":0,"ELEVTYP_T":0},"geometry":{"type":"LineString","coordinates":[[-74.0664915006552,40.0980848002208],[-74.0665482284845,40.0980236007407],[-74.0666357901656,40.0979143080408],[-74.0666982749902,40.0978525797018]]}},{"type":"Feature","id":75216,"properties":{"OBJECTID":75216,"PRIMENAME":"River Road","ELEVTYP_F":0,"ELEVTYP_T":0},"geometry":{"type":"LineString","coordinates":[[-74.0805785338729,40.0892018069344],[-74.0805376335081,40.0891881619658],[-74.0805087917919,40.0891785399098],[-74.0801002228137,40.0890423196784],[-74.080016111673,40.089014368911]]}},{"type":"Feature","id":75279,"properties":{"OBJECTID":75279,"PRIMENAME":"Lakewood Road","ELEVTYP_F":0,"ELEVTYP_T":0},"geometry":{"type":"LineString","coordinates":[[-74.0709216699045,40.082724903384],[-74.0706010484584,40.0827074083159],[-74.0701493548021,40.0826805857699]]}},{"type":"Feature","id":75812,"properties":{"OBJECTID":75812,"PRIMENAME":"Allen Street","ELEVTYP_F":0,"ELEVTYP_T":0},"geometry":{"type":"LineString","coordinates":[[-74.0756320231367,40.0847103559186],[-74.076097445065,40.0847641830829]]}},{"type":"Feature","id":75903,"properties":{"OBJECTID":75903,"PRIMENAME":"Ocean Road","ELEVTYP_F":0,"ELEVTYP_T":0},"geometry":{"type":"LineString","coordinates":[[-74.0532582253082,40.0817933845496],[-74.0527888129828,40.0816856041363],[-74.0524181208053,40.0815985454328]]}},{"type":"Feature","id":76272,"properties":{"OBJECTID":76272,"PRIMENAME":"Short Place","ELEVTYP_F":0,"ELEVTYP_T":0},"geometry":{"type":"LineString","coordinates":[[-74.0884106054317,40.0621922600907],[-74.0882096304661,40.0628149557204]]}},{"type":"Feature","id":76632,"properties":{"OBJECTID":76632,"PRIMENAME":"Chatham Lane","ELEVTYP_F":0,"ELEVTYP_T":0},"geometry":{"type":"LineString","coordinates":[[-74.0889678702538,40.0923881585873],[-74.0887684441534,40.09251357013],[-74.0886015123122,40.0926266059434],[-74.0884753092141,40.0927133761346],[-74.0883552111154,40.0927954734771],[-74.088265609626,40.0928527245342],[-74.088174755928,40.0929042606841]]}},{"type":"Feature","id":76929,"properties":{"OBJECTID":76929,"PRIMENAME":"Barton Avenue","ELEVTYP_F":0,"ELEVTYP_T":0},"geometry":{"type":"LineString","coordinates":[[-74.0747849261918,40.0859124599991],[-74.0750535982868,40.0846419526145]]}},{"type":"Feature","id":77422,"properties":{"OBJECTID":77422,"PRIMENAME":"Burnt Tavern Road","ELEVTYP_F":0,"ELEVTYP_T":0},"geometry":{"type":"LineString","coordinates":[[-74.0553564415218,40.0769582612154],[-74.0552677679406,40.0769352873058]]}},{"type":"Feature","id":77680,"properties":{"OBJECTID":77680,"PRIMENAME":"Burnt Tavern Road Extension","ELEVTYP_F":0,"ELEVTYP_T":0},"geometry":{"type":"LineString","coordinates":[[-74.0907630431795,40.0828673233989],[-74.0917990409874,40.0833443262686],[-74.0930591778477,40.0839245081557]]}},{"type":"Feature","id":77912,"properties":{"OBJECTID":77912,"PRIMENAME":"Bridge Avenue","ELEVTYP_F":0,"ELEVTYP_T":0},"geometry":{"type":"LineString","coordinates":[[-74.0820104823367,40.0751227226859],[-74.0809911216612,40.0748177129683]]}},{"type":"Feature","id":78322,"properties":{"OBJECTID":78322,"PRIMENAME":"Elm Avenue","ELEVTYP_F":0,"ELEVTYP_T":0},"geometry":{"type":"LineString","coordinates":[[-74.0586707296973,40.0738391442379],[-74.0584826233692,40.0745578937035]]}},{"type":"Feature","id":78374,"properties":{"OBJECTID":78374,"PRIMENAME":"Arnold Avenue","ELEVTYP_F":0,"ELEVTYP_T":0},"geometry":{"type":"LineString","coordinates":[[-74.0563331904296,40.0912335135839],[-74.0562403295764,40.0912398887436]]}},{"type":"Feature","id":78595,"properties":{"OBJECTID":78595,"PRIMENAME":"Midwood Drive","ELEVTYP_F":0,"ELEVTYP_T":0},"geometry":{"type":"LineString","coordinates":[[-74.0872923460199,40.0639927314625],[-74.0872623442175,40.0639848281584],[-74.0869182890115,40.0639092305612]]}},{"type":"Feature","id":79078,"properties":{"OBJECTID":79078,"PRIMENAME":"River Road","ELEVTYP_F":0,"ELEVTYP_T":0},"geometry":{"type":"LineString","coordinates":[[-74.0888087307905,40.0962016536707],[-74.0887346736763,40.0961185316719]]}},{"type":"Feature","id":79080,"properties":{"OBJECTID":79080,"PRIMENAME":"Old Farm Road","ELEVTYP_F":0,"ELEVTYP_T":0},"geometry":{"type":"LineString","coordinates":[[-74.0578554476164,40.0799030809425],[-74.0571438446667,40.0797118972446]]}},{"type":"Feature","id":79112,"properties":{"OBJECTID":79112,"PRIMENAME":"Rose Place","ELEVTYP_F":0,"ELEVTYP_T":0},"geometry":{"type":"LineString","coordinates":[[-74.0884658449082,40.0635222110351],[-74.088622211717,40.0629022127597]]}},{"type":"Feature","id":79181,"properties":{"OBJECTID":79181,"PRIMENAME":"Moore Avenue","ELEVTYP_F":0,"ELEVTYP_T":0},"geometry":{"type":"LineString","coordinates":[[-74.0746759977469,40.0757958914487],[-74.0765185124992,40.0762262441741]]}},{"type":"Feature","id":79288,"properties":{"OBJECTID":79288,"PRIMENAME":"Glenwood Drive","ELEVTYP_F":0,"ELEVTYP_T":0},"geometry":{"type":"LineString","coordinates":[[-74.0687608533556,40.0656609124915],[-74.068797242978,40.0656018308121],[-74.0688459464489,40.0655505103052],[-74.0688904707673,40.0655214925603],[-74.0689406104484,40.0654974657291],[-74.0690023800893,40.0654762544831],[-74.0690958668358,40.0654570832603],[-74.0691628895567,40.0654527750041]]}},{"type":"Feature","id":79425,"properties":{"OBJECTID":79425,"PRIMENAME":"Conifer Road","ELEVTYP_F":0,"ELEVTYP_T":0},"geometry":{"type":"LineString","coordinates":[[-74.0897757323238,40.0916521488698],[-74.0902068776481,40.0914330063186],[-74.0902704597917,40.0913984753354],[-74.0903340483293,40.0913569991041],[-74.0903840587131,40.0913206628092],[-74.090427241447,40.0912843302731],[-74.0904772568314,40.091241076641],[-74.0904929888301,40.0912224915374]]}},{"type":"Feature","id":79751,"properties":{"OBJECTID":79751,"PRIMENAME":"Bay Avenue","ELEVTYP_F":0,"ELEVTYP_T":0},"geometry":{"type":"LineString","coordinates":[[-74.0512071907585,40.0660890048689],[-74.0525700164883,40.0672529130912],[-74.0527291766718,40.0673879383677],[-74.0528512555216,40.067499924645],[-74.052984312525,40.0676434423446],[-74.053106054903,40.0678126121663],[-74.0533323190073,40.0681236498124],[-74.0533747303349,40.0681819486661]]}},{"type":"Feature","id":79788,"properties":{"OBJECTID":79788,"PRIMENAME":"Mistletoe Avenue","ELEVTYP_F":0,"ELEVTYP_T":0},"geometry":{"type":"LineString","coordinates":[[-74.0878124041655,40.0820065373703],[-74.0883702692818,40.08254594488]]}},{"type":"Feature","id":79842,"properties":{"OBJECTID":79842,"PRIMENAME":"Lakewood Road","ELEVTYP_F":0,"ELEVTYP_T":0},"geometry":{"type":"LineString","coordinates":[[-74.0756133842422,40.0819179046066],[-74.0752124322827,40.0820022818955],[-74.0742056264925,40.0822117868768]]}},{"type":"Feature","id":80076,"properties":{"OBJECTID":80076,"PRIMENAME":"Bridge Avenue","ELEVTYP_F":0,"ELEVTYP_T":0},"geometry":{"type":"LineString","coordinates":[[-74.0583412225781,40.0724475392396],[-74.0582818023342,40.072459291025],[-74.0581011941594,40.0724822391652],[-74.0578786684699,40.0724996742332],[-74.0577401712565,40.0725034283961],[-74.0575891176499,40.0725039225675],[-74.0574562585648,40.0724980613949],[-74.0573080752292,40.0724856628194],[-74.0571627006394,40.0724700629154],[-74.0570565181195,40.0724503028632],[-74.0569196234103,40.0724218866738],[-74.0567757476271,40.0723901497755],[-74.0566430970074,40.0723520030849],[-74.0564811868538,40.0723019676516],[-74.0562216105561,40.072224873941],[-74.0561227556958,40.0721994027799],[-74.0557449617099,40.0720850391127],[-74.0555316061742,40.0720277769425],[-74.0553182146559,40.0719705142412],[-74.0551114059066,40.0719286503762],[-74.0549112907455,40.0718851374682],[-74.0548463616982,40.0718728871452]]}},{"type":"Feature","id":80651,"properties":{"OBJECTID":80651,"PRIMENAME":"Del Dor Drive","ELEVTYP_F":0,"ELEVTYP_T":0},"geometry":{"type":"LineString","coordinates":[[-74.0628377321916,40.075263075171],[-74.0625046670291,40.0746057947158]]}},{"type":"Feature","id":80941,"properties":{"OBJECTID":80941,"PRIMENAME":"Beaver Dam Road","ELEVTYP_F":0,"ELEVTYP_T":0},"geometry":{"type":"LineString","coordinates":[[-74.0692510914559,40.0776173526194],[-74.0690559627694,40.0781595740135],[-74.0689694517651,40.0783999706131]]}},{"type":"Feature","id":81081,"properties":{"OBJECTID":81081,"PRIMENAME":"West Lake Avenue","ELEVTYP_F":0,"ELEVTYP_T":0},"geometry":{"type":"LineString","coordinates":[[-74.0493180591185,40.0688943376262],[-74.0490709092335,40.0699054944131]]}},{"type":"Feature","id":81190,"properties":{"OBJECTID":81190,"PRIMENAME":"Chicopee Avenue","ELEVTYP_F":0,"ELEVTYP_T":0},"geometry":{"type":"LineString","coordinates":[[-74.0864250065176,40.0760433419767],[-74.0862873445169,40.075642499948],[-74.0861947476954,40.0753833403094]]}},{"type":"Feature","id":81203,"properties":{"OBJECTID":81203,"PRIMENAME":"Pulaski Drive","ELEVTYP_F":0,"ELEVTYP_T":0},"geometry":{"type":"LineString","coordinates":[[-74.0707929939282,40.0770861189543],[-74.0706717048667,40.0770685662435],[-74.0702402626,40.0770155188763],[-74.0698236875581,40.0769567606709],[-74.0696080572539,40.0769159050086],[-74.0695145972784,40.0768831084538]]}},{"type":"Feature","id":81471,"properties":{"OBJECTID":81471,"PRIMENAME":"Mallow Street","ELEVTYP_F":0,"ELEVTYP_T":0},"geometry":{"type":"LineString","coordinates":[[-74.0798645930506,40.0693140927898],[-74.0790426845642,40.0689214378725]]}},{"type":"Feature","id":81564,"properties":{"OBJECTID":81564,"PRIMENAME":"Woodland Road","ELEVTYP_F":0,"ELEVTYP_T":0},"geometry":{"type":"LineString","coordinates":[[-74.0538598006165,40.0919594875525],[-74.0538216181418,40.0918182589336],[-74.0537744909035,40.091623600169],[-74.0537452576395,40.0915405789316],[-74.053706112419,40.0914829018751],[-74.0536767509097,40.0914396438385]]}},{"type":"Feature","id":81704,"properties":{"OBJECTID":81704,"PRIMENAME":"Woodview Road","ELEVTYP_F":0,"ELEVTYP_T":0},"geometry":{"type":"LineString","coordinates":[[-74.0721843971375,40.0972670821349],[-74.0721699871568,40.0972104484256],[-74.0721146877728,40.0971244533762],[-74.0720284443441,40.0970192637414],[-74.0717696620044,40.0967180521611],[-74.0717064920591,40.0966445194933]]}},{"type":"Feature","id":82003,"properties":{"OBJECTID":82003,"PRIMENAME":"Oriole Way","ELEVTYP_F":0,"ELEVTYP_T":0},"geometry":{"type":"LineString","coordinates":[[-74.0749069750732,40.0651137793603],[-74.0747694467068,40.0651024582043],[-74.0745945471649,40.0650961057118],[-74.0742148628555,40.0651032765422]]}},{"type":"Feature","id":82447,"properties":{"OBJECTID":82447,"PRIMENAME":"Main Avenue","ELEVTYP_F":0,"ELEVTYP_T":0},"geometry":{"type":"LineString","coordinates":[[-74.0877715167269,40.0976489226432],[-74.0885735222302,40.0974172972099]]}},{"type":"Feature","id":82681,"properties":{"OBJECTID":82681,"PRIMENAME":"Alfaretta Place","ELEVTYP_F":0,"ELEVTYP_T":0},"geometry":{"type":"LineString","coordinates":[[-74.0806535689074,40.0782827891665],[-74.0815041707729,40.0784763726647],[-74.0819648918159,40.0785812232038]]}},{"type":"Feature","id":83212,"properties":{"OBJECTID":83212,"PRIMENAME":"Meadow Avenue","ELEVTYP_F":0,"ELEVTYP_T":0},"geometry":{"type":"LineString","coordinates":[[-74.0543916831561,40.0697731400013],[-74.0529985039604,40.0693645670793],[-74.0526344428132,40.0692573301949],[-74.0524299946318,40.0692165136591]]}},{"type":"Feature","id":83236,"properties":{"OBJECTID":83236,"PRIMENAME":"West Lake Avenue","ELEVTYP_F":0,"ELEVTYP_T":0},"geometry":{"type":"LineString","coordinates":[[-74.0496376533686,40.0675867476924],[-74.0494301368292,40.0684357886058],[-74.0493906950587,40.068597157672],[-74.0493180591185,40.0688943376262]]}},{"type":"Feature","id":83406,"properties":{"OBJECTID":83406,"PRIMENAME":"River Avenue","ELEVTYP_F":0,"ELEVTYP_T":0},"geometry":{"type":"LineString","coordinates":[[-74.0750280486683,40.0800195130784],[-74.0752715003461,40.0793982609355]]}},{"type":"Feature","id":83411,"properties":{"OBJECTID":83411,"PRIMENAME":"Rue Lafayette","ELEVTYP_F":0,"ELEVTYP_T":0},"geometry":{"type":"LineString","coordinates":[[-74.0598042046147,40.0684020634088],[-74.0599541506816,40.0682835134528],[-74.0604193940591,40.0678934944912]]}},{"type":"Feature","id":83655,"properties":{"OBJECTID":83655,"PRIMENAME":"Old Farm Road","ELEVTYP_F":0,"ELEVTYP_T":0},"geometry":{"type":"LineString","coordinates":[[-74.0580561938326,40.0799524672739],[-74.0578554476164,40.0799030809425]]}},{"type":"Feature","id":84551,"properties":{"OBJECTID":84551,"PRIMENAME":"Northeast Drive","ELEVTYP_F":0,"ELEVTYP_T":0},"geometry":{"type":"LineString","coordinates":[[-74.0856183130828,40.0654075453613],[-74.0861874271841,40.066135635847]]}},{"type":"Feature","id":84723,"properties":{"OBJECTID":84723,"PRIMENAME":"Herbertsville Road","ELEVTYP_F":0,"ELEVTYP_T":0},"geometry":{"type":"LineString","coordinates":[[-74.0773894588841,40.0839537093169],[-74.0775664846254,40.0840401459954],[-74.0777616325325,40.084137904417]]}},{"type":"Feature","id":84817,"properties":{"OBJECTID":84817,"PRIMENAME":"Arnold Avenue","ELEVTYP_F":0,"ELEVTYP_T":0},"geometry":{"type":"LineString","coordinates":[[-74.0497174611654,40.0917437103254],[-74.0494916868462,40.0917614731649],[-74.0490992172091,40.0917927807969]]}},{"type":"Feature","id":84840,"properties":{"OBJECTID":84840,"PRIMENAME":"Curtis Avenue","ELEVTYP_F":0,"ELEVTYP_T":0},"geometry":{"type":"LineString","coordinates":[[-74.0790715884246,40.0775186847145],[-74.0790139178183,40.0776738052098],[-74.0788354124761,40.0781547681565]]}},{"type":"Feature","id":84949,"properties":{"OBJECTID":84949,"PRIMENAME":"Cohocton Place","ELEVTYP_F":0,"ELEVTYP_T":0},"geometry":{"type":"LineString","coordinates":[[-74.088133799022,40.0764091490513],[-74.0885157471595,40.0772712745279]]}},{"type":"Feature","id":84966,"properties":{"OBJECTID":84966,"PRIMENAME":"Dorset Dock Road","ELEVTYP_F":0,"ELEVTYP_T":0},"geometry":{"type":"LineString","coordinates":[[-74.0774113270679,40.0689923126893],[-74.0775200131278,40.0688614003452],[-74.077694622769,40.06864996018]]}},{"type":"Feature","id":85017,"properties":{"OBJECTID":85017,"PRIMENAME":"Bancroft Road","ELEVTYP_F":0,"ELEVTYP_T":0},"geometry":{"type":"LineString","coordinates":[[-74.0848524306214,40.0606961816167],[-74.0848972960885,40.0606859924684],[-74.0849735431219,40.0606739395941],[-74.0850296722375,40.0606679906909],[-74.0851178849883,40.0606683066117],[-74.0852621510868,40.0606749730909],[-74.085494482872,40.0607004295868],[-74.0855244777024,40.0607092124056],[-74.0855504989325,40.0607191338938],[-74.0855852049158,40.0607404793525],[-74.0855858811133,40.0607410861386]]}},{"type":"Feature","id":85565,"properties":{"OBJECTID":85565,"PRIMENAME":"Atlantic Avenue","ELEVTYP_F":0,"ELEVTYP_T":0},"geometry":{"type":"LineString","coordinates":[[-74.0492182809012,40.0879732781117],[-74.0516880110803,40.0877811104453],[-74.0519477719577,40.0877618823293]]}},{"type":"Feature","id":85591,"properties":{"OBJECTID":85591,"PRIMENAME":"Beaver Dam Court","ELEVTYP_F":0,"ELEVTYP_T":0},"geometry":{"type":"LineString","coordinates":[[-74.0682525615737,40.080405707574],[-74.0676433979981,40.0803087772792]]}},{"type":"Feature","id":85622,"properties":{"OBJECTID":85622,"PRIMENAME":"River Avenue","ELEVTYP_F":0,"ELEVTYP_T":0},"geometry":{"type":"LineString","coordinates":[[-74.0511975623896,40.0926334447901],[-74.0511953070796,40.0919319815116],[-74.0511931531156,40.0916285888902]]}},{"type":"Feature","id":85652,"properties":{"OBJECTID":85652,"PRIMENAME":"Willow Street","ELEVTYP_F":0,"ELEVTYP_T":0},"geometry":{"type":"LineString","coordinates":[[-74.0760153227258,40.077502542332],[-74.0763364193776,40.0775779504524],[-74.0772221861098,40.0777776691846]]}},{"type":"Feature","id":85782,"properties":{"OBJECTID":85782,"PRIMENAME":"Memorial Drive","ELEVTYP_F":0,"ELEVTYP_T":0},"geometry":{"type":"LineString","coordinates":[[-74.0639601352516,40.0834774530648],[-74.0641287715046,40.083464251267],[-74.0643133124732,40.0834508901749],[-74.0645726662019,40.0834307810151],[-74.0646642043511,40.0834240969495],[-74.0647618634214,40.0834104077045],[-74.0648565419071,40.0833931935788],[-74.0649434993725,40.0833817976755],[-74.0650212988119,40.0833774224448],[-74.0651447997709,40.083380219813],[-74.0652413395987,40.0833793194005],[-74.0654369699705,40.0839379289469]]}},{"type":"Feature","id":85882,"properties":{"OBJECTID":85882,"PRIMENAME":"Herbertsville Road","ELEVTYP_F":0,"ELEVTYP_T":0},"geometry":{"type":"LineString","coordinates":[[-74.068288280002,40.0828929341677],[-74.0684795598911,40.0830177344044],[-74.0686142476155,40.0831054825561],[-74.0687400524906,40.083167913234]]}},{"type":"Feature","id":85946,"properties":{"OBJECTID":85946,"PRIMENAME":"Delaware Avenue","ELEVTYP_F":0,"ELEVTYP_T":0},"geometry":{"type":"LineString","coordinates":[[-74.0515410501754,40.0796083403232],[-74.0507180876102,40.0793277371867]]}},{"type":"Feature","id":86136,"properties":{"OBJECTID":86136,"PRIMENAME":"Herbertsville Road","ELEVTYP_F":0,"ELEVTYP_T":0},"geometry":{"type":"LineString","coordinates":[[-74.0828654671847,40.0866310242325],[-74.0831934975517,40.0867970065051]]}},{"type":"Feature","id":86401,"properties":{"OBJECTID":86401,"PRIMENAME":"Beaver Dam Road","ELEVTYP_F":0,"ELEVTYP_T":0},"geometry":{"type":"LineString","coordinates":[[-74.0721237256699,40.0689791635142],[-74.0721167989308,40.0690468927153],[-74.072097091136,40.0692212575288],[-74.0720885490964,40.0693985467009],[-74.0720874754175,40.0695701260257],[-74.0720922931573,40.0696852544351]]}},{"type":"Feature","id":86462,"properties":{"OBJECTID":86462,"PRIMENAME":"Dorset Dock Road","ELEVTYP_F":0,"ELEVTYP_T":0},"geometry":{"type":"LineString","coordinates":[[-74.0779540154499,40.0683359070905],[-74.0781462997438,40.0681030075933],[-74.078401397316,40.0677893773655],[-74.0784543680966,40.0677289533219]]}},{"type":"Feature","id":86754,"properties":{"OBJECTID":86754,"PRIMENAME":"North Stream Parkway","ELEVTYP_F":0,"ELEVTYP_T":0},"geometry":{"type":"LineString","coordinates":[[-74.0817800019705,40.0791449386472],[-74.0817800404324,40.0791386519443],[-74.0818029886068,40.0790386398013],[-74.0818220975142,40.0789586281073],[-74.0818259057711,40.0789484775261],[-74.0818788816093,40.0788072643376],[-74.0819648918159,40.0785812232038]]}},{"type":"Feature","id":86861,"properties":{"OBJECTID":86861,"PRIMENAME":"Laurel Drive","ELEVTYP_F":0,"ELEVTYP_T":0},"geometry":{"type":"LineString","coordinates":[[-74.0704412628474,40.0665468122478],[-74.0698209192102,40.0667638072877],[-74.0697463839453,40.0667806608281],[-74.0696607187184,40.0667889632089],[-74.0695713736552,40.066791486504],[-74.0694709171804,40.0667825206013],[-74.0693742477866,40.0667678853006],[-74.0692739522109,40.0667331959666],[-74.0688657022789,40.0665486462295],[-74.0687210688558,40.0664680270789],[-74.0686581314255,40.0664134628247],[-74.0686403490505,40.0663889085108]]}},{"type":"Feature","id":87170,"properties":{"OBJECTID":87170,"PRIMENAME":"River Avenue","ELEVTYP_F":0,"ELEVTYP_T":0},"geometry":{"type":"LineString","coordinates":[[-74.0762649524839,40.0768675297987],[-74.0765013979301,40.0762660166035],[-74.0765185124992,40.0762262441741]]}},{"type":"Feature","id":87303,"properties":{"OBJECTID":87303,"PRIMENAME":"Heid Court","ELEVTYP_F":0,"ELEVTYP_T":0},"geometry":{"type":"LineString","coordinates":[[-74.066943111361,40.0783883089217],[-74.0666995102503,40.0794501937043]]}},{"type":"Feature","id":87559,"properties":{"OBJECTID":87559,"PRIMENAME":"Lakewood Road","ELEVTYP_F":0,"ELEVTYP_T":0},"geometry":{"type":"LineString","coordinates":[[-74.0916638678821,40.0785801851636],[-74.0916135399669,40.0785902990836],[-74.0902344726696,40.0788786024369],[-74.0899363438434,40.078940598787]]}},{"type":"Feature","id":87851,"properties":{"OBJECTID":87851,"PRIMENAME":"Lakewood Road","ELEVTYP_F":0,"ELEVTYP_T":0},"geometry":{"type":"LineString","coordinates":[[-74.0719271756601,40.0826742936107],[-74.0717550766101,40.0827045422829],[-74.071578127419,40.0827217325299],[-74.0714059045284,40.0827318569441],[-74.071215069992,40.0827347751229],[-74.071056874173,40.0827305650711],[-74.0709216699045,40.082724903384]]}},{"type":"Feature","id":88087,"properties":{"OBJECTID":88087,"PRIMENAME":"Thoroughfare Road","ELEVTYP_F":0,"ELEVTYP_T":0},"geometry":{"type":"LineString","coordinates":[[-74.0851757022999,40.0616859872551],[-74.0849147040266,40.0617679894857],[-74.0847692104838,40.061821798135],[-74.0846647484728,40.0618671880795],[-74.0845826335667,40.0619040654161],[-74.0844558048973,40.0619493479498],[-74.0843551103816,40.061986185504],[-74.0842581835379,40.0620087064111],[-74.0842102354906,40.0620144366067]]}},{"type":"Feature","id":88172,"properties":{"OBJECTID":88172,"PRIMENAME":"Bay Avenue","ELEVTYP_F":0,"ELEVTYP_T":0},"geometry":{"type":"LineString","coordinates":[[-74.0517766361212,40.0894729224476],[-74.0517344772607,40.0898570212846],[-74.051734027039,40.0899256522248],[-74.0517371980647,40.0900143105397],[-74.0517434697771,40.090191626893],[-74.051752096368,40.0904404411217]]}},{"type":"Feature","id":88213,"properties":{"OBJECTID":88213,"PRIMENAME":"Honeysuckle Court","ELEVTYP_F":0,"ELEVTYP_T":0},"geometry":{"type":"LineString","coordinates":[[-74.0932811245556,40.090881738285],[-74.0931175036073,40.0908849790051],[-74.0929823128568,40.0908738254568],[-74.0928714407132,40.0908547951074],[-74.0927640463556,40.09082778774],[-74.0926429474056,40.0907794009895],[-74.0920517517783,40.0904415964892],[-74.091398273839,40.0900895121817]]}},{"type":"Feature","id":88264,"properties":{"OBJECTID":88264,"PRIMENAME":"Woodland Avenue","ELEVTYP_F":0,"ELEVTYP_T":0},"geometry":{"type":"LineString","coordinates":[[-74.0499039123905,40.0731592489643],[-74.0492590716192,40.0730673263358],[-74.0483209798867,40.0729286027675]]}},{"type":"Feature","id":88398,"properties":{"OBJECTID":88398,"PRIMENAME":"Bridge Avenue","ELEVTYP_F":0,"ELEVTYP_T":0},"geometry":{"type":"LineString","coordinates":[[-74.0875351789013,40.0794406258578],[-74.0875540455117,40.0794968458802],[-74.0876436611679,40.0797638891338],[-74.0877223587662,40.0799710846912],[-74.0877859919942,40.0801176468329]]}},{"type":"Feature","id":88407,"properties":{"OBJECTID":88407,"PRIMENAME":"River Avenue","ELEVTYP_F":0,"ELEVTYP_T":0},"geometry":{"type":"LineString","coordinates":[[-74.0785366802247,40.0715867901469],[-74.0788038784451,40.0709755272174]]}},{"type":"Feature","id":88633,"properties":{"OBJECTID":88633,"PRIMENAME":"Bay Avenue","ELEVTYP_F":0,"ELEVTYP_T":0},"geometry":{"type":"LineString","coordinates":[[-74.0547476462141,40.0717854800076],[-74.0547544306263,40.0718555440663]]}},{"type":"Feature","id":88917,"properties":{"OBJECTID":88917,"PRIMENAME":"Shadyside Avenue","ELEVTYP_F":0,"ELEVTYP_T":0},"geometry":{"type":"LineString","coordinates":[[-74.0726163070933,40.0808294589895],[-74.0734562829988,40.0810470468682]]}},{"type":"Feature","id":88921,"properties":{"OBJECTID":88921,"PRIMENAME":"Trenton Avenue","ELEVTYP_F":0,"ELEVTYP_T":0},"geometry":{"type":"LineString","coordinates":[[-74.0609594496123,40.0894619149034],[-74.0613669578652,40.0894846780971],[-74.0614856218512,40.0894913061176],[-74.0616974014202,40.0895025952913]]}},{"type":"Feature","id":88987,"properties":{"OBJECTID":88987,"PRIMENAME":"North Road","ELEVTYP_F":0,"ELEVTYP_T":0},"geometry":{"type":"LineString","coordinates":[[-74.0679145947838,40.078520417713],[-74.0682125713673,40.0785609241727],[-74.0688782500536,40.0786533944243]]}},{"type":"Feature","id":89063,"properties":{"OBJECTID":89063,"PRIMENAME":"Woodland Road","ELEVTYP_F":0,"ELEVTYP_T":0},"geometry":{"type":"LineString","coordinates":[[-74.0542835568036,40.0952087678052],[-74.0537446623263,40.0950522686283],[-74.0537395603766,40.0950476527485],[-74.0537224520915,40.0950321697144],[-74.0537152058082,40.0949978254834],[-74.0537154113143,40.0949663651517],[-74.0537193882762,40.0949320641611],[-74.053727159571,40.0948806466527],[-74.0538185278618,40.094502914808]]}},{"type":"Feature","id":89171,"properties":{"OBJECTID":89171,"PRIMENAME":"Smith Drive","ELEVTYP_F":0,"ELEVTYP_T":0},"geometry":{"type":"LineString","coordinates":[[-74.0879567151085,40.0855586960576],[-74.0879537622559,40.0853667605286],[-74.0879627977563,40.0852315032014],[-74.0879756088711,40.085134007337],[-74.0879841495597,40.0850868459123]]}},{"type":"Feature","id":89186,"properties":{"OBJECTID":89186,"PRIMENAME":"William Street","ELEVTYP_F":0,"ELEVTYP_T":0},"geometry":{"type":"LineString","coordinates":[[-74.0614665373311,40.0807679936694],[-74.0615584454777,40.0808294328614],[-74.0615640087725,40.0808331521625],[-74.0613233878082,40.081449690549],[-74.0611283947439,40.0819393477078]]}},{"type":"Feature","id":89316,"properties":{"OBJECTID":89316,"PRIMENAME":"Cohocton Avenue","ELEVTYP_F":0,"ELEVTYP_T":0},"geometry":{"type":"LineString","coordinates":[[-74.0889013887844,40.0762487489641],[-74.0894333903901,40.076137555262]]}},{"type":"Feature","id":89368,"properties":{"OBJECTID":89368,"PRIMENAME":"Dorset Dock Road","ELEVTYP_F":0,"ELEVTYP_T":0},"geometry":{"type":"LineString","coordinates":[[-74.075104591057,40.0717754577025],[-74.0753023665442,40.071536104536]]}},{"type":"Feature","id":89385,"properties":{"OBJECTID":89385,"PRIMENAME":"Garrison Drive","ELEVTYP_F":0,"ELEVTYP_T":0},"geometry":{"type":"LineString","coordinates":[[-74.0821567665659,40.0813177900783],[-74.0821878187673,40.0812119661312],[-74.0822082671328,40.0811422757764],[-74.0822417743174,40.0811333644631],[-74.0822847472367,40.0811250637163],[-74.0823352540678,40.0811180537896],[-74.0829734265898,40.0809989547605]]}},{"type":"Feature","id":89712,"properties":{"OBJECTID":89712,"PRIMENAME":"Barbour Avenue","ELEVTYP_F":0,"ELEVTYP_T":0},"geometry":{"type":"LineString","coordinates":[[-74.0580561938326,40.0799524672739],[-74.0577426739968,40.0806461653192],[-74.0575780404941,40.0810307702364],[-74.0575545224429,40.0810857136498]]}},{"type":"Feature","id":89955,"properties":{"OBJECTID":89955,"PRIMENAME":"Main Avenue","ELEVTYP_F":0,"ELEVTYP_T":0},"geometry":{"type":"LineString","coordinates":[[-74.0902368807086,40.0969856457878],[-74.0905352919301,40.0969037374926],[-74.0907516146021,40.0968416337473],[-74.0909195383591,40.096785015019],[-74.0910874938411,40.0967169753948],[-74.0912892013489,40.0966118831004],[-74.0916998964436,40.0963377290029]]}},{"type":"Feature","id":90014,"properties":{"OBJECTID":90014,"PRIMENAME":"East Drive","ELEVTYP_F":0,"ELEVTYP_T":0},"geometry":{"type":"LineString","coordinates":[[-74.0691412060656,40.0640679243688],[-74.0691310692837,40.0634196604136],[-74.0691222093681,40.0630564479743]]}},{"type":"Feature","id":90095,"properties":{"OBJECTID":90095,"PRIMENAME":"Borden Avenue","ELEVTYP_F":0,"ELEVTYP_T":0},"geometry":{"type":"LineString","coordinates":[[-74.0563991261121,40.0867385394716],[-74.0562585059055,40.0870814122031],[-74.0562130121524,40.0872070564735],[-74.0561976995429,40.0872699201434],[-74.0561898565055,40.0873328124287],[-74.0561558293722,40.0877289954693]]}},{"type":"Feature","id":90271,"properties":{"OBJECTID":90271,"PRIMENAME":"Bay Avenue","ELEVTYP_F":0,"ELEVTYP_T":0},"geometry":{"type":"LineString","coordinates":[[-74.0537411011406,40.0686854834046],[-74.0538217146016,40.0687962749115],[-74.0542314721118,40.0693154553823]]}},{"type":"Feature","id":90389,"properties":{"OBJECTID":90389,"PRIMENAME":"Wood Wild Drive","ELEVTYP_F":0,"ELEVTYP_T":0},"geometry":{"type":"LineString","coordinates":[[-74.0586707296973,40.0738391442379],[-74.0572435043811,40.0736002087492],[-74.0562182213724,40.0734296726366]]}},{"type":"Feature","id":90398,"properties":{"OBJECTID":90398,"PRIMENAME":"Curtis Avenue","ELEVTYP_F":0,"ELEVTYP_T":0},"geometry":{"type":"LineString","coordinates":[[-74.0785998850867,40.0787893429367],[-74.0783687860789,40.0794120189054]]}},{"type":"Feature","id":90887,"properties":{"OBJECTID":90887,"PRIMENAME":"Wessie Street","ELEVTYP_F":0,"ELEVTYP_T":0},"geometry":{"type":"LineString","coordinates":[[-74.0497263185877,40.0843347203681],[-74.0499852721635,40.0861894454497]]}},{"type":"Feature","id":90888,"properties":{"OBJECTID":90888,"PRIMENAME":"Jackson Street","ELEVTYP_F":0,"ELEVTYP_T":0},"geometry":{"type":"LineString","coordinates":[[-74.0563821099865,40.0747504699275],[-74.0564449038073,40.0752563976859],[-74.0565106548505,40.0758739353348]]}},{"type":"Feature","id":90995,"properties":{"OBJECTID":90995,"PRIMENAME":"Lakewood Road","ELEVTYP_F":0,"ELEVTYP_T":0},"geometry":{"type":"LineString","coordinates":[[-74.0742056264925,40.0822117868768],[-74.073777300745,40.0823009169074],[-74.0731808572825,40.0824238244119],[-74.0728658207234,40.0824849002195]]}},{"type":"Feature","id":91079,"properties":{"OBJECTID":91079,"PRIMENAME":"Arbutus Drive","ELEVTYP_F":0,"ELEVTYP_T":0},"geometry":{"type":"LineString","coordinates":[[-74.0473490648225,40.0974765159991],[-74.0482503460067,40.0974752032479]]}},{"type":"Feature","id":91169,"properties":{"OBJECTID":91169,"PRIMENAME":"Lakewood Road","ELEVTYP_F":0,"ELEVTYP_T":0},"geometry":{"type":"LineString","coordinates":[[-74.0888314983938,40.0791703460182],[-74.0886456416092,40.0792090537303],[-74.0876676488558,40.0794129858898]]}},{"type":"Feature","id":91443,"properties":{"OBJECTID":91443,"PRIMENAME":"Johnson Avenue","ELEVTYP_F":0,"ELEVTYP_T":0},"geometry":{"type":"LineString","coordinates":[[-74.0638456569009,40.0842058490121],[-74.0638095075947,40.0844041714838],[-74.0637960895277,40.0844793152692],[-74.0637659347688,40.0845728449094],[-74.0637099941747,40.0846577658825],[-74.0636984162522,40.0846725846019]]}},{"type":"Feature","id":91644,"properties":{"OBJECTID":91644,"PRIMENAME":"Riviera Drive","ELEVTYP_F":0,"ELEVTYP_T":0},"geometry":{"type":"LineString","coordinates":[[-74.0908503499816,40.0983217331527],[-74.0907507926802,40.0982378693887],[-74.09064522194,40.0981615338777],[-74.0905325588286,40.0980932983309],[-74.0903740918504,40.0980031859461],[-74.0902507479561,40.0979457575714],[-74.0901344821725,40.0978883532102],[-74.0900569952115,40.097850084255],[-74.0899936327264,40.0978112329595]]}},{"type":"Feature","id":91885,"properties":{"OBJECTID":91885,"PRIMENAME":"Clayton Avenue","ELEVTYP_F":0,"ELEVTYP_T":0},"geometry":{"type":"LineString","coordinates":[[-74.0602543775933,40.0870392184525],[-74.0602134180677,40.0870390629556],[-74.0601501571077,40.087033085358],[-74.0591631096797,40.086787443414]]}},{"type":"Feature","id":92026,"properties":{"OBJECTID":92026,"PRIMENAME":"Egbert Street","ELEVTYP_F":0,"ELEVTYP_T":0},"geometry":{"type":"LineString","coordinates":[[-74.0484481692267,40.0623096399332],[-74.0482804815209,40.0622770151537],[-74.0474214853646,40.0621098919888]]}},{"type":"Feature","id":92038,"properties":{"OBJECTID":92038,"PRIMENAME":"Jordan Road","ELEVTYP_F":0,"ELEVTYP_T":0},"geometry":{"type":"LineString","coordinates":[[-74.0917164170221,40.0650253584069],[-74.0917246955856,40.0648894662417],[-74.0917428232707,40.0647139394225],[-74.0917492788459,40.0646619100428]]}},{"type":"Feature","id":92163,"properties":{"OBJECTID":92163,"PRIMENAME":"Hance Place","ELEVTYP_F":0,"ELEVTYP_T":0},"geometry":{"type":"LineString","coordinates":[[-74.0551585616003,40.0748255804657],[-74.0550625358724,40.0748314751219]]}},{"type":"Feature","id":92384,"properties":{"OBJECTID":92384,"PRIMENAME":"Bert Avenue","ELEVTYP_F":0,"ELEVTYP_T":0},"geometry":{"type":"LineString","coordinates":[[-74.071114073114,40.0765594132653],[-74.071298705709,40.0766479161152]]}},{"type":"Feature","id":92404,"properties":{"OBJECTID":92404,"PRIMENAME":"Sea Point Lane","ELEVTYP_F":0,"ELEVTYP_T":0},"geometry":{"type":"LineString","coordinates":[[-74.0786454505285,40.067603610538],[-74.0786613114509,40.06752301005],[-74.0786974009467,40.0674533824374],[-74.0787464865516,40.0673738646962],[-74.0787792788106,40.0673117476752],[-74.0787990231308,40.067262019109],[-74.0788025805767,40.0672122316908],[-74.0787964517641,40.0671574128986],[-74.0787949638281,40.0671542226298],[-74.0787708477343,40.0671025503183],[-74.0787290275023,40.0670525979037],[-74.0786547537366,40.0670099951142],[-74.0784220226661,40.0669070501257],[-74.0774959695057,40.0665124946441],[-74.0774426588093,40.0664776819809],[-74.0774169694764,40.0664427223559],[-74.077400993788,40.0664028299213],[-74.0774141946123,40.0663655136191],[-74.0774468788787,40.0663208016127],[-74.0774926262916,40.0662612307259],[-74.0777277620098,40.065968255883],[-74.0777442144142,40.0659309513916],[-74.0777477737222,40.0658811640022],[-74.0777383620021,40.0658313302371],[-74.0777160726764,40.0657665141978],[-74.0776201940822,40.0655577202885]]}},{"type":"Feature","id":92776,"properties":{"OBJECTID":92776,"PRIMENAME":"Treeneedle Road","ELEVTYP_F":0,"ELEVTYP_T":0},"geometry":{"type":"LineString","coordinates":[[-74.0842869008871,40.0743305973672],[-74.0847373893557,40.0728648104439]]}},{"type":"Feature","id":92804,"properties":{"OBJECTID":92804,"PRIMENAME":"North Road","ELEVTYP_F":0,"ELEVTYP_T":0},"geometry":{"type":"LineString","coordinates":[[-74.066943111361,40.0783883089217],[-74.0679145947838,40.078520417713]]}},{"type":"Feature","id":92857,"properties":{"OBJECTID":92857,"PRIMENAME":"Borden Avenue","ELEVTYP_F":0,"ELEVTYP_T":0},"geometry":{"type":"LineString","coordinates":[[-74.0566076724,40.0861559587876],[-74.0563991261121,40.0867385394716]]}},{"type":"Feature","id":93075,"properties":{"OBJECTID":93075,"PRIMENAME":"Ocean Road","ELEVTYP_F":0,"ELEVTYP_T":0},"geometry":{"type":"LineString","coordinates":[[-74.0587469827927,40.0830864636337],[-74.0586195424033,40.0830572145125]]}},{"type":"Feature","id":93270,"properties":{"OBJECTID":93270,"PRIMENAME":"Laguna Drive","ELEVTYP_F":0,"ELEVTYP_T":0},"geometry":{"type":"LineString","coordinates":[[-74.0680146546197,40.06649078941],[-74.0680696168629,40.0666639017192],[-74.0680816410972,40.066701770347],[-74.0681040252373,40.0667330953139],[-74.068131013133,40.0667540055849],[-74.0681670062555,40.0667749773378],[-74.0682029984098,40.0667959202536],[-74.0682660672401,40.0668239111272],[-74.0687074837901,40.0670129512141],[-74.0688290842729,40.067068941611],[-74.0689326402626,40.0671248377202],[-74.0690136876608,40.0671633260315],[-74.0690901682065,40.0672121760113],[-74.0691890772677,40.0672854317197],[-74.0692834488102,40.0673586434528],[-74.0693329970194,40.0673831239063],[-74.0693870346147,40.0674041614548],[-74.0694412179856,40.0674078224068],[-74.0694954437458,40.0674045643503],[-74.0695542161203,40.0673943508794],[-74.0696265656751,40.0673842148374],[-74.0697079412651,40.0673706536046],[-74.0698028289107,40.0673675193997],[-74.0698660164015,40.0673712406088],[-74.0699517991507,40.0673784773086],[-74.0700365330794,40.0673990790719],[-74.070121357267,40.0674280827934],[-74.0701906961036,40.0674591978778],[-74.0702626616593,40.0675045698612],[-74.0703390986773,40.0675603641149],[-74.0704134658413,40.067633089117],[-74.0704556622992,40.0676961411223],[-74.0704913786528,40.0677783583987],[-74.0705134672266,40.0678455907163],[-74.0705220067362,40.0679254293704],[-74.0705169022623,40.0680156213728],[-74.0704934316039,40.0681113187864],[-74.0704570833314,40.0681923906975],[-74.0704085066018,40.0682575767272],[-74.0704053042582,40.0682610514433]]}},{"type":"Feature","id":93547,"properties":{"OBJECTID":93547,"PRIMENAME":"FR RT 88 EB to RT 35 NB","ELEVTYP_F":0,"ELEVTYP_T":0},"geometry":{"type":"LineString","coordinates":[[-74.0482264401567,40.0807461611852],[-74.0481232743186,40.0807495471192],[-74.0480514949581,40.0807552020359],[-74.047980508241,40.0807651394382],[-74.0479107464955,40.0807792988045],[-74.0478426345903,40.0807975939004],[-74.0477765873467,40.0808199133037],[-74.047713007013,40.0808461210831],[-74.0476522808144,40.0808760576254],[-74.0475947785949,40.0809095406085],[-74.0475415333855,40.0809451316721],[-74.0474920304603,40.0809837789425],[-74.0474465662803,40.0810252509757],[-74.0474054131215,40.0810692994107],[-74.047368817444,40.0811156604571],[-74.0473369984161,40.0811640564743],[-74.0473101466019,40.0812141976345],[-74.0472884228194,40.0812657836583],[-74.0472665159792,40.0813513124798],[-74.0472434664679,40.0814507392862],[-74.0472229370315,40.0815504914347],[-74.0472049354369,40.0816505312395],[-74.0471894684963,40.0817508209059],[-74.0471765420641,40.0818513225446],[-74.0471661610351,40.0819519981863],[-74.0471583293426,40.0820528097954],[-74.0471530499566,40.0821537192851]]}},{"type":"Feature","id":93609,"properties":{"OBJECTID":93609,"PRIMENAME":"Curtis Avenue","ELEVTYP_F":0,"ELEVTYP_T":0},"geometry":{"type":"LineString","coordinates":[[-74.0757860415149,40.0862885605057],[-74.0754911077846,40.0870697304758],[-74.0754495970067,40.0871639618918],[-74.0753875108411,40.0872964981719]]}},{"type":"Feature","id":93627,"properties":{"OBJECTID":93627,"PRIMENAME":"Harbor Drive","ELEVTYP_F":0,"ELEVTYP_T":0},"geometry":{"type":"LineString","coordinates":[[-74.0724162645006,40.0663969757619],[-74.0732200489322,40.0664710161075]]}},{"type":"Feature","id":93634,"properties":{"OBJECTID":93634,"PRIMENAME":"Cedar Drive","ELEVTYP_F":0,"ELEVTYP_T":0},"geometry":{"type":"LineString","coordinates":[[-74.0549737473869,40.0785511783173],[-74.0541946227821,40.0784530919486],[-74.0540753556894,40.0784380759085]]}},{"type":"Feature","id":93693,"properties":{"OBJECTID":93693,"PRIMENAME":"Arbutus Drive","ELEVTYP_F":0,"ELEVTYP_T":0},"geometry":{"type":"LineString","coordinates":[[-74.0482503460067,40.0974752032479],[-74.0485781369507,40.0974667897602]]}},{"type":"Feature","id":93754,"properties":{"OBJECTID":93754,"PRIMENAME":"Mallow Street","ELEVTYP_F":0,"ELEVTYP_T":0},"geometry":{"type":"LineString","coordinates":[[-74.0790426845642,40.0689214378725],[-74.0786774920026,40.0687362009884],[-74.0782322354456,40.0685086675765],[-74.0780429575522,40.0684164496913],[-74.0779956750835,40.068388741414],[-74.0779700273814,40.0683643517321],[-74.0779540154499,40.0683359070905]]}},{"type":"Feature","id":93909,"properties":{"OBJECTID":93909,"PRIMENAME":"Maple Avenue","ELEVTYP_F":0,"ELEVTYP_T":0},"geometry":{"type":"LineString","coordinates":[[-74.0606291050096,40.086666014642],[-74.0605658256444,40.0866629473378],[-74.0605136430918,40.0866684318386],[-74.0604800244309,40.0866883455857],[-74.0604574841947,40.0867196662919],[-74.0603253673872,40.0869994611684],[-74.0602991291427,40.0870279405335],[-74.0602543775933,40.0870392184525]]}},{"type":"Feature","id":93948,"properties":{"OBJECTID":93948,"PRIMENAME":"Patterson Road","ELEVTYP_F":0,"ELEVTYP_T":0},"geometry":{"type":"LineString","coordinates":[[-74.065793049812,40.0771309303164],[-74.0658136600729,40.0770762111645],[-74.0660675885482,40.0763811686474]]}},{"type":"Feature","id":94035,"properties":{"OBJECTID":94035,"PRIMENAME":"Ocean Road","ELEVTYP_F":0,"ELEVTYP_T":0},"geometry":{"type":"LineString","coordinates":[[-74.0638456569009,40.0842058490121],[-74.0636156367715,40.0841933421821],[-74.0634808220056,40.0841821556328],[-74.0633227156123,40.0841636872973],[-74.0631738989826,40.0841345202248],[-74.0629415738589,40.0840800274912],[-74.062703966864,40.0840249388105],[-74.0626907244645,40.0840218687981],[-74.0625858779345,40.0840024755403]]}},{"type":"Feature","id":94059,"properties":{"OBJECTID":94059,"PRIMENAME":"Treeneedle Road","ELEVTYP_F":0,"ELEVTYP_T":0},"geometry":{"type":"LineString","coordinates":[[-74.083934391018,40.0754910555593],[-74.0841797534159,40.0746791976889],[-74.0842869008871,40.0743305973672]]}},{"type":"Feature","id":94175,"properties":{"OBJECTID":94175,"PRIMENAME":"Howe Street","ELEVTYP_F":0,"ELEVTYP_T":0},"geometry":{"type":"LineString","coordinates":[[-74.0526573053277,40.0707222395221],[-74.0537518060892,40.0708573576606],[-74.0541014235345,40.070901640842],[-74.0547367004655,40.071011371347]]}},{"type":"Feature","id":94193,"properties":{"OBJECTID":94193,"PRIMENAME":"Meadow Avenue","ELEVTYP_F":0,"ELEVTYP_T":0},"geometry":{"type":"LineString","coordinates":[[-74.0493180591185,40.0688943376262],[-74.0495270013008,40.0689250470144],[-74.0498424870929,40.0689717250612]]}},{"type":"Feature","id":94365,"properties":{"OBJECTID":94365,"PRIMENAME":"Willoughby Lane","ELEVTYP_F":0,"ELEVTYP_T":0},"geometry":{"type":"LineString","coordinates":[[-74.0615383302419,40.072990390726],[-74.0616521572512,40.0732338918193]]}},{"type":"Feature","id":94443,"properties":{"OBJECTID":94443,"PRIMENAME":"Chicopee Place","ELEVTYP_F":0,"ELEVTYP_T":0},"geometry":{"type":"LineString","coordinates":[[-74.0876993254693,40.0729578870169],[-74.0870728878296,40.0737750520204]]}},{"type":"Feature","id":94519,"properties":{"OBJECTID":94519,"PRIMENAME":"Bridge Avenue","ELEVTYP_F":0,"ELEVTYP_T":0},"geometry":{"type":"LineString","coordinates":[[-74.078487481587,40.074066652937],[-74.0782390324515,40.0739937940177],[-74.0778087645055,40.0738858448554],[-74.0775566489356,40.0738225526977]]}},{"type":"Feature","id":94677,"properties":{"OBJECTID":94677,"PRIMENAME":"Joie Place","ELEVTYP_F":0,"ELEVTYP_T":0},"geometry":{"type":"LineString","coordinates":[[-74.0870151821176,40.0652748663291],[-74.0873442429047,40.0656778059715]]}},{"type":"Feature","id":94702,"properties":{"OBJECTID":94702,"PRIMENAME":"Barnegat Boulevard","ELEVTYP_F":0,"ELEVTYP_T":0},"geometry":{"type":"LineString","coordinates":[[-74.0612032227155,40.0702038280559],[-74.0612049027329,40.0701258117468],[-74.06120247052,40.0700888407286],[-74.0612015167586,40.0700743242234],[-74.0612055265184,40.0700286021366],[-74.0612318875575,40.0699800824807],[-74.0612612048809,40.069955554109],[-74.0612693224477,40.0699487629894],[-74.0613141898371,40.0699174716303],[-74.0613776919947,40.0698833956059],[-74.0614295406338,40.0698667290924]]}},{"type":"Feature","id":94722,"properties":{"OBJECTID":94722,"PRIMENAME":"Glenwood Drive","ELEVTYP_F":0,"ELEVTYP_T":0},"geometry":{"type":"LineString","coordinates":[[-74.0687608533556,40.0656609124915],[-74.0663535649913,40.0656792972366]]}},{"type":"Feature","id":94856,"properties":{"OBJECTID":94856,"PRIMENAME":"Stonehedge Lane","ELEVTYP_F":0,"ELEVTYP_T":0},"geometry":{"type":"LineString","coordinates":[[-74.0557277513758,40.093563953237],[-74.0567068208634,40.0938035177132]]}},{"type":"Feature","id":95182,"properties":{"OBJECTID":95182,"PRIMENAME":"Canal Street","ELEVTYP_F":0,"ELEVTYP_T":0},"geometry":{"type":"LineString","coordinates":[[-74.0542314721118,40.0693154553823],[-74.0553516130775,40.0693569316801],[-74.0555436093114,40.0693667735442],[-74.0563807048916,40.0694096882141]]}},{"type":"Feature","id":95249,"properties":{"OBJECTID":95249,"PRIMENAME":"South Street","ELEVTYP_F":0,"ELEVTYP_T":0},"geometry":{"type":"LineString","coordinates":[[-74.0625262341928,40.0775012823009],[-74.0626131315884,40.0775819108532],[-74.0628386844049,40.0778201228894],[-74.0629864482472,40.0779951177098],[-74.0630011677352,40.0780237252189],[-74.0630046649117,40.0780580818523]]}},{"type":"Feature","id":95408,"properties":{"OBJECTID":95408,"PRIMENAME":"Hiawatha Avenue","ELEVTYP_F":0,"ELEVTYP_T":0},"geometry":{"type":"LineString","coordinates":[[-74.0854344269368,40.0790955353639],[-74.0819526080773,40.079818549113]]}},{"type":"Feature","id":95719,"properties":{"OBJECTID":95719,"PRIMENAME":"Briarcliff Avenue","ELEVTYP_F":0,"ELEVTYP_T":0},"geometry":{"type":"LineString","coordinates":[[-74.0537869819236,40.0853644431034],[-74.0547904856397,40.0855906743042]]}},{"type":"Feature","id":96148,"properties":{"OBJECTID":96148,"PRIMENAME":"Lakewood Road","ELEVTYP_F":0,"ELEVTYP_T":0},"geometry":{"type":"LineString","coordinates":[[-74.0876676488558,40.0794129858898],[-74.0875351789013,40.0794406258578]]}},{"type":"Feature","id":96184,"properties":{"OBJECTID":96184,"PRIMENAME":"Orchid Lane","ELEVTYP_F":0,"ELEVTYP_T":0},"geometry":{"type":"LineString","coordinates":[[-74.0934412235142,40.0918790141625],[-74.0928476776346,40.0917174808396],[-74.0927624799831,40.0916903596424],[-74.0926927963989,40.0916573357582],[-74.0925961246847,40.0916003602889],[-74.0918690288419,40.0911894900781],[-74.0910838755819,40.0907575458216],[-74.0910569250907,40.0907276368731],[-74.0910415719364,40.0906888457069],[-74.0910417860193,40.0906530754779]]}},{"type":"Feature","id":96188,"properties":{"OBJECTID":96188,"PRIMENAME":"Willoughby Lane","ELEVTYP_F":0,"ELEVTYP_T":0},"geometry":{"type":"LineString","coordinates":[[-74.0613579066137,40.0726837139741],[-74.0615383302419,40.072990390726]]}},{"type":"Feature","id":96230,"properties":{"OBJECTID":96230,"PRIMENAME":"Riverside Drive North","ELEVTYP_F":0,"ELEVTYP_T":0},"geometry":{"type":"LineString","coordinates":[[-74.0885735222302,40.0974172972099],[-74.0887426350782,40.0977810743583],[-74.0888235339437,40.0979472057724],[-74.0889009225456,40.0980847466474],[-74.0889858675123,40.0982023000298],[-74.0890858044459,40.0982998940837],[-74.0891784103692,40.0983803029886],[-74.0892674008301,40.0984435138179],[-74.0894047255754,40.0985240811025],[-74.0896497351957,40.0986507668421],[-74.0898018949421,40.0987256767298],[-74.089954042961,40.0988205718029],[-74.0900397270052,40.0988869542729]]}},{"type":"Feature","id":96288,"properties":{"OBJECTID":96288,"PRIMENAME":"Park Avenue","ELEVTYP_F":0,"ELEVTYP_T":0},"geometry":{"type":"LineString","coordinates":[[-74.0531784436658,40.0726601334811],[-74.0524873465785,40.0725581211472],[-74.0520965464984,40.0725008741156],[-74.0517233559616,40.0724462059432]]}},{"type":"Feature","id":96338,"properties":{"OBJECTID":96338,"PRIMENAME":"South Street","ELEVTYP_F":0,"ELEVTYP_T":0},"geometry":{"type":"LineString","coordinates":[[-74.0602408695323,40.0763842341184],[-74.060524364718,40.0764293727691]]}},{"type":"Feature","id":96742,"properties":{"OBJECTID":96742,"PRIMENAME":"Bridge Avenue","ELEVTYP_F":0,"ELEVTYP_T":0},"geometry":{"type":"LineString","coordinates":[[-74.0801593193094,40.0745694072502],[-74.0797945888172,40.0744606059123],[-74.0793302489591,40.0743195679931]]}},{"type":"Feature","id":97276,"properties":{"OBJECTID":97276,"PRIMENAME":"Hollywood Boulevard","ELEVTYP_F":0,"ELEVTYP_T":0},"geometry":{"type":"LineString","coordinates":[[-74.0637132102389,40.0742426441094],[-74.0637697055939,40.0743663690329],[-74.0638531252337,40.0745437010228]]}},{"type":"Feature","id":97850,"properties":{"OBJECTID":97850,"PRIMENAME":"Crate Place","ELEVTYP_F":0,"ELEVTYP_T":0},"geometry":{"type":"LineString","coordinates":[[-74.090383625992,40.0616283776538],[-74.0909671141154,40.0617796872487]]}},{"type":"Feature","id":98138,"properties":{"OBJECTID":98138,"PRIMENAME":"Miller Road","ELEVTYP_F":0,"ELEVTYP_T":0},"geometry":{"type":"LineString","coordinates":[[-74.0692018241231,40.080246416953],[-74.0692234168823,40.0802567372311],[-74.0692797531185,40.0802887925198],[-74.0693548881897,40.0803266821033],[-74.0694074908321,40.080350047973],[-74.0694714782314,40.0803647536326],[-74.0695543722024,40.0803679997364],[-74.0696410551903,40.0803653837345],[-74.0708514249162,40.0802796082544]]}},{"type":"Feature","id":98835,"properties":{"OBJECTID":98835,"PRIMENAME":"Bay Isle Drive","ELEVTYP_F":0,"ELEVTYP_T":0},"geometry":{"type":"LineString","coordinates":[[-74.0607563253687,40.0633574638874],[-74.0606625051922,40.0632397456988],[-74.0603988554096,40.0629449134473],[-74.0603214219427,40.0628793353803],[-74.0602437934055,40.0628273471189],[-74.060145014964,40.0627752776092],[-74.060046146722,40.062731360772],[-74.0599295596504,40.0626928401683],[-74.0597951800871,40.0626651511639],[-74.0597741843632,40.0626629574538]]}},{"type":"Feature","id":99240,"properties":{"OBJECTID":99240,"PRIMENAME":"Cambridge Drive","ELEVTYP_F":0,"ELEVTYP_T":0},"geometry":{"type":"LineString","coordinates":[[-74.0828231046146,40.0829609898549],[-74.0828105379113,40.0829587171844],[-74.0827622514769,40.082941385074],[-74.0827363720344,40.0829126858465],[-74.0821567665659,40.0813177900783]]}},{"type":"Feature","id":99262,"properties":{"OBJECTID":99262,"PRIMENAME":"Howe Street","ELEVTYP_F":0,"ELEVTYP_T":0},"geometry":{"type":"LineString","coordinates":[[-74.0523603404585,40.0706865841409],[-74.0526573053277,40.0707222395221]]}},{"type":"Feature","id":99297,"properties":{"OBJECTID":99297,"PRIMENAME":"Lincoln Avenue","ELEVTYP_F":0,"ELEVTYP_T":0},"geometry":{"type":"LineString","coordinates":[[-74.0553529979266,40.0952731368885],[-74.0550627951766,40.0950662345367],[-74.0550433518202,40.0950328865359],[-74.0550357280333,40.0949904968681],[-74.0550517680458,40.0949481990018],[-74.0551034031062,40.0948248577019]]}},{"type":"Feature","id":99452,"properties":{"OBJECTID":99452,"PRIMENAME":"Grasing Terrace","ELEVTYP_F":0,"ELEVTYP_T":0},"geometry":{"type":"LineString","coordinates":[[-74.0637132102389,40.0742426441094],[-74.0625046670291,40.0746057947158]]}},{"type":"Feature","id":99503,"properties":{"OBJECTID":99503,"PRIMENAME":"Maxson Avenue","ELEVTYP_F":0,"ELEVTYP_T":0},"geometry":{"type":"LineString","coordinates":[[-74.0722037460122,40.0855843356196],[-74.0721485537307,40.0858481490559],[-74.071936262646,40.0868443258121]]}},{"type":"Feature","id":99767,"properties":{"OBJECTID":99767,"PRIMENAME":"Sampson Road","ELEVTYP_F":0,"ELEVTYP_T":0},"geometry":{"type":"LineString","coordinates":[[-74.0609964521274,40.0903343235847],[-74.0610019221319,40.090378598891],[-74.0610304961266,40.0904096468306],[-74.0610822395146,40.0904231299043],[-74.0611398645473,40.0904277688313],[-74.0618723386238,40.0903265216131]]}},{"type":"Feature","id":99876,"properties":{"OBJECTID":99876,"PRIMENAME":"Barnegat Boulevard","ELEVTYP_F":0,"ELEVTYP_T":0},"geometry":{"type":"LineString","coordinates":[[-74.060949470047,40.0701328971008],[-74.0602311521052,40.0705299512891],[-74.0600699428155,40.0706006571199],[-74.059945407322,40.0706019242836],[-74.0598300277264,40.0705875693283],[-74.0597304745683,40.0705767546885],[-74.0596173600128,40.0705624081293],[-74.0595517906956,40.0705482431311],[-74.0595112273171,40.0705185182048],[-74.0594143551133,40.070443352557]]}},{"type":"Feature","id":100291,"properties":{"OBJECTID":100291,"PRIMENAME":"Richmond Avenue","ELEVTYP_F":0,"ELEVTYP_T":0},"geometry":{"type":"LineString","coordinates":[[-74.0504291489299,40.0974624860608],[-74.0504926396739,40.0971416688359]]}},{"type":"Feature","id":100551,"properties":{"OBJECTID":100551,"PRIMENAME":"Clematis Place","ELEVTYP_F":0,"ELEVTYP_T":0},"geometry":{"type":"LineString","coordinates":[[-74.0872923460199,40.0639927314625],[-74.0875337411165,40.063340697187]]}},{"type":"Feature","id":100736,"properties":{"OBJECTID":100736,"PRIMENAME":"Clematis Place","ELEVTYP_F":0,"ELEVTYP_T":0},"geometry":{"type":"LineString","coordinates":[[-74.0869182890115,40.0639092305612],[-74.08661307023,40.0642599006532],[-74.0865829788984,40.0643141232654],[-74.0865714501475,40.0643712673177],[-74.0865594860692,40.0645254399963],[-74.0865512620288,40.0646314252702]]}},{"type":"Feature","id":100884,"properties":{"OBJECTID":100884,"PRIMENAME":"Dorset Dock Road","ELEVTYP_F":0,"ELEVTYP_T":0},"geometry":{"type":"LineString","coordinates":[[-74.0741876681208,40.0728852090963],[-74.074452277569,40.0725649243741],[-74.0748205806827,40.0721192007103]]}},{"type":"Feature","id":100969,"properties":{"OBJECTID":100969,"PRIMENAME":"Fay Court","ELEVTYP_F":0,"ELEVTYP_T":0},"geometry":{"type":"LineString","coordinates":[[-74.059254257363,40.0746773385367],[-74.0597672241028,40.0747567396686],[-74.0598258995875,40.0747682456192],[-74.0598698144823,40.0747966339116],[-74.0598842116944,40.0748418494001],[-74.0598838845815,40.074892664405],[-74.0598444228441,40.0753158703048],[-74.0598293727762,40.0753722289785],[-74.0597850211023,40.0754116207247],[-74.0597261996517,40.0754170526463],[-74.0596454012964,40.0754167455458],[-74.0573625001057,40.0750467608637],[-74.0572965364784,40.0750239149025],[-74.0572600559776,40.074984270158],[-74.0572751094254,40.0749278839089],[-74.0574290954564,40.0743868211196]]}},{"type":"Feature","id":101443,"properties":{"OBJECTID":101443,"PRIMENAME":"Bridge Avenue","ELEVTYP_F":0,"ELEVTYP_T":0},"geometry":{"type":"LineString","coordinates":[[-74.0733627688055,40.072580765771],[-74.0732572345085,40.0725536651751],[-74.0729652674814,40.0724815947724],[-74.0727039747191,40.0724244901298],[-74.0724656926827,40.0723792464006],[-74.0722540520744,40.0723595496753]]}},{"type":"Feature","id":101551,"properties":{"OBJECTID":101551,"PRIMENAME":"Patterson Road","ELEVTYP_F":0,"ELEVTYP_T":0},"geometry":{"type":"LineString","coordinates":[[-74.0664855013821,40.0742102243734],[-74.0664946874551,40.0735110525685]]}},{"type":"Feature","id":101712,"properties":{"OBJECTID":101712,"PRIMENAME":"Ridgefield Drive","ELEVTYP_F":0,"ELEVTYP_T":0},"geometry":{"type":"LineString","coordinates":[[-74.0549376491947,40.0851904444152],[-74.0547904856397,40.0855906743042]]}},{"type":"Feature","id":101730,"properties":{"OBJECTID":101730,"PRIMENAME":"1st Avenue","ELEVTYP_F":0,"ELEVTYP_T":0},"geometry":{"type":"LineString","coordinates":[[-74.0514231269072,40.0822442375701],[-74.0513232520113,40.0822177171861],[-74.0512414115049,40.0822116897841],[-74.0511408597648,40.0822141554106],[-74.0508691381085,40.0822073918487],[-74.0507947504575,40.0821985108102],[-74.0507055162385,40.0821810065562],[-74.0504677536113,40.0821028857908]]}},{"type":"Feature","id":102974,"properties":{"OBJECTID":102974,"PRIMENAME":"Smith Drive","ELEVTYP_F":0,"ELEVTYP_T":0},"geometry":{"type":"LineString","coordinates":[[-74.088070962985,40.0868424282338],[-74.0879685925381,40.085627947538],[-74.0879567151085,40.0855586960576]]}},{"type":"Feature","id":103518,"properties":{"OBJECTID":103518,"PRIMENAME":"Old Bridge Avenue","ELEVTYP_F":0,"ELEVTYP_T":0},"geometry":{"type":"LineString","coordinates":[[-74.0622419545244,40.0729787486278],[-74.0618997180688,40.0729402832614],[-74.0618335961403,40.0729365466047],[-74.0617656475771,40.0729390349037],[-74.0617021900545,40.072949089773],[-74.0615383302419,40.072990390726]]}},{"type":"Feature","id":103583,"properties":{"OBJECTID":103583,"PRIMENAME":"Sherman Avenue","ELEVTYP_F":0,"ELEVTYP_T":0},"geometry":{"type":"LineString","coordinates":[[-74.059810383454,40.0804081426036],[-74.0593458180148,40.0814386983755],[-74.0593168125892,40.0815140021487]]}},{"type":"Feature","id":103659,"properties":{"OBJECTID":103659,"PRIMENAME":"Christine Court","ELEVTYP_F":0,"ELEVTYP_T":0},"geometry":{"type":"LineString","coordinates":[[-74.0723617175298,40.0670574921464],[-74.0722934129912,40.067032229491],[-74.0722339742712,40.0670177069974],[-74.0712890517693,40.0669370155906],[-74.0712220193156,40.0669424779278],[-74.0711586685158,40.0669594296134],[-74.0711175417429,40.0669878555334],[-74.0710950125868,40.0670192343176],[-74.0710798607597,40.0670592042215],[-74.0710527904855,40.0672220947192],[-74.0710211787525,40.0675165230378],[-74.0710320759326,40.0675566182055],[-74.0710579446836,40.0675853200677],[-74.0710913538866,40.0676026020041],[-74.0711322653761,40.0676141742747],[-74.0712140179874,40.0676259247176],[-74.0722841812565,40.0676970580505]]}},{"type":"Feature","id":103695,"properties":{"OBJECTID":103695,"PRIMENAME":"Bay Point Harbour","ELEVTYP_F":0,"ELEVTYP_T":0},"geometry":{"type":"LineString","coordinates":[[-74.0533747303349,40.0681819486661],[-74.0523911327835,40.0680272456799],[-74.052145063125,40.0679581094005],[-74.0518570915192,40.0677625412154],[-74.0516929463074,40.0677316013702],[-74.0506094242867,40.0675531523376],[-74.0505209280138,40.0675149285054],[-74.0504620629656,40.0674692429415],[-74.0504394221842,40.0674135966275],[-74.0504532819338,40.0673050590365],[-74.050474596688,40.0670627062096],[-74.050596423119,40.0667081276171]]}},{"type":"Feature","id":103909,"properties":{"OBJECTID":103909,"PRIMENAME":"Northeast Drive","ELEVTYP_F":0,"ELEVTYP_T":0},"geometry":{"type":"LineString","coordinates":[[-74.0691194413892,40.0981487164657],[-74.0688693924353,40.0980227368795],[-74.0674588398423,40.0973120978816],[-74.0673724627091,40.0972685646698]]}},{"type":"Feature","id":104260,"properties":{"OBJECTID":104260,"PRIMENAME":"Atlantic Avenue","ELEVTYP_F":0,"ELEVTYP_T":0},"geometry":{"type":"LineString","coordinates":[[-74.0533862398017,40.0876465608235],[-74.0535394085185,40.0876338363359],[-74.0537405673847,40.0876174532824],[-74.0538932594265,40.0876065936243],[-74.0540347613956,40.0876071384773],[-74.0543019649427,40.087624775629],[-74.0546962330403,40.0876479805944],[-74.0547990513406,40.0876546725369]]}},{"type":"Feature","id":104810,"properties":{"OBJECTID":104810,"PRIMENAME":"Hall Avenue","ELEVTYP_F":0,"ELEVTYP_T":0},"geometry":{"type":"LineString","coordinates":[[-74.0711797253952,40.0841585026648],[-74.0713258719715,40.0834572310133]]}},{"type":"Feature","id":104874,"properties":{"OBJECTID":104874,"PRIMENAME":"McLean Avenue","ELEVTYP_F":0,"ELEVTYP_T":0},"geometry":{"type":"LineString","coordinates":[[-74.0510519752701,40.0936448022932],[-74.0514110467116,40.09366576813],[-74.0529605236193,40.0937634514156]]}},{"type":"Feature","id":104951,"properties":{"OBJECTID":104951,"PRIMENAME":"Smith Drive","ELEVTYP_F":0,"ELEVTYP_T":0},"geometry":{"type":"LineString","coordinates":[[-74.0904929888301,40.0912224915374],[-74.0903721262086,40.0910513056119],[-74.0902419275847,40.0908753371827],[-74.0899433424633,40.0904902930614],[-74.0893629096065,40.0897678120234]]}},{"type":"Feature","id":104961,"properties":{"OBJECTID":104961,"PRIMENAME":"17th Avenue","ELEVTYP_F":0,"ELEVTYP_T":0},"geometry":{"type":"LineString","coordinates":[[-74.091530240848,40.0974020098375],[-74.0921090815978,40.0972501476315]]}},{"type":"Feature","id":105011,"properties":{"OBJECTID":105011,"PRIMENAME":"Manorside Drive","ELEVTYP_F":0,"ELEVTYP_T":0},"geometry":{"type":"LineString","coordinates":[[-74.0899260999798,40.0649100727052],[-74.0898807458102,40.0649120810387],[-74.0898285463574,40.0649233449907],[-74.088738326349,40.0654942690788],[-74.0887010266111,40.0655056115312],[-74.0886675280757,40.0655026103749],[-74.0886379023017,40.065479608596],[-74.088441598682,40.0652357037009]]}},{"type":"Feature","id":105407,"properties":{"OBJECTID":105407,"PRIMENAME":"Shore Haven Court","ELEVTYP_F":0,"ELEVTYP_T":0},"geometry":{"type":"LineString","coordinates":[[-74.0816411967371,40.0659278490871],[-74.0822460154453,40.0660280948104]]}},{"type":"Feature","id":106254,"properties":{"OBJECTID":106254,"PRIMENAME":"Baywood Avenue","ELEVTYP_F":0,"ELEVTYP_T":0},"geometry":{"type":"LineString","coordinates":[[-74.0829438566514,40.0692260027405],[-74.0818937927341,40.0707534499101]]}},{"type":"Feature","id":106537,"properties":{"OBJECTID":106537,"PRIMENAME":"Foster Road","ELEVTYP_F":0,"ELEVTYP_T":0},"geometry":{"type":"LineString","coordinates":[[-74.0664763780822,40.0749050036432],[-74.0653779836461,40.074755330476],[-74.0646118548942,40.0746466491536],[-74.0644931934406,40.0746305499682],[-74.0638531252337,40.0745437010228]]}},{"type":"Feature","id":106555,"properties":{"OBJECTID":106555,"PRIMENAME":"Herbertsville Road","ELEVTYP_F":0,"ELEVTYP_T":0},"geometry":{"type":"LineString","coordinates":[[-74.0798467600726,40.0851599901917],[-74.0802185521103,40.0853445056489]]}},{"type":"Feature","id":106566,"properties":{"OBJECTID":106566,"PRIMENAME":"Clark Street","ELEVTYP_F":0,"ELEVTYP_T":0},"geometry":{"type":"LineString","coordinates":[[-74.0597418181522,40.0893939316475],[-74.0597626054179,40.0901081590837]]}},{"type":"Feature","id":106929,"properties":{"OBJECTID":106929,"PRIMENAME":"Jaehnel Parkway","ELEVTYP_F":0,"ELEVTYP_T":0},"geometry":{"type":"LineString","coordinates":[[-74.080016111673,40.089014368911],[-74.0812330579703,40.087061776666],[-74.0818154334952,40.0861230882978]]}},{"type":"Feature","id":107404,"properties":{"OBJECTID":107404,"PRIMENAME":"Long Point Lane","ELEVTYP_F":0,"ELEVTYP_T":0},"geometry":{"type":"LineString","coordinates":[[-74.051950380637,40.097745458758],[-74.0528181362382,40.098037665219],[-74.0531992410411,40.0981242150862]]}},{"type":"Feature","id":107414,"properties":{"OBJECTID":107414,"PRIMENAME":"Calamus Place","ELEVTYP_F":0,"ELEVTYP_T":0},"geometry":{"type":"LineString","coordinates":[[-74.0823847782777,40.0689976638594],[-74.0833622126014,40.0675613423174]]}},{"type":"Feature","id":108093,"properties":{"OBJECTID":108093,"PRIMENAME":"Old Farm Road","ELEVTYP_F":0,"ELEVTYP_T":0},"geometry":{"type":"LineString","coordinates":[[-74.059582625138,40.0803518762028],[-74.0594092732801,40.0803104219303],[-74.0588848891898,40.0801758272154]]}},{"type":"Feature","id":108141,"properties":{"OBJECTID":108141,"PRIMENAME":"Roe Avenue","ELEVTYP_F":0,"ELEVTYP_T":0},"geometry":{"type":"LineString","coordinates":[[-74.0622452151145,40.0713029614743],[-74.0622504648366,40.0721574628915]]}},{"type":"Feature","id":108198,"properties":{"OBJECTID":108198,"PRIMENAME":"Kickapoo Avenue","ELEVTYP_F":0,"ELEVTYP_T":0},"geometry":{"type":"LineString","coordinates":[[-74.0886765636819,40.0748716935597],[-74.0888495581483,40.0748365906177],[-74.0891626356461,40.0747719506286]]}},{"type":"Feature","id":108373,"properties":{"OBJECTID":108373,"PRIMENAME":"Dorset Dock Road","ELEVTYP_F":0,"ELEVTYP_T":0},"geometry":{"type":"LineString","coordinates":[[-74.0810641326994,40.0666225275532],[-74.0815572608167,40.0660392259175],[-74.0815984878531,40.0659936095661],[-74.0816247626832,40.0659565606639],[-74.0816411967371,40.0659278490871]]}},{"type":"Feature","id":108936,"properties":{"OBJECTID":108936,"PRIMENAME":"Forman Avenue","ELEVTYP_F":0,"ELEVTYP_T":0},"geometry":{"type":"LineString","coordinates":[[-74.0547294654985,40.0884048623228],[-74.0535036930948,40.0884940528929]]}},{"type":"Feature","id":109803,"properties":{"OBJECTID":109803,"PRIMENAME":"Cambridge Drive","ELEVTYP_F":0,"ELEVTYP_T":0},"geometry":{"type":"LineString","coordinates":[[-74.0835683165952,40.0825984581073],[-74.0833368203562,40.082734699477],[-74.0831879393614,40.0828176716465],[-74.0829595520381,40.0829449507364],[-74.0829073202593,40.0829590656924],[-74.0828588768102,40.0829674568515],[-74.0828231046146,40.0829609898549]]}},{"type":"Feature","id":110479,"properties":{"OBJECTID":110479,"PRIMENAME":"South Richmond Avenue","ELEVTYP_F":0,"ELEVTYP_T":0},"geometry":{"type":"LineString","coordinates":[[-74.0482662933305,40.0801544776918],[-74.0481977087056,40.0802752822512]]}},{"type":"Feature","id":110481,"properties":{"OBJECTID":110481,"PRIMENAME":"Robin Hood Road","ELEVTYP_F":0,"ELEVTYP_T":0},"geometry":{"type":"LineString","coordinates":[[-74.0821838044503,40.0640573848263],[-74.0823044627167,40.0638004451111],[-74.0823646705427,40.0636948573983],[-74.0824472950913,40.0635750473921],[-74.0825372116305,40.0634781313729],[-74.0826271627539,40.0633755058938],[-74.0827132069248,40.0633043275868]]}},{"type":"Feature","id":110520,"properties":{"OBJECTID":110520,"PRIMENAME":"Nersita Drive","ELEVTYP_F":0,"ELEVTYP_T":0},"geometry":{"type":"LineString","coordinates":[[-74.0571438446667,40.0797118972446],[-74.0571179877196,40.0796705358432],[-74.0571033985453,40.0796275710485],[-74.0571073746666,40.0795875594495],[-74.0572611838773,40.0788274750978],[-74.0572651952105,40.0787874357008],[-74.0572392927328,40.0787587577082],[-74.0571390037249,40.0787269131441],[-74.0563362196542,40.0785179429408]]}},{"type":"Feature","id":110843,"properties":{"OBJECTID":110843,"PRIMENAME":"Howe Street","ELEVTYP_F":0,"ELEVTYP_T":0},"geometry":{"type":"LineString","coordinates":[[-74.0547367004655,40.071011371347],[-74.0557483272125,40.0712425957272]]}},{"type":"Feature","id":111025,"properties":{"OBJECTID":111025,"PRIMENAME":"Atlantic Avenue","ELEVTYP_F":0,"ELEVTYP_T":0},"geometry":{"type":"LineString","coordinates":[[-74.0547990513406,40.0876546725369],[-74.054888089753,40.0876604674912]]}},{"type":"Feature","id":111363,"properties":{"OBJECTID":111363,"PRIMENAME":"Ocean Road","ELEVTYP_F":0,"ELEVTYP_T":0},"geometry":{"type":"LineString","coordinates":[[-74.0575265629602,40.082798903664],[-74.0569237653455,40.0826587198065],[-74.0567709062034,40.082623170158],[-74.0562746665986,40.0825113201585]]}},{"type":"Feature","id":111439,"properties":{"OBJECTID":111439,"PRIMENAME":"Treeneedle Road","ELEVTYP_F":0,"ELEVTYP_T":0},"geometry":{"type":"LineString","coordinates":[[-74.0847373893557,40.0728648104439],[-74.084832938065,40.0725539160399],[-74.0853008324599,40.0709953415757]]}},{"type":"Feature","id":111808,"properties":{"OBJECTID":111808,"PRIMENAME":"Beach Boulevard","ELEVTYP_F":0,"ELEVTYP_T":0},"geometry":{"type":"LineString","coordinates":[[-74.062909339794,40.0704243574023],[-74.0619147501091,40.0703040615837],[-74.0613131439857,40.0702254106663],[-74.0612032227155,40.0702038280559]]}},{"type":"Feature","id":112563,"properties":{"OBJECTID":112563,"PRIMENAME":"Serpentine Road","ELEVTYP_F":0,"ELEVTYP_T":0},"geometry":{"type":"LineString","coordinates":[[-74.0919331043689,40.060189759438],[-74.0919822597498,40.0602627115624],[-74.0919979127715,40.0602928427537],[-74.0920275083263,40.0603498151662],[-74.0920607145944,40.0604313037396],[-74.0920773457248,40.0604702084478],[-74.0920864818958,40.0605498000596],[-74.09208129567,40.0606108103087],[-74.0920714191537,40.0606551681743],[-74.0920445925453,40.0607142900221],[-74.0920007352948,40.0608010807385],[-74.0919375664415,40.0608970265551],[-74.0918915280918,40.0609542423752],[-74.0918526004169,40.0610114273833],[-74.0918283016614,40.0610538942932],[-74.0918107499991,40.0611032482777]]}},{"type":"Feature","id":112624,"properties":{"OBJECTID":112624,"PRIMENAME":"Robin Hood Road","ELEVTYP_F":0,"ELEVTYP_T":0},"geometry":{"type":"LineString","coordinates":[[-74.0909987884136,40.063497578421],[-74.0911493620813,40.0635202913355],[-74.0912646303631,40.0635435667346],[-74.091346435254,40.0635524209327],[-74.091450571845,40.0635670912603],[-74.0914649647566,40.0635686452762],[-74.0918790219067,40.0636133506342]]}},{"type":"Feature","id":112830,"properties":{"OBJECTID":112830,"PRIMENAME":"Edgar Road","ELEVTYP_F":0,"ELEVTYP_T":0},"geometry":{"type":"LineString","coordinates":[[-74.0702646765986,40.0733305098453],[-74.0697278322396,40.073255931145],[-74.0684744616553,40.0730853973674],[-74.0665022799292,40.0728150325497]]}},{"type":"Feature","id":113014,"properties":{"OBJECTID":113014,"PRIMENAME":"Harbor Road","ELEVTYP_F":0,"ELEVTYP_T":0},"geometry":{"type":"LineString","coordinates":[[-74.0830514445899,40.0642156762119],[-74.0831693942511,40.0642326545307],[-74.0832995597812,40.0642502540136],[-74.083437209324,40.0642593416616],[-74.0835414334938,40.0642597163584],[-74.083634490797,40.0642571956236],[-74.0837871440281,40.0642491514961],[-74.0838466698772,40.0642493653295],[-74.0839322778492,40.0642496728034],[-74.0840215670626,40.0642557038443],[-74.0841108214056,40.0642674721249],[-74.0841963956958,40.0642735167164],[-74.0843583726793,40.0642948499749],[-74.0843749046862,40.0642970259197],[-74.0844604433372,40.0643087535801],[-74.0845460165399,40.0643147979095],[-74.0846241049804,40.0643179331135],[-74.0846874345407,40.064315304946],[-74.0847470316267,40.0643097811385],[-74.0848251899016,40.0643072060445],[-74.08491835136,40.0642875263925],[-74.084996631556,40.0642706485667],[-74.0850749285096,40.0642452051286],[-74.085164478075,40.064208327062],[-74.0852951293111,40.0641458991989],[-74.0861060774436,40.0637307131444]]}},{"type":"Feature","id":113161,"properties":{"OBJECTID":113161,"PRIMENAME":"Edgar Road","ELEVTYP_F":0,"ELEVTYP_T":0},"geometry":{"type":"LineString","coordinates":[[-74.0711448523861,40.0734527820207],[-74.0702646765986,40.0733305098453]]}},{"type":"Feature","id":113237,"properties":{"OBJECTID":113237,"PRIMENAME":"Arnold Avenue","ELEVTYP_F":0,"ELEVTYP_T":0},"geometry":{"type":"LineString","coordinates":[[-74.0579425546661,40.0910736312357],[-74.0579076185281,40.0910984290418],[-74.0578403960807,40.0911296065925],[-74.0577620580943,40.0911550583056],[-74.0576986638347,40.0911691192402],[-74.057579419558,40.0911857950124],[-74.057434156702,40.0911909775128],[-74.0572642338645,40.0911968933162]]}},{"type":"Feature","id":113450,"properties":{"OBJECTID":113450,"PRIMENAME":"Foster Road","ELEVTYP_F":0,"ELEVTYP_T":0},"geometry":{"type":"LineString","coordinates":[[-74.0700678363083,40.0754007401897],[-74.0697965097835,40.075358086635]]}},{"type":"Feature","id":113666,"properties":{"OBJECTID":113666,"PRIMENAME":"Old Farm Road","ELEVTYP_F":0,"ELEVTYP_T":0},"geometry":{"type":"LineString","coordinates":[[-74.0637477400159,40.081174430361],[-74.0634177110519,40.0811315957386]]}},{"type":"Feature","id":113917,"properties":{"OBJECTID":113917,"PRIMENAME":"Laura Herbert Drive","ELEVTYP_F":0,"ELEVTYP_T":0},"geometry":{"type":"LineString","coordinates":[[-74.0718342708894,40.0791761920587],[-74.071853880395,40.0791276378962],[-74.0720868732998,40.0785507561268],[-74.0721007235335,40.0785075685916]]}},{"type":"Feature","id":114479,"properties":{"OBJECTID":114479,"PRIMENAME":"Dorset Dock Road","ELEVTYP_F":0,"ELEVTYP_T":0},"geometry":{"type":"LineString","coordinates":[[-74.0755958765045,40.0711808373908],[-74.075978781001,40.0707174557444],[-74.0760836208081,40.070591170197]]}},{"type":"Feature","id":115064,"properties":{"OBJECTID":115064,"PRIMENAME":"Rue Mirador","ELEVTYP_F":0,"ELEVTYP_T":0},"geometry":{"type":"LineString","coordinates":[[-74.0595416726625,40.0650237659803],[-74.0595764963701,40.0647404621316]]}},{"type":"Feature","id":115311,"properties":{"OBJECTID":115311,"PRIMENAME":"Hiawatha Avenue","ELEVTYP_F":0,"ELEVTYP_T":0},"geometry":{"type":"LineString","coordinates":[[-74.0819526080773,40.079818549113],[-74.0817080948398,40.0798693329632],[-74.0804373770752,40.0801249390111]]}},{"type":"Feature","id":115755,"properties":{"OBJECTID":115755,"PRIMENAME":"Elizabeth Avenue","ELEVTYP_F":0,"ELEVTYP_T":0},"geometry":{"type":"LineString","coordinates":[[-74.0485623964389,40.0830716008063],[-74.0472889540568,40.0827720038903]]}},{"type":"Feature","id":115801,"properties":{"OBJECTID":115801,"PRIMENAME":"Barton Avenue","ELEVTYP_F":0,"ELEVTYP_T":0},"geometry":{"type":"LineString","coordinates":[[-74.0772221861098,40.0777776691846],[-74.0774648176446,40.0771458953569]]}},{"type":"Feature","id":116379,"properties":{"OBJECTID":116379,"PRIMENAME":"Oak Terrace","ELEVTYP_F":0,"ELEVTYP_T":0},"geometry":{"type":"LineString","coordinates":[[-74.0831934975517,40.0867970065051],[-74.0837918739461,40.0860723900714],[-74.0842021066925,40.0855751488632]]}},{"type":"Feature","id":116567,"properties":{"OBJECTID":116567,"PRIMENAME":"Riviera Parkway","ELEVTYP_F":0,"ELEVTYP_T":0},"geometry":{"type":"LineString","coordinates":[[-74.0632546159602,40.0690395182924],[-74.0633891286988,40.069055505553],[-74.0647319835028,40.0692150962282],[-74.0653424753232,40.0692892061196]]}},{"type":"Feature","id":116667,"properties":{"OBJECTID":116667,"PRIMENAME":"Bridge Avenue","ELEVTYP_F":0,"ELEVTYP_T":0},"geometry":{"type":"LineString","coordinates":[[-74.0646351520302,40.0713583911285],[-74.0645033655198,40.0713356855725],[-74.0642419554256,40.071293276055],[-74.0638921596928,40.0712476501375],[-74.0636932901219,40.0712211225602]]}},{"type":"Feature","id":117250,"properties":{"OBJECTID":117250,"PRIMENAME":"Morris Avenue","ELEVTYP_F":0,"ELEVTYP_T":0},"geometry":{"type":"LineString","coordinates":[[-74.0602892432591,40.0883588040795],[-74.0604041202266,40.0884034667539],[-74.0604903946189,40.0884215287472],[-74.0605881790605,40.0884395523753],[-74.060714828319,40.0884489000391],[-74.0612617918083,40.088473073237],[-74.0634438681301,40.0885742182885]]}},{"type":"Feature","id":117274,"properties":{"OBJECTID":117274,"PRIMENAME":"Rue Mirador","ELEVTYP_F":0,"ELEVTYP_T":0},"geometry":{"type":"LineString","coordinates":[[-74.0580957937216,40.0671966489357],[-74.0587119975867,40.0666917442698]]}},{"type":"Feature","id":117305,"properties":{"OBJECTID":117305,"PRIMENAME":"Holly Avenue","ELEVTYP_F":0,"ELEVTYP_T":0},"geometry":{"type":"LineString","coordinates":[[-74.0499039123905,40.0731592489643],[-74.0498558326684,40.0733571643757],[-74.0497891820993,40.0736290761505]]}},{"type":"Feature","id":117837,"properties":{"OBJECTID":117837,"PRIMENAME":"Allen Street","ELEVTYP_F":0,"ELEVTYP_T":0},"geometry":{"type":"LineString","coordinates":[[-74.0737570816948,40.0844828483704],[-74.0750535982868,40.0846419526145]]}},{"type":"Feature","id":117851,"properties":{"OBJECTID":117851,"PRIMENAME":"Delaware Avenue","ELEVTYP_F":0,"ELEVTYP_T":0},"geometry":{"type":"LineString","coordinates":[[-74.0482188949734,40.0784809702029],[-74.0480873525212,40.0784364222437],[-74.048072427972,40.0784314291245]]}},{"type":"Feature","id":118177,"properties":{"OBJECTID":118177,"PRIMENAME":"River Road","ELEVTYP_F":0,"ELEVTYP_T":0},"geometry":{"type":"LineString","coordinates":[[-74.0695604726877,40.086549981976],[-74.0695037456148,40.0867775769583]]}},{"type":"Feature","id":118465,"properties":{"OBJECTID":118465,"PRIMENAME":"Middle Avenue","ELEVTYP_F":0,"ELEVTYP_T":0},"geometry":{"type":"LineString","coordinates":[[-74.0686403490505,40.0663889085108],[-74.0684919766029,40.0664424382298],[-74.0683967878196,40.0664706356925],[-74.0683306412013,40.0664830728409],[-74.0681943252307,40.0664889057425],[-74.0681849779163,40.0664890033052],[-74.0680146546197,40.06649078941]]}},{"type":"Feature","id":118553,"properties":{"OBJECTID":118553,"PRIMENAME":"Burnt Tavern Road","ELEVTYP_F":0,"ELEVTYP_T":0},"geometry":{"type":"LineString","coordinates":[[-74.0642028025934,40.0815041818637],[-74.0641201548661,40.0814415519716],[-74.0637477400159,40.081174430361]]}},{"type":"Feature","id":118563,"properties":{"OBJECTID":118563,"PRIMENAME":"Ernestine Place","ELEVTYP_F":0,"ELEVTYP_T":0},"geometry":{"type":"LineString","coordinates":[[-74.0892484265589,40.0605256077659],[-74.0895041868051,40.0605930568049],[-74.0896804157212,40.0606395319345],[-74.0901638599261,40.0607765331318],[-74.0902371408157,40.0607881023819],[-74.0903288382861,40.0607912269258],[-74.0904462562732,40.0607888417897],[-74.090463394956,40.06079060469]]}},{"type":"Feature","id":118608,"properties":{"OBJECTID":118608,"PRIMENAME":"East Bennett Place","ELEVTYP_F":0,"ELEVTYP_T":0},"geometry":{"type":"LineString","coordinates":[[-74.0732179191091,40.0689021306866],[-74.0733028106586,40.0681362508559]]}},{"type":"Feature","id":118743,"properties":{"OBJECTID":118743,"PRIMENAME":"Crestview Terrace","ELEVTYP_F":0,"ELEVTYP_T":0},"geometry":{"type":"LineString","coordinates":[[-74.0839531751742,40.0871647268573],[-74.0849271401271,40.085972635227],[-74.0849519151703,40.0859423616475]]}},{"type":"Feature","id":118851,"properties":{"OBJECTID":118851,"PRIMENAME":"Bridge Avenue","ELEVTYP_F":0,"ELEVTYP_T":0},"geometry":{"type":"LineString","coordinates":[[-74.0844500505407,40.0758743008796],[-74.0842693286648,40.0758040585382],[-74.0840274015567,40.0757203361404],[-74.083904545766,40.0756841779065]]}},{"type":"Feature","id":118982,"properties":{"OBJECTID":118982,"PRIMENAME":"Birch Drive","ELEVTYP_F":0,"ELEVTYP_T":0},"geometry":{"type":"LineString","coordinates":[[-74.0729524068737,40.0969171435403],[-74.0729599566111,40.096927411327],[-74.0730211134796,40.0970658360591],[-74.0731258932563,40.0971853692169],[-74.0731571922665,40.0972109056522]]}},{"type":"Feature","id":118987,"properties":{"OBJECTID":118987,"PRIMENAME":"Curtis Avenue","ELEVTYP_F":0,"ELEVTYP_T":0},"geometry":{"type":"LineString","coordinates":[[-74.0813352791087,40.0714177228306],[-74.0806607569072,40.0732362834537],[-74.0801593193094,40.0745694072502]]}},{"type":"Feature","id":119184,"properties":{"OBJECTID":119184,"PRIMENAME":"FR RT 88 EB to RT 35 NB","ELEVTYP_F":0,"ELEVTYP_T":0},"geometry":{"type":"LineString","coordinates":[[-74.0498467622087,40.0808621984969],[-74.0496999699768,40.0808340501901],[-74.0495524607803,40.0808082081457],[-74.0494042960151,40.0807846831193],[-74.0492555373494,40.0807634849022],[-74.0491443553349,40.0807534706716],[-74.0490328513988,40.0807458585868],[-74.0489211132325,40.0807406539923],[-74.048809228907,40.0807378609904],[-74.0486972866088,40.0807374817824],[-74.0485154965868,40.0807394764704],[-74.0483337517817,40.0807431750187]]}},{"type":"Feature","id":119311,"properties":{"OBJECTID":119311,"PRIMENAME":"Forrest Road","ELEVTYP_F":0,"ELEVTYP_T":0},"geometry":{"type":"LineString","coordinates":[[-74.077559244605,40.0958384926256],[-74.077427792273,40.0959673172439]]}},{"type":"Feature","id":119373,"properties":{"OBJECTID":119373,"PRIMENAME":"River Road","ELEVTYP_F":0,"ELEVTYP_T":0},"geometry":{"type":"LineString","coordinates":[[-74.0883600028175,40.0956979524684],[-74.0883407836876,40.0956764360073],[-74.088293338834,40.0956245740123]]}},{"type":"Feature","id":119543,"properties":{"OBJECTID":119543,"PRIMENAME":"Harbor Road","ELEVTYP_F":0,"ELEVTYP_T":0},"geometry":{"type":"LineString","coordinates":[[-74.0821838044503,40.0640573848263],[-74.0830514445899,40.0642156762119]]}},{"type":"Feature","id":119780,"properties":{"OBJECTID":119780,"PRIMENAME":"River Road","ELEVTYP_F":0,"ELEVTYP_T":0},"geometry":{"type":"LineString","coordinates":[[-74.0742334983905,40.087135147389],[-74.0737308569934,40.0870715843073],[-74.0732138211838,40.0870065113947]]}},{"type":"Feature","id":120387,"properties":{"OBJECTID":120387,"PRIMENAME":"Allen Street","ELEVTYP_F":0,"ELEVTYP_T":0},"geometry":{"type":"LineString","coordinates":[[-74.0750535982868,40.0846419526145],[-74.0752708455438,40.0846685830203],[-74.0756320231367,40.0847103559186]]}},{"type":"Feature","id":120657,"properties":{"OBJECTID":120657,"PRIMENAME":"Blue Jay Trail","ELEVTYP_F":0,"ELEVTYP_T":0},"geometry":{"type":"LineString","coordinates":[[-74.0742148628555,40.0651032765422],[-74.0742188589626,40.0656552113967],[-74.0742332953149,40.0657296357874],[-74.0742552885542,40.0657840465687],[-74.0743033648995,40.065832842779],[-74.0743441159931,40.0658644538052],[-74.0744109859116,40.0658847129268],[-74.0745113710606,40.0658993846941],[-74.0747923114313,40.0659251843729],[-74.0755492378423,40.0659946934168],[-74.0756088003155,40.0659949116193],[-74.0756646469906,40.0659894057716],[-74.0757205821299,40.065975307585],[-74.0757616180968,40.0659554444039],[-74.0757989910271,40.0659326855701],[-74.0758439377033,40.0658871128125],[-74.0761138712759,40.0655324710003]]}},{"type":"Feature","id":121271,"properties":{"OBJECTID":121271,"PRIMENAME":"Rue Avenue","ELEVTYP_F":0,"ELEVTYP_T":0},"geometry":{"type":"LineString","coordinates":[[-74.0594958797544,40.0857266014917],[-74.0593117786375,40.0863135002019],[-74.0591631096797,40.086787443414]]}},{"type":"Feature","id":121358,"properties":{"OBJECTID":121358,"PRIMENAME":"Sunflower Lane","ELEVTYP_F":0,"ELEVTYP_T":0},"geometry":{"type":"LineString","coordinates":[[-74.0919012991786,40.0893978154959],[-74.09150450613,40.0891983456688]]}},{"type":"Feature","id":121457,"properties":{"OBJECTID":121457,"PRIMENAME":"Sea Avenue","ELEVTYP_F":0,"ELEVTYP_T":0},"geometry":{"type":"LineString","coordinates":[[-74.0669437591943,40.0833884360559],[-74.0663189206514,40.0836176539815]]}},{"type":"Feature","id":121499,"properties":{"OBJECTID":121499,"PRIMENAME":"Borden Avenue","ELEVTYP_F":0,"ELEVTYP_T":0},"geometry":{"type":"LineString","coordinates":[[-74.0566570283283,40.0860131718352],[-74.0566076724,40.0861559587876]]}},{"type":"Feature","id":121563,"properties":{"OBJECTID":121563,"PRIMENAME":"North Drive","ELEVTYP_F":0,"ELEVTYP_T":0},"geometry":{"type":"LineString","coordinates":[[-74.0691379484066,40.0588278512214],[-74.0691601253985,40.0590335591091],[-74.0691667467615,40.059167967651],[-74.0691664044265,40.0592223234115],[-74.0691585585749,40.0592823346633],[-74.0691433364376,40.0593337528595],[-74.0691131254241,40.0594051287847],[-74.0690679630429,40.05947933222],[-74.0690005236695,40.0595562800529],[-74.0689406604884,40.0596046769358],[-74.0688509282134,40.0596701209043],[-74.0687837055569,40.0597070424661],[-74.0687090693938,40.0597410811837],[-74.0686232856717,40.0597693679323],[-74.068537557247,40.0597890621795],[-74.0684593144212,40.0598001916018],[-74.0683699602673,40.0598055961821],[-74.0682881089149,40.0598052912148],[-74.0681802302578,40.0597962965414],[-74.0680724249135,40.0597758812108],[-74.0658278960996,40.059244177178],[-74.0653894671798,40.0591338463239],[-74.0653040657324,40.0591020646061],[-74.06522616718,40.0590646005658],[-74.0651557365049,40.0590157157494],[-74.0650780016695,40.0589525292338],[-74.0649929097645,40.0588721279528],[-74.0649338628663,40.0587918253151],[-74.0648897307412,40.0587144608889],[-74.0648604626684,40.0586314148355],[-74.0648277882981,40.0584997354811]]}},{"type":"Feature","id":121715,"properties":{"OBJECTID":121715,"PRIMENAME":"Rue Cambon","ELEVTYP_F":0,"ELEVTYP_T":0},"geometry":{"type":"LineString","coordinates":[[-74.0673525490018,40.0702353289521],[-74.0672881741,40.0705431684518],[-74.0672059172829,40.0709436784181]]}},{"type":"Feature","id":122283,"properties":{"OBJECTID":122283,"PRIMENAME":"Hulse Road","ELEVTYP_F":0,"ELEVTYP_T":0},"geometry":{"type":"LineString","coordinates":[[-74.0602408695323,40.0763842341184],[-74.060535642745,40.0742635495664],[-74.0605359677742,40.0742129822363],[-74.060518740004,40.07416904678],[-74.06049307319,40.0741480848309],[-74.0604605923279,40.0741365957419]]}},{"type":"Feature","id":124151,"properties":{"OBJECTID":124151,"PRIMENAME":"Pacific Avenue","ELEVTYP_F":0,"ELEVTYP_T":0},"geometry":{"type":"LineString","coordinates":[[-74.0734836757896,40.0857465810243],[-74.0732103270955,40.085711752345],[-74.0722037460122,40.0855843356196]]}},{"type":"Feature","id":124966,"properties":{"OBJECTID":124966,"PRIMENAME":"Herbertsville Road","ELEVTYP_F":0,"ELEVTYP_T":0},"geometry":{"type":"LineString","coordinates":[[-74.0808123211712,40.0856304947012],[-74.0808420620593,40.0856416385067],[-74.0808638496624,40.0856498154686]]}},{"type":"Feature","id":125045,"properties":{"OBJECTID":125045,"PRIMENAME":"Lawrence Avenue","ELEVTYP_F":0,"ELEVTYP_T":0},"geometry":{"type":"LineString","coordinates":[[-74.0666151512989,40.086667563223],[-74.0661123765114,40.0867674224077],[-74.0648301641966,40.0869971177546],[-74.0647794162394,40.0870073318949]]}},{"type":"Feature","id":125121,"properties":{"OBJECTID":125121,"PRIMENAME":"Harbor Drive","ELEVTYP_F":0,"ELEVTYP_T":0},"geometry":{"type":"LineString","coordinates":[[-74.0763573164985,40.0667999447788],[-74.0764390111837,40.0668325838561],[-74.0768074834158,40.0669932967629],[-74.0773666668746,40.0672393697403],[-74.0784543680966,40.0677289533219]]}},{"type":"Feature","id":125169,"properties":{"OBJECTID":125169,"PRIMENAME":"Riverwood Pike","ELEVTYP_F":0,"ELEVTYP_T":0},"geometry":{"type":"LineString","coordinates":[[-74.0563276149372,40.0901614659728],[-74.0563212552211,40.0901058635485],[-74.0563035998745,40.0896706637685]]}},{"type":"Feature","id":125475,"properties":{"OBJECTID":125475,"PRIMENAME":"Herbertsville Road","ELEVTYP_F":0,"ELEVTYP_T":0},"geometry":{"type":"LineString","coordinates":[[-74.0739406438165,40.0836120223644],[-74.0750262381865,40.083673524681],[-74.0752525691687,40.083687257198]]}},{"type":"Feature","id":125804,"properties":{"OBJECTID":125804,"PRIMENAME":"Love Land Place","ELEVTYP_F":0,"ELEVTYP_T":0},"geometry":{"type":"LineString","coordinates":[[-74.0614295406338,40.0698667290924],[-74.0613845863735,40.069801913343],[-74.0613002077986,40.0693896268953]]}},{"type":"Feature","id":126498,"properties":{"OBJECTID":126498,"PRIMENAME":"South Street","ELEVTYP_F":0,"ELEVTYP_T":0},"geometry":{"type":"LineString","coordinates":[[-74.0617597935587,40.0769466313564],[-74.0617721029006,40.0769552984597],[-74.0618854470258,40.0770237268319],[-74.0620057056862,40.0770963298302],[-74.0624243804712,40.0774067886575],[-74.0625262341928,40.0775012823009]]}},{"type":"Feature","id":127406,"properties":{"OBJECTID":127406,"PRIMENAME":"South Street","ELEVTYP_F":0,"ELEVTYP_T":0},"geometry":{"type":"LineString","coordinates":[[-74.0551518374608,40.0756555781312],[-74.0552463164403,40.0756554914431]]}},{"type":"Feature","id":127663,"properties":{"OBJECTID":127663,"PRIMENAME":"Barton Avenue","ELEVTYP_F":0,"ELEVTYP_T":0},"geometry":{"type":"LineString","coordinates":[[-74.0759766826626,40.080926144173],[-74.0762249752196,40.0802957937178]]}},{"type":"Feature","id":127802,"properties":{"OBJECTID":127802,"PRIMENAME":"Gowdy Avenue","ELEVTYP_F":0,"ELEVTYP_T":0},"geometry":{"type":"LineString","coordinates":[[-74.0536849333199,40.0893222437025],[-74.0536444490084,40.0893038865377],[-74.0536148267969,40.0892751934493],[-74.053600181704,40.0892408206663],[-74.0535116112213,40.0885512683241],[-74.0535036930948,40.0884940528929]]}},{"type":"Feature","id":128148,"properties":{"OBJECTID":128148,"PRIMENAME":"Barton Avenue","ELEVTYP_F":0,"ELEVTYP_T":0},"geometry":{"type":"LineString","coordinates":[[-74.0753906106325,40.0830180161458],[-74.0755325209549,40.0823297357636]]}},{"type":"Feature","id":128406,"properties":{"OBJECTID":128406,"PRIMENAME":"River Road","ELEVTYP_F":0,"ELEVTYP_T":0},"geometry":{"type":"LineString","coordinates":[[-74.0872814714083,40.0945334117944],[-74.0870432649349,40.0942876657281],[-74.086783198988,40.0940193653324],[-74.0865130196094,40.0937495799307],[-74.086116891257,40.093370684511],[-74.085666407967,40.0929548613032]]}},{"type":"Feature","id":128461,"properties":{"OBJECTID":128461,"PRIMENAME":"Trenton Avenue","ELEVTYP_F":0,"ELEVTYP_T":0},"geometry":{"type":"LineString","coordinates":[[-74.0536849333199,40.0893222437025],[-74.0535462878845,40.0893326627355],[-74.0517766361212,40.0894729224476]]}},{"type":"Feature","id":128535,"properties":{"OBJECTID":128535,"PRIMENAME":"Powhatan Avenue","ELEVTYP_F":0,"ELEVTYP_T":0},"geometry":{"type":"LineString","coordinates":[[-74.0822179310687,40.0779121405398],[-74.0830205314037,40.0780927643525],[-74.0831150386868,40.0781076272755],[-74.0832080629978,40.0781193818957],[-74.083267618323,40.0781167409508],[-74.0833495977016,40.0781056159301],[-74.0835247915106,40.0780690742655],[-74.0844800039596,40.0778722882598]]}},{"type":"Feature","id":128578,"properties":{"OBJECTID":128578,"PRIMENAME":"Trenton Avenue","ELEVTYP_F":0,"ELEVTYP_T":0},"geometry":{"type":"LineString","coordinates":[[-74.0548418260188,40.0890835158592],[-74.0547571355259,40.0890778555706]]}},{"type":"Feature","id":128637,"properties":{"OBJECTID":128637,"PRIMENAME":"School Street","ELEVTYP_F":0,"ELEVTYP_T":0},"geometry":{"type":"LineString","coordinates":[[-74.0741745770364,40.0770700463025],[-74.0744219310018,40.0764414810227]]}},{"type":"Feature","id":128960,"properties":{"OBJECTID":128960,"PRIMENAME":"Pine Bluff Avenue","ELEVTYP_F":0,"ELEVTYP_T":0},"geometry":{"type":"LineString","coordinates":[[-74.0632636346021,40.0876427675089],[-74.0631915942107,40.0876401072437],[-74.0621569696856,40.087570423691],[-74.0610442348322,40.0874975797432]]}},{"type":"Feature","id":129076,"properties":{"OBJECTID":129076,"PRIMENAME":"Trenton Avenue","ELEVTYP_F":0,"ELEVTYP_T":0},"geometry":{"type":"LineString","coordinates":[[-74.0547571355259,40.0890778555706],[-74.0546929403266,40.0891241502416],[-74.0546475919381,40.0891665560956],[-74.054606475032,40.0892067264727],[-74.0545829603467,40.0892335397129],[-74.0545478151342,40.0892513319318],[-74.0545098341388,40.0892601630623],[-74.0536849333199,40.0893222437025]]}},{"type":"Feature","id":129563,"properties":{"OBJECTID":129563,"PRIMENAME":"Cranberry Avenue","ELEVTYP_F":0,"ELEVTYP_T":0},"geometry":{"type":"LineString","coordinates":[[-74.0497891820993,40.0736290761505],[-74.0501223853102,40.0736769589609],[-74.0513719076174,40.0738619793446]]}},{"type":"Feature","id":129762,"properties":{"OBJECTID":129762,"PRIMENAME":"Bridge Avenue","ELEVTYP_F":0,"ELEVTYP_T":0},"geometry":{"type":"LineString","coordinates":[[-74.0883553817913,40.0810655330655],[-74.0884223277944,40.0811536218762],[-74.0886773640275,40.081432573581],[-74.0888530939312,40.0816109834835],[-74.089033008104,40.0817830121358],[-74.0893973471076,40.0820849996822],[-74.0895524763709,40.0821889922608],[-74.0896824349172,40.0822767271319],[-74.0898590037781,40.0823921340636]]}},{"type":"Feature","id":129814,"properties":{"OBJECTID":129814,"PRIMENAME":"Cohocton Avenue","ELEVTYP_F":0,"ELEVTYP_T":0},"geometry":{"type":"LineString","coordinates":[[-74.088133799022,40.0764091490513],[-74.0889013887844,40.0762487489641]]}},{"type":"Feature","id":130179,"properties":{"OBJECTID":130179,"PRIMENAME":"Cottage Place","ELEVTYP_F":0,"ELEVTYP_T":0},"geometry":{"type":"LineString","coordinates":[[-74.0561949305084,40.0794564374087],[-74.0561761068574,40.0794273746844],[-74.0561644425341,40.0793963353447],[-74.056158753519,40.0793589500964],[-74.0561650343878,40.0793272112183],[-74.0563362196542,40.0785179429408]]}},{"type":"Feature","id":130420,"properties":{"OBJECTID":130420,"PRIMENAME":"Moore Avenue","ELEVTYP_F":0,"ELEVTYP_T":0},"geometry":{"type":"LineString","coordinates":[[-74.0735928757061,40.0755415636714],[-74.0746759977469,40.0757958914487]]}},{"type":"Feature","id":130469,"properties":{"OBJECTID":130469,"PRIMENAME":"North Stream Parkway","ELEVTYP_F":0,"ELEVTYP_T":0},"geometry":{"type":"LineString","coordinates":[[-74.0833714194699,40.0741670363318],[-74.0835069186195,40.0737171258649],[-74.083807922311,40.0727066113839]]}},{"type":"Feature","id":130936,"properties":{"OBJECTID":130936,"PRIMENAME":"Bay Avenue","ELEVTYP_F":0,"ELEVTYP_T":0},"geometry":{"type":"LineString","coordinates":[[-74.0547544306263,40.0718555440663],[-74.0547929987332,40.0722545322917],[-74.0548239324735,40.07255828417]]}},{"type":"Feature","id":131001,"properties":{"OBJECTID":131001,"PRIMENAME":"Birch Drive","ELEVTYP_F":0,"ELEVTYP_T":0},"geometry":{"type":"LineString","coordinates":[[-74.0723483363226,40.0962733906945],[-74.0724421174378,40.0963678194527],[-74.072793658477,40.0967218333288],[-74.0728728008845,40.0968118988379],[-74.0728860869942,40.0968270181865],[-74.0729524068737,40.0969171435403]]}},{"type":"Feature","id":131020,"properties":{"OBJECTID":131020,"PRIMENAME":"Wood Wild Drive","ELEVTYP_F":0,"ELEVTYP_T":0},"geometry":{"type":"LineString","coordinates":[[-74.0604605923279,40.0741365957419],[-74.0604179200335,40.0741316025082],[-74.0600350329196,40.0740675003475]]}},{"type":"Feature","id":131292,"properties":{"OBJECTID":131292,"PRIMENAME":"Herbertsville Road","ELEVTYP_F":0,"ELEVTYP_T":0},"geometry":{"type":"LineString","coordinates":[[-74.0816252493488,40.0860299670961],[-74.0818154334952,40.0861230882978]]}},{"type":"Feature","id":131321,"properties":{"OBJECTID":131321,"PRIMENAME":"Eastham Road","ELEVTYP_F":0,"ELEVTYP_T":0},"geometry":{"type":"LineString","coordinates":[[-74.0881582635488,40.0913849061713],[-74.0881535683686,40.0913786143577],[-74.0874047075099,40.0904214861717]]}},{"type":"Feature","id":131335,"properties":{"OBJECTID":131335,"PRIMENAME":"Johnson Avenue","ELEVTYP_F":0,"ELEVTYP_T":0},"geometry":{"type":"LineString","coordinates":[[-74.0639601352516,40.0834774530648],[-74.063967516543,40.0834296846936],[-74.0640358440063,40.0829883304453],[-74.0640792226621,40.0826424466433]]}},{"type":"Feature","id":131367,"properties":{"OBJECTID":131367,"PRIMENAME":"Ocean Road","ELEVTYP_F":0,"ELEVTYP_T":0},"geometry":{"type":"LineString","coordinates":[[-74.0594371792922,40.083252282592],[-74.0588914912168,40.0831211835654]]}},{"type":"Feature","id":131454,"properties":{"OBJECTID":131454,"PRIMENAME":"Dellwood Road","ELEVTYP_F":0,"ELEVTYP_T":0},"geometry":{"type":"LineString","coordinates":[[-74.0757852523742,40.0705035725952],[-74.0755025192259,40.0701997557559],[-74.0752070468921,40.069939623847],[-74.0751542870613,40.0699068585478],[-74.0751471024666,40.0699023971785],[-74.0750750246682,40.069874349993],[-74.0749507269567,40.0698368592445],[-74.0739807510236,40.0695834724488],[-74.0739246732916,40.0695740142818],[-74.0738524443515,40.0695645245997],[-74.0737721513571,40.0695703782664],[-74.0731977644292,40.0696237743479],[-74.0731943862883,40.069624622967],[-74.0731494124902,40.0696359231177],[-74.0731051477678,40.0696573929085],[-74.0730649413752,40.0696757207022],[-74.0729784428527,40.0697424154103]]}},{"type":"Feature","id":133236,"properties":{"OBJECTID":133236,"PRIMENAME":"Gowdy Avenue","ELEVTYP_F":0,"ELEVTYP_T":0},"geometry":{"type":"LineString","coordinates":[[-74.0533862398017,40.0876465608235],[-74.0532982793925,40.0870119445849],[-74.0532947876612,40.0869718764524],[-74.0532950306276,40.0869347058363],[-74.0532990457928,40.0868946945731],[-74.0532994926358,40.0868918140823]]}},{"type":"Feature","id":133731,"properties":{"OBJECTID":133731,"PRIMENAME":"Leonard Road","ELEVTYP_F":0,"ELEVTYP_T":0},"geometry":{"type":"LineString","coordinates":[[-74.0646362606619,40.0725648817792],[-74.0646351520302,40.0713583911285]]}},{"type":"Feature","id":133766,"properties":{"OBJECTID":133766,"PRIMENAME":"Woodland Road","ELEVTYP_F":0,"ELEVTYP_T":0},"geometry":{"type":"LineString","coordinates":[[-74.0538185278618,40.094502914808],[-74.0539818269731,40.0938278400963]]}},{"type":"Feature","id":133796,"properties":{"OBJECTID":133796,"PRIMENAME":"Unnamed Segment","ELEVTYP_F":0,"ELEVTYP_T":0},"geometry":{"type":"LineString","coordinates":[[-74.0583365343836,40.0903239241409],[-74.0584221444653,40.0903436325034],[-74.059124788163,40.0905053809176],[-74.0591424357094,40.0900048743864],[-74.058892049667,40.0899263968652],[-74.0585793956077,40.089913044718],[-74.0584877665444,40.0899091314741]]}},{"type":"Feature","id":134194,"properties":{"OBJECTID":134194,"PRIMENAME":"Carroll Fox Road","ELEVTYP_F":0,"ELEVTYP_T":0},"geometry":{"type":"LineString","coordinates":[[-74.0877227320136,40.0608486123707],[-74.0875863064043,40.0606966665779],[-74.0874715450796,40.0605961635917],[-74.0873677932847,40.0605185954112],[-74.0872713704405,40.0604639219341],[-74.0872045193328,40.0604407871559],[-74.0871413494006,40.0604234037956],[-74.0870706961014,40.0604145872765],[-74.0869888419632,40.0604085850936],[-74.0868883412296,40.0604139372003],[-74.0867728898566,40.0604220902043],[-74.0866537410966,40.0604388234489],[-74.0865456161315,40.060464189458],[-74.0863592698159,40.0605092887011],[-74.0858447316935,40.060664730171],[-74.0855858811133,40.0607410861386]]}},{"type":"Feature","id":134292,"properties":{"OBJECTID":134292,"PRIMENAME":"Oriole Way","ELEVTYP_F":0,"ELEVTYP_T":0},"geometry":{"type":"LineString","coordinates":[[-74.0761138712759,40.0655324710003],[-74.075653828623,40.0653316133509],[-74.0753382731317,40.0652017837312],[-74.0752528050781,40.0651785747335],[-74.0751450597347,40.0651524557962],[-74.0750409420991,40.0651349156814],[-74.0749069750732,40.0651137793603]]}},{"type":"Feature","id":134549,"properties":{"OBJECTID":134549,"PRIMENAME":"Meadow Avenue","ELEVTYP_F":0,"ELEVTYP_T":0},"geometry":{"type":"LineString","coordinates":[[-74.0498424870929,40.0689717250612],[-74.050873464417,40.0691242591331]]}},{"type":"Feature","id":134715,"properties":{"OBJECTID":134715,"PRIMENAME":"Cedar Place","ELEVTYP_F":0,"ELEVTYP_T":0},"geometry":{"type":"LineString","coordinates":[[-74.0793951220543,40.0614023909739],[-74.0804713264215,40.0614062101456],[-74.0806556645141,40.0614099795028],[-74.0807999680307,40.0614166516749],[-74.0813449363317,40.0614524992216],[-74.0814130893882,40.0614496713995],[-74.0814652729246,40.0614406079717]]}},{"type":"Feature","id":135115,"properties":{"OBJECTID":135115,"PRIMENAME":"Meadow Point Lane","ELEVTYP_F":0,"ELEVTYP_T":0},"geometry":{"type":"LineString","coordinates":[[-74.0817079931939,40.0916821559784],[-74.0821894890031,40.0916215198897],[-74.082278014641,40.0916003981933],[-74.0823479833809,40.0915684750787],[-74.0825067819854,40.0914832566356]]}},{"type":"Feature","id":136204,"properties":{"OBJECTID":136204,"PRIMENAME":"Cramer Avenue","ELEVTYP_F":0,"ELEVTYP_T":0},"geometry":{"type":"LineString","coordinates":[[-74.0536767509097,40.0914396438385],[-74.0536751932084,40.0914373599886],[-74.0536494722437,40.0913857854794],[-74.053642338449,40.0913342834893],[-74.0537076194916,40.0904623218205],[-74.0537139122077,40.0903526166409]]}},{"type":"Feature","id":137838,"properties":{"OBJECTID":137838,"PRIMENAME":"Osborne Avenue","ELEVTYP_F":0,"ELEVTYP_T":0},"geometry":{"type":"LineString","coordinates":[[-74.0467251191276,40.07709132989],[-74.0472280383119,40.0772612650763],[-74.0493491617991,40.0779779554161],[-74.049617174531,40.0780685085936],[-74.0507145995671,40.0784392836303]]}},{"type":"Feature","id":138099,"properties":{"OBJECTID":138099,"PRIMENAME":"Rue Lido","ELEVTYP_F":0,"ELEVTYP_T":0},"geometry":{"type":"LineString","coordinates":[[-74.0631131289589,40.0711568647785],[-74.0631128492252,40.0711558747611],[-74.0630762451374,40.0710964656123],[-74.0630472155978,40.0710314016382],[-74.0629679388221,40.0707940163782],[-74.0629428248966,40.0706923178836],[-74.0629141186998,40.0705934051876],[-74.062903439234,40.0705312935264],[-74.0629038181016,40.0704720229455],[-74.062909339794,40.0704243574023]]}},{"type":"Feature","id":140292,"properties":{"OBJECTID":140292,"PRIMENAME":"Partridge Run","ELEVTYP_F":0,"ELEVTYP_T":0},"geometry":{"type":"LineString","coordinates":[[-74.0549193278849,40.072563001963],[-74.0549611819115,40.0725650704249],[-74.0551375635524,40.0725657478687],[-74.0552771412972,40.0725606562295],[-74.0554756454464,40.0725444787261],[-74.0556962349684,40.0725227310285],[-74.0558947021769,40.0725122090242],[-74.0560269534436,40.0725127159321],[-74.0561230105464,40.0725289245244]]}},{"type":"Feature","id":140314,"properties":{"OBJECTID":140314,"PRIMENAME":"Park Avenue","ELEVTYP_F":0,"ELEVTYP_T":0},"geometry":{"type":"LineString","coordinates":[[-74.0501336228934,40.0722133073546],[-74.0485550230513,40.0719790027426]]}},{"type":"Feature","id":141804,"properties":{"OBJECTID":141804,"PRIMENAME":"Rue Avenue","ELEVTYP_F":0,"ELEVTYP_T":0},"geometry":{"type":"LineString","coordinates":[[-74.0591631096797,40.086787443414],[-74.0588955063244,40.0876902924893],[-74.058829240342,40.0879281137049]]}},{"type":"Feature","id":141843,"properties":{"OBJECTID":141843,"PRIMENAME":"Lincoln Avenue","ELEVTYP_F":0,"ELEVTYP_T":0},"geometry":{"type":"LineString","coordinates":[[-74.0558234908693,40.0931129274316],[-74.056042223889,40.0926003648946]]}},{"type":"Feature","id":142022,"properties":{"OBJECTID":142022,"PRIMENAME":"Beach Boulevard","ELEVTYP_F":0,"ELEVTYP_T":0},"geometry":{"type":"LineString","coordinates":[[-74.0612032227155,40.0702038280559],[-74.0611807381481,40.0701994321665],[-74.0610318087926,40.0701649360871],[-74.060949470047,40.0701328971008]]}},{"type":"Feature","id":142168,"properties":{"OBJECTID":142168,"PRIMENAME":"Rue Mirador","ELEVTYP_F":0,"ELEVTYP_T":0},"geometry":{"type":"LineString","coordinates":[[-74.0594977845597,40.0653807950826],[-74.0595416726625,40.0650237659803]]}},{"type":"Feature","id":142586,"properties":{"OBJECTID":142586,"PRIMENAME":"Arnold Avenue","ELEVTYP_F":0,"ELEVTYP_T":0},"geometry":{"type":"LineString","coordinates":[[-74.0584877665444,40.0899091314741],[-74.0584825870925,40.0899226905577],[-74.0583365343836,40.0903239241409]]}},{"type":"Feature","id":142766,"properties":{"OBJECTID":142766,"PRIMENAME":"Hardenberg Cove","ELEVTYP_F":0,"ELEVTYP_T":0},"geometry":{"type":"LineString","coordinates":[[-74.0810971238134,40.0907071184965],[-74.0818010069178,40.0896019827609]]}},{"type":"Feature","id":143027,"properties":{"OBJECTID":143027,"PRIMENAME":"Rue Mirador","ELEVTYP_F":0,"ELEVTYP_T":0},"geometry":{"type":"LineString","coordinates":[[-74.0568776691281,40.0682314305219],[-74.0574818894737,40.0677092735013]]}},{"type":"Feature","id":143347,"properties":{"OBJECTID":143347,"PRIMENAME":"River Road","ELEVTYP_F":0,"ELEVTYP_T":0},"geometry":{"type":"LineString","coordinates":[[-74.0818010069178,40.0896019827609],[-74.0816608806775,40.0895512650097],[-74.0812744147915,40.0894297613866],[-74.0811983262893,40.0894048604983]]}},{"type":"Feature","id":143706,"properties":{"OBJECTID":143706,"PRIMENAME":"Pine Meadow Road","ELEVTYP_F":0,"ELEVTYP_T":0},"geometry":{"type":"LineString","coordinates":[[-74.0814926006891,40.0608165834994],[-74.0815292149259,40.0604733026877],[-74.0815715013784,40.0604584110817],[-74.0816395982982,40.060458656999],[-74.0817197318294,40.0604712723649],[-74.0820360088014,40.0605340196302],[-74.0820728953905,40.0605422616663]]}},{"type":"Feature","id":144025,"properties":{"OBJECTID":144025,"PRIMENAME":"Hance Place","ELEVTYP_F":0,"ELEVTYP_T":0},"geometry":{"type":"LineString","coordinates":[[-74.0563821099865,40.0747504699275],[-74.0551585616003,40.0748255804657]]}},{"type":"Feature","id":144050,"properties":{"OBJECTID":144050,"PRIMENAME":"FR RIVER AVE to RT 35 SB","ELEVTYP_F":0,"ELEVTYP_T":0},"geometry":{"type":"LineString","coordinates":[[-74.0506963556683,40.095898257312],[-74.0506766668796,40.0959267823564],[-74.0506554336186,40.0959546463343],[-74.0506326934462,40.0959817999528],[-74.0506084865892,40.0960081951757],[-74.0505828555639,40.0960337851172],[-74.0505558460358,40.0960585246935],[-74.0505275057842,40.0960823701394],[-74.0504978849431,40.0961052792713],[-74.0504783293864,40.0961192504443],[-74.05045810889,40.0961326517292],[-74.0504372515943,40.0961454644756],[-74.0504157865262,40.0961576708519]]}},{"type":"Feature","id":144416,"properties":{"OBJECTID":144416,"PRIMENAME":"FR NJ 70 WB to MAIN AVE","ELEVTYP_F":0,"ELEVTYP_T":0},"geometry":{"type":"LineString","coordinates":[[-74.089382319433,40.0959716802712],[-74.0895249768365,40.0959424534215],[-74.0896694935977,40.0959192312164],[-74.0898154415381,40.0959020824593],[-74.0899623882403,40.095891057959],[-74.0900339692386,40.0958881858457],[-74.0901056121301,40.0958899238592],[-74.0901768143909,40.0958962598087],[-74.0902470765875,40.095907149252],[-74.0902979402595,40.0959225675854],[-74.0903472249072,40.0959407608438],[-74.0903946742498,40.0959616344225],[-74.090440041549,40.0959850797789],[-74.0904830908925,40.0960109749972],[-74.0905235984208,40.096039185422],[-74.0905613534909,40.0960695643589],[-74.090596159772,40.0961019538368],[-74.090633834956,40.0961417218325],[-74.0906663951108,40.0961840701724],[-74.0906935428582,40.0962286120938],[-74.0907150302496,40.0962749407994],[-74.0907306610306,40.0963226331725],[-74.0907402924336,40.0963712536412],[-74.0907438364825,40.0964203581567],[-74.0907412607964,40.096469498248],[-74.0907411646445,40.0965178463728],[-74.0907340942169,40.0965658886717],[-74.0907201365545,40.0966130336207],[-74.090699463498,40.0966587007431],[-74.0906723295739,40.0967023277572],[-74.0906390688606,40.0967433774991],[-74.0906000908755,40.0967813445372],[-74.0905558755332,40.0968157613953],[-74.0905060288134,40.0968442866089],[-74.0903730243716,40.0969167287101],[-74.0902368807086,40.0969856457878]]}},{"type":"Feature","id":144724,"properties":{"OBJECTID":144724,"PRIMENAME":"Harbor Road","ELEVTYP_F":0,"ELEVTYP_T":0},"geometry":{"type":"LineString","coordinates":[[-74.0766027134693,40.0615258074793],[-74.0765945472078,40.061540684159],[-74.0765868668145,40.0615749726187],[-74.0765828678787,40.0616206953608],[-74.0765938037527,40.0616607901909],[-74.0766158507842,40.0617066072167],[-74.0766416665114,40.0617439012104],[-74.0766786827716,40.0617783529949],[-74.0767305445673,40.0618214246262],[-74.0768157426399,40.0618818032891],[-74.0768824679608,40.0619249291424],[-74.0769603054099,40.0619738329674],[-74.0770456453037,40.0620170266943],[-74.0771681798192,40.0620660935452],[-74.0773724262555,40.0621383270454],[-74.0774578900742,40.0621615353721],[-74.0775694002718,40.0621848106863],[-74.0775774308728,40.0621861847063]]}},{"type":"Feature","id":145080,"properties":{"OBJECTID":145080,"PRIMENAME":"Trenton Avenue","ELEVTYP_F":0,"ELEVTYP_T":0},"geometry":{"type":"LineString","coordinates":[[-74.0597418181522,40.0893939316475],[-74.0606110389498,40.0894424746382]]}},{"type":"Feature","id":145482,"properties":{"OBJECTID":145482,"PRIMENAME":"Walnut Avenue","ELEVTYP_F":0,"ELEVTYP_T":0},"geometry":{"type":"LineString","coordinates":[[-74.0551034031062,40.0948248577019],[-74.0538185278618,40.094502914808]]}},{"type":"Feature","id":145591,"properties":{"OBJECTID":145591,"PRIMENAME":"Peacock Lane","ELEVTYP_F":0,"ELEVTYP_T":0},"geometry":{"type":"LineString","coordinates":[[-74.0732200489322,40.0664710161075],[-74.0732357434124,40.0663322155038],[-74.0732789209754,40.0659749056159],[-74.0733101648303,40.0657433978245],[-74.0733184176568,40.065611871723],[-74.0733231690432,40.0654517545514],[-74.0733177522811,40.0651228717106]]}},{"type":"Feature","id":145765,"properties":{"OBJECTID":145765,"PRIMENAME":"River Avenue","ELEVTYP_F":0,"ELEVTYP_T":0},"geometry":{"type":"LineString","coordinates":[[-74.0732138211838,40.0870065113947],[-74.0734068668199,40.0861015970404],[-74.0734836757896,40.0857465810243]]}},{"type":"Feature","id":146085,"properties":{"OBJECTID":146085,"PRIMENAME":"Boat Landing Road","ELEVTYP_F":0,"ELEVTYP_T":0},"geometry":{"type":"LineString","coordinates":[[-74.0693713645258,40.0690074278603],[-74.0678008024737,40.0685994991727]]}},{"type":"Feature","id":146113,"properties":{"OBJECTID":146113,"PRIMENAME":"Timber Lane","ELEVTYP_F":0,"ELEVTYP_T":0},"geometry":{"type":"LineString","coordinates":[[-74.0561748452357,40.0917628944215],[-74.0538598006165,40.0919594875525]]}},{"type":"Feature","id":146515,"properties":{"OBJECTID":146515,"PRIMENAME":"Harbor Road","ELEVTYP_F":0,"ELEVTYP_T":0},"geometry":{"type":"LineString","coordinates":[[-74.0793621239852,40.0625154741243],[-74.0795356205496,40.0626094718748],[-74.0801549639711,40.0629691871317],[-74.0804475327816,40.0631474301307]]}},{"type":"Feature","id":146582,"properties":{"OBJECTID":146582,"PRIMENAME":"Forman Avenue","ELEVTYP_F":0,"ELEVTYP_T":0},"geometry":{"type":"LineString","coordinates":[[-74.0478612452438,40.0889384852954],[-74.0493288560761,40.0888260462858]]}},{"type":"Feature","id":146981,"properties":{"OBJECTID":146981,"PRIMENAME":"Curtis Avenue","ELEVTYP_F":0,"ELEVTYP_T":0},"geometry":{"type":"LineString","coordinates":[[-74.0781313231488,40.0800517744325],[-74.0780684133151,40.0802212611783],[-74.0778955235718,40.0806819547813]]}},{"type":"Feature","id":147493,"properties":{"OBJECTID":147493,"PRIMENAME":"Panther Path","ELEVTYP_F":0,"ELEVTYP_T":0},"geometry":{"type":"LineString","coordinates":[[-74.0689694517651,40.0783999706131],[-74.0696211410222,40.0785227667387],[-74.0697546876933,40.0785730549432],[-74.0700663168383,40.0787457733023]]}},{"type":"Feature","id":147530,"properties":{"OBJECTID":147530,"PRIMENAME":"West End Drive","ELEVTYP_F":0,"ELEVTYP_T":0},"geometry":{"type":"LineString","coordinates":[[-74.0713929848744,40.0620579954742],[-74.071114160974,40.0619542608645],[-74.0709282311809,40.0618851033097],[-74.0708514521554,40.0618505573553],[-74.0708273710221,40.0618162344947],[-74.0708195340258,40.0617726369905],[-74.0708278788052,40.061735304325],[-74.0708686062272,40.0617074525431],[-74.0709132014721,40.0616951809024],[-74.0709537180284,40.0616953309526],[-74.071026638453,40.0616956009725],[-74.0711117464732,40.0616896841476],[-74.0711969129913,40.0616744335624],[-74.0712861005801,40.0616561228174],[-74.0713510211019,40.0616275101293],[-74.0714609164444,40.0615602437643]]}},{"type":"Feature","id":147552,"properties":{"OBJECTID":147552,"PRIMENAME":"Thomas Street","ELEVTYP_F":0,"ELEVTYP_T":0},"geometry":{"type":"LineString","coordinates":[[-74.0617597935587,40.0769466313564],[-74.0617595381523,40.0770142751805],[-74.0617479681386,40.0770742716447],[-74.0617364698845,40.0771285579814],[-74.061706426348,40.077171353359],[-74.0616540126186,40.0772140370638],[-74.0601196909368,40.0784607732243]]}},{"type":"Feature","id":148457,"properties":{"OBJECTID":148457,"PRIMENAME":"Old Farm Road","ELEVTYP_F":0,"ELEVTYP_T":0},"geometry":{"type":"LineString","coordinates":[[-74.0634177110519,40.0811315957386],[-74.0631457095575,40.0810852447443],[-74.0627367140093,40.081006504171],[-74.0625178240176,40.0809709217982]]}},{"type":"Feature","id":148496,"properties":{"OBJECTID":148496,"PRIMENAME":"Riverview Drive","ELEVTYP_F":0,"ELEVTYP_T":0},"geometry":{"type":"LineString","coordinates":[[-74.070956057058,40.0970813208003],[-74.070735546435,40.0972096709608],[-74.0700690836213,40.0975932450807],[-74.0694025842346,40.0979816185753],[-74.0691471738199,40.098133171028],[-74.0691194413892,40.0981487164657]]}},{"type":"Feature","id":148848,"properties":{"OBJECTID":148848,"PRIMENAME":"Ernestine Place","ELEVTYP_F":0,"ELEVTYP_T":0},"geometry":{"type":"LineString","coordinates":[[-74.0918107499991,40.0611032482777],[-74.0918641079526,40.0611067030834],[-74.0919483785203,40.0611210841104],[-74.0921738778408,40.0611725287807]]}},{"type":"Feature","id":149598,"properties":{"OBJECTID":149598,"PRIMENAME":"Bridge Avenue","ELEVTYP_F":0,"ELEVTYP_T":0},"geometry":{"type":"LineString","coordinates":[[-74.0665144128351,40.0716792554529],[-74.0650645626997,40.0714323973843],[-74.0649018649033,40.0714043612057]]}},{"type":"Feature","id":149779,"properties":{"OBJECTID":149779,"PRIMENAME":"Glenwood Drive","ELEVTYP_F":0,"ELEVTYP_T":0},"geometry":{"type":"LineString","coordinates":[[-74.071672487016,40.065419747808],[-74.0723930729325,40.0654087100877]]}},{"type":"Feature","id":150031,"properties":{"OBJECTID":150031,"PRIMENAME":"Dorset Dock Road","ELEVTYP_F":0,"ELEVTYP_T":0},"geometry":{"type":"LineString","coordinates":[[-74.0731641369545,40.0743582335507],[-74.0732291632813,40.0742915695512],[-74.0732355647755,40.0742829230507],[-74.0732967372018,40.074200289917],[-74.0734319563805,40.074000571661],[-74.0735030804497,40.0738956603551],[-74.0735071930489,40.0738894985341]]}},{"type":"Feature","id":150351,"properties":{"OBJECTID":150351,"PRIMENAME":"Canal Drive","ELEVTYP_F":0,"ELEVTYP_T":0},"geometry":{"type":"LineString","coordinates":[[-74.0613612713158,40.0715798879853],[-74.0613730168481,40.0720717836414]]}},{"type":"Feature","id":150421,"properties":{"OBJECTID":150421,"PRIMENAME":"Catherine Street","ELEVTYP_F":0,"ELEVTYP_T":0},"geometry":{"type":"LineString","coordinates":[[-74.0602460639509,40.0817321892503],[-74.0593168125892,40.0815140021487]]}},{"type":"Feature","id":150438,"properties":{"OBJECTID":150438,"PRIMENAME":"Kilkare Parkway","ELEVTYP_F":0,"ELEVTYP_T":0},"geometry":{"type":"LineString","coordinates":[[-74.0695145972784,40.0768831084538],[-74.0694186044182,40.0768494503531],[-74.0693033387297,40.0768289814354],[-74.0686821958562,40.0767437616035],[-74.0672167283747,40.07654096312],[-74.0660675885482,40.0763811686474]]}},{"type":"Feature","id":150499,"properties":{"OBJECTID":150499,"PRIMENAME":"Beaver Dam Road","ELEVTYP_F":0,"ELEVTYP_T":0},"geometry":{"type":"LineString","coordinates":[[-74.0724108629746,40.0661064734315],[-74.0724166573791,40.066334136591],[-74.0724162645006,40.0663969757619]]}},{"type":"Feature","id":150529,"properties":{"OBJECTID":150529,"PRIMENAME":"Pettijohn Road","ELEVTYP_F":0,"ELEVTYP_T":0},"geometry":{"type":"LineString","coordinates":[[-74.0869431521293,40.0732334864115],[-74.0867093184394,40.0731182822351]]}},{"type":"Feature","id":150764,"properties":{"OBJECTID":150764,"PRIMENAME":"Western Avenue","ELEVTYP_F":0,"ELEVTYP_T":0},"geometry":{"type":"LineString","coordinates":[[-74.0514867107056,40.0733848210274],[-74.0516041060696,40.0729191987693],[-74.0516269404627,40.0728286331971],[-74.0517233559616,40.0724462059432]]}},{"type":"Feature","id":150893,"properties":{"OBJECTID":150893,"PRIMENAME":"Chestnut Street","ELEVTYP_F":0,"ELEVTYP_T":0},"geometry":{"type":"LineString","coordinates":[[-74.0736912265069,40.0783316374526],[-74.0755217762839,40.0787594372633]]}},{"type":"Feature","id":151062,"properties":{"OBJECTID":151062,"PRIMENAME":"Newark Avenue","ELEVTYP_F":0,"ELEVTYP_T":0},"geometry":{"type":"LineString","coordinates":[[-74.072775291218,40.0828623764433],[-74.0740811454189,40.0829401006613]]}},{"type":"Feature","id":151082,"properties":{"OBJECTID":151082,"PRIMENAME":"Northwest Drive","ELEVTYP_F":0,"ELEVTYP_T":0},"geometry":{"type":"LineString","coordinates":[[-74.0635540395305,40.0647816329602],[-74.0635400769911,40.0645508635966],[-74.0634994483214,40.0639187086405],[-74.0634885196072,40.0638786405498],[-74.0634515270172,40.0638470398662],[-74.0633920201874,40.0638382229891],[-74.0633361572248,40.0638408946781],[-74.0620891667791,40.0638778226472],[-74.0619662871084,40.0638814607876]]}},{"type":"Feature","id":151738,"properties":{"OBJECTID":151738,"PRIMENAME":"Chicopee Avenue","ELEVTYP_F":0,"ELEVTYP_T":0},"geometry":{"type":"LineString","coordinates":[[-74.0859616155903,40.0747234242212],[-74.0859618581006,40.0746804745734],[-74.0859770359555,40.0746290541307],[-74.0861458942893,40.0744094547999],[-74.0864873592513,40.0739588497437],[-74.0865397200573,40.0739161266408],[-74.0865808620912,40.0738848122073],[-74.0866017969878,40.0738791648016],[-74.0866330848408,40.07387072255],[-74.0870728878296,40.0737750520204]]}},{"type":"Feature","id":152045,"properties":{"OBJECTID":152045,"PRIMENAME":"Park Avenue","ELEVTYP_F":0,"ELEVTYP_T":0},"geometry":{"type":"LineString","coordinates":[[-74.0517233559616,40.0724462059432],[-74.050137086313,40.0722138152847],[-74.0501336228934,40.0722133073546]]}},{"type":"Feature","id":152740,"properties":{"OBJECTID":152740,"PRIMENAME":"Trenton Avenue","ELEVTYP_F":0,"ELEVTYP_T":0},"geometry":{"type":"LineString","coordinates":[[-74.0517766361212,40.0894729224476],[-74.0516045485454,40.0894865603206],[-74.0500657497063,40.089606108495],[-74.0494420316384,40.0896537040662]]}},{"type":"Feature","id":152777,"properties":{"OBJECTID":152777,"PRIMENAME":"Delaware Avenue","ELEVTYP_F":0,"ELEVTYP_T":0},"geometry":{"type":"LineString","coordinates":[[-74.0507180876102,40.0793277371867],[-74.0505125179303,40.0792576476243],[-74.0498956206583,40.0790487495726]]}},{"type":"Feature","id":152863,"properties":{"OBJECTID":152863,"PRIMENAME":"Grove Street","ELEVTYP_F":0,"ELEVTYP_T":0},"geometry":{"type":"LineString","coordinates":[[-74.0539842256734,40.0924254069214],[-74.0561126021321,40.0922597770808]]}},{"type":"Feature","id":153658,"properties":{"OBJECTID":153658,"PRIMENAME":"Honeysuckle Court","ELEVTYP_F":0,"ELEVTYP_T":0},"geometry":{"type":"LineString","coordinates":[[-74.091398273839,40.0900895121817],[-74.0912702944461,40.0900205648427],[-74.0908897045944,40.089851345805]]}},{"type":"Feature","id":154348,"properties":{"OBJECTID":154348,"PRIMENAME":"North Stream Parkway","ELEVTYP_F":0,"ELEVTYP_T":0},"geometry":{"type":"LineString","coordinates":[[-74.083807922311,40.0727066113839],[-74.0840504400288,40.0718924238765]]}},{"type":"Feature","id":155402,"properties":{"OBJECTID":155402,"PRIMENAME":"Impatiens Court","ELEVTYP_F":0,"ELEVTYP_T":0},"geometry":{"type":"LineString","coordinates":[[-74.09313433258,40.0925307716023],[-74.0922379687051,40.092278304615],[-74.0919408618874,40.0921946207921],[-74.0916926878541,40.0921247190537],[-74.0915958749044,40.0920915988814],[-74.091563542675,40.0920786446198]]}},{"type":"Feature","id":156151,"properties":{"OBJECTID":156151,"PRIMENAME":"Wood Wild Drive","ELEVTYP_F":0,"ELEVTYP_T":0},"geometry":{"type":"LineString","coordinates":[[-74.0600350329196,40.0740675003475],[-74.0586707296973,40.0738391442379]]}},{"type":"Feature","id":156452,"properties":{"OBJECTID":156452,"PRIMENAME":"Birch Drive","ELEVTYP_F":0,"ELEVTYP_T":0},"geometry":{"type":"LineString","coordinates":[[-74.0721843971375,40.0972670821349],[-74.07225655408,40.097258426376],[-74.0724491284966,40.0972352807588],[-74.0726291678428,40.0972216692195],[-74.0728154022285,40.097217579832],[-74.0730201900267,40.0972135855586],[-74.0731571922665,40.0972109056522]]}},{"type":"Feature","id":156664,"properties":{"OBJECTID":156664,"PRIMENAME":"Kings Path","ELEVTYP_F":0,"ELEVTYP_T":0},"geometry":{"type":"LineString","coordinates":[[-74.0737458821481,40.096110065941],[-74.0739258173485,40.0959804376061],[-74.0739998176546,40.0959074367757],[-74.0740638193991,40.0958194359528],[-74.0740848188138,40.0957674370214],[-74.0740958174586,40.09568143716],[-74.0740878180632,40.0956174370735],[-74.0740303168099,40.0954848844061]]}},{"type":"Feature","id":156811,"properties":{"OBJECTID":156811,"PRIMENAME":"Rue Lido","ELEVTYP_F":0,"ELEVTYP_T":0},"geometry":{"type":"LineString","coordinates":[[-74.063042778465,40.06971829732],[-74.0631697677789,40.0690984704197],[-74.0631823833673,40.0690757042879],[-74.0632016961556,40.0690618037254],[-74.0632240112259,40.069047913578],[-74.0632546159602,40.0690395182924]]}},{"type":"Feature","id":156905,"properties":{"OBJECTID":156905,"PRIMENAME":"River Road","ELEVTYP_F":0,"ELEVTYP_T":0},"geometry":{"type":"LineString","coordinates":[[-74.071936262646,40.0868443258121],[-74.0715517424137,40.0867953260786],[-74.0715470907348,40.086794734232],[-74.0707435210397,40.0866945205585],[-74.0706663071684,40.0866848446908]]}},{"type":"Feature","id":157037,"properties":{"OBJECTID":157037,"PRIMENAME":"Riverview Drive","ELEVTYP_F":0,"ELEVTYP_T":0},"geometry":{"type":"LineString","coordinates":[[-74.0737458821481,40.096110065941],[-74.0735916298607,40.0960143420158],[-74.0735236177853,40.0959835636109]]}},{"type":"Feature","id":157272,"properties":{"OBJECTID":157272,"PRIMENAME":"Marine Parkway","ELEVTYP_F":0,"ELEVTYP_T":0},"geometry":{"type":"LineString","coordinates":[[-74.055155035598,40.0669908614833],[-74.0557308063674,40.0664865857224]]}},{"type":"Feature","id":157588,"properties":{"OBJECTID":157588,"PRIMENAME":"West Bennett Place","ELEVTYP_F":0,"ELEVTYP_T":0},"geometry":{"type":"LineString","coordinates":[[-74.0743029261866,40.0688194253205],[-74.0743739588675,40.0682688914073]]}},{"type":"Feature","id":158484,"properties":{"OBJECTID":158484,"PRIMENAME":"Herbertsville Road","ELEVTYP_F":0,"ELEVTYP_T":0},"geometry":{"type":"LineString","coordinates":[[-74.0904803182684,40.0922541496544],[-74.0906778432486,40.0923767258154],[-74.0909645134572,40.0925150038776]]}},{"type":"Feature","id":159685,"properties":{"OBJECTID":159685,"PRIMENAME":"Birch Drive","ELEVTYP_F":0,"ELEVTYP_T":0},"geometry":{"type":"LineString","coordinates":[[-74.0740811139212,40.0977689969696],[-74.0742635489351,40.0978758833894],[-74.0745912648493,40.0980629728622],[-74.0749066801703,40.0982452390001],[-74.0751726808391,40.0983891905162],[-74.0752220322937,40.0984322804061],[-74.0752465797153,40.0984800286621],[-74.0752585401082,40.0985515612276],[-74.0752395600364,40.0986087034893],[-74.0751273452285,40.0986893063443],[-74.0747656815092,40.0989644037902],[-74.074559962745,40.0991114012409],[-74.0744227458976,40.0992109908948],[-74.0743478739323,40.0992822035776],[-74.0742916130132,40.0993439589115],[-74.0742229009147,40.0994247207524],[-74.074154081757,40.0995055091783],[-74.0740474893927,40.0996814480952],[-74.0739348847774,40.0998240374507],[-74.0739212081479,40.099838866546]]}},{"type":"Feature","id":160004,"properties":{"OBJECTID":160004,"PRIMENAME":"Bay Avenue","ELEVTYP_F":0,"ELEVTYP_T":0},"geometry":{"type":"LineString","coordinates":[[-74.0547761761842,40.0798095872137],[-74.054769326559,40.0798955986857],[-74.0547533253531,40.0800642369798],[-74.0547414865825,40.0801642863852],[-74.0547254842136,40.0803386620769],[-74.0547046616293,40.0804147383257]]}},{"type":"Feature","id":160338,"properties":{"OBJECTID":160338,"PRIMENAME":"Greentree Avenue","ELEVTYP_F":0,"ELEVTYP_T":0},"geometry":{"type":"LineString","coordinates":[[-74.0808638496624,40.0856498154686],[-74.0822589789239,40.0839905070966]]}},{"type":"Feature","id":160419,"properties":{"OBJECTID":160419,"PRIMENAME":"Curtis Avenue","ELEVTYP_F":0,"ELEVTYP_T":0},"geometry":{"type":"LineString","coordinates":[[-74.0778955235718,40.0806819547813],[-74.0776548983472,40.0813230982336]]}},{"type":"Feature","id":160852,"properties":{"OBJECTID":160852,"PRIMENAME":"Cohocton Avenue","ELEVTYP_F":0,"ELEVTYP_T":0},"geometry":{"type":"LineString","coordinates":[[-74.0860724724994,40.0768329274897],[-74.0866531346139,40.0767076183161]]}},{"type":"Feature","id":161049,"properties":{"OBJECTID":161049,"PRIMENAME":"Veterans Memorial Drive","ELEVTYP_F":0,"ELEVTYP_T":0},"geometry":{"type":"LineString","coordinates":[[-74.0687400524906,40.083167913234],[-74.0686696211502,40.0832677449947],[-74.0686461522833,40.0832998321536],[-74.0686180227257,40.0833283343078],[-74.0685899972526,40.0833461014859],[-74.0685525863769,40.0833674031472],[-74.0685106578688,40.0833851194245],[-74.068459352664,40.0833992313109],[-74.0675003356585,40.0836079777389],[-74.0673129712371,40.083648759454]]}},{"type":"Feature","id":161085,"properties":{"OBJECTID":161085,"PRIMENAME":"Lakewood Road","ELEVTYP_F":0,"ELEVTYP_T":0},"geometry":{"type":"LineString","coordinates":[[-74.0796717753212,40.0810735264287],[-74.0785377841678,40.0813087988455]]}},{"type":"Feature","id":161265,"properties":{"OBJECTID":161265,"PRIMENAME":"Milton Boulevard","ELEVTYP_F":0,"ELEVTYP_T":0},"geometry":{"type":"LineString","coordinates":[[-74.0908205040923,40.06496524574],[-74.0899924190205,40.0649096210959],[-74.0899403245675,40.0649094367227],[-74.0899260999798,40.0649100727052]]}},{"type":"Feature","id":161349,"properties":{"OBJECTID":161349,"PRIMENAME":"Maxson Avenue","ELEVTYP_F":0,"ELEVTYP_T":0},"geometry":{"type":"LineString","coordinates":[[-74.071936262646,40.0868443258121],[-74.0717381439438,40.0877740635026],[-74.0716805042769,40.0880569469231]]}},{"type":"Feature","id":161454,"properties":{"OBJECTID":161454,"PRIMENAME":"Burnt Tavern Road","ELEVTYP_F":0,"ELEVTYP_T":0},"geometry":{"type":"LineString","coordinates":[[-74.0566624416191,40.0772990622209],[-74.0565451678387,40.0772690733161],[-74.0558056347229,40.0770746445314],[-74.0553564415218,40.0769582612154]]}},{"type":"Feature","id":161560,"properties":{"OBJECTID":161560,"PRIMENAME":"Catherine Street","ELEVTYP_F":0,"ELEVTYP_T":0},"geometry":{"type":"LineString","coordinates":[[-74.0640792226621,40.0826424466433],[-74.0632266929704,40.0824390194917]]}},{"type":"Feature","id":161574,"properties":{"OBJECTID":161574,"PRIMENAME":"River Avenue","ELEVTYP_F":0,"ELEVTYP_T":0},"geometry":{"type":"LineString","coordinates":[[-74.0739406438165,40.0836120223644],[-74.0740811454189,40.0829401006613]]}},{"type":"Feature","id":161737,"properties":{"OBJECTID":161737,"PRIMENAME":"Kilkare Parkway","ELEVTYP_F":0,"ELEVTYP_T":0},"geometry":{"type":"LineString","coordinates":[[-74.0637906190814,40.076734341287],[-74.0635105719859,40.0768873807254]]}},{"type":"Feature","id":161771,"properties":{"OBJECTID":161771,"PRIMENAME":"Laurel Drive","ELEVTYP_F":0,"ELEVTYP_T":0},"geometry":{"type":"LineString","coordinates":[[-74.0686403490505,40.0663889085108],[-74.0686249048545,40.0663676018008],[-74.0685954839422,40.0663131352835],[-74.0685847695083,40.0662387519884],[-74.0685928320065,40.0661444251612]]}},{"type":"Feature","id":162042,"properties":{"OBJECTID":162042,"PRIMENAME":"Sylvan Drive","ELEVTYP_F":0,"ELEVTYP_T":0},"geometry":{"type":"LineString","coordinates":[[-74.0840146882697,40.0678252975646],[-74.0833622126014,40.0675613423174]]}},{"type":"Feature","id":162136,"properties":{"OBJECTID":162136,"PRIMENAME":"Pacific Avenue","ELEVTYP_F":0,"ELEVTYP_T":0},"geometry":{"type":"LineString","coordinates":[[-74.0747849261918,40.0859124599991],[-74.0734836757896,40.0857465810243]]}},{"type":"Feature","id":162196,"properties":{"OBJECTID":162196,"PRIMENAME":"River Avenue","ELEVTYP_F":0,"ELEVTYP_T":0},"geometry":{"type":"LineString","coordinates":[[-74.0510519752701,40.0936448022932],[-74.0511237012548,40.0931956733786],[-74.0511859359204,40.0927926833298],[-74.0511975623896,40.0926334447901]]}},{"type":"Feature","id":162619,"properties":{"OBJECTID":162619,"PRIMENAME":"Passaic Avenue","ELEVTYP_F":0,"ELEVTYP_T":0},"geometry":{"type":"LineString","coordinates":[[-74.0811983262893,40.0894048604983],[-74.081204277554,40.0893727345136],[-74.0812294479195,40.0893132519365],[-74.0813830885767,40.0890540458681],[-74.0823447542786,40.0875585472954],[-74.0825767468503,40.0871685874883],[-74.0827459264829,40.0868975211346],[-74.0828654671847,40.0866310242325]]}},{"type":"Feature","id":162750,"properties":{"OBJECTID":162750,"PRIMENAME":"Minerva Street","ELEVTYP_F":0,"ELEVTYP_T":0},"geometry":{"type":"LineString","coordinates":[[-74.0766772015645,40.0726333628957],[-74.0758077836636,40.0723898575781],[-74.075230761032,40.0722311773835],[-74.0748205806827,40.0721192007103]]}},{"type":"Feature","id":162755,"properties":{"OBJECTID":162755,"PRIMENAME":"Ocean Road","ELEVTYP_F":0,"ELEVTYP_T":0},"geometry":{"type":"LineString","coordinates":[[-74.0524181208053,40.0815985454328],[-74.0520035792609,40.081500280687],[-74.0515632099632,40.0813950512012]]}},{"type":"Feature","id":162866,"properties":{"OBJECTID":162866,"PRIMENAME":"Rue Lido","ELEVTYP_F":0,"ELEVTYP_T":0},"geometry":{"type":"LineString","coordinates":[[-74.062909339794,40.0704243574023],[-74.0629155439223,40.0703704355061],[-74.0630218651174,40.0698204544962],[-74.063042778465,40.06971829732]]}},{"type":"Feature","id":162970,"properties":{"OBJECTID":162970,"PRIMENAME":"Charleston Street","ELEVTYP_F":0,"ELEVTYP_T":0},"geometry":{"type":"LineString","coordinates":[[-74.0478472066974,40.0791370782005],[-74.0479110767555,40.0790243337407],[-74.0481013474262,40.0786884673349]]}},{"type":"Feature","id":163056,"properties":{"OBJECTID":163056,"PRIMENAME":"North Road","ELEVTYP_F":0,"ELEVTYP_T":0},"geometry":{"type":"LineString","coordinates":[[-74.0643911685223,40.0778015649457],[-74.0644444934163,40.0778175510034],[-74.0644978396187,40.0778303801859],[-74.0653269386596,40.0780007943016],[-74.0653802438612,40.0780199367854],[-74.0654129615213,40.0780453167756],[-74.0654433116069,40.078094543643]]}},{"type":"Feature","id":163248,"properties":{"OBJECTID":163248,"PRIMENAME":"Rue Mirador","ELEVTYP_F":0,"ELEVTYP_T":0},"geometry":{"type":"LineString","coordinates":[[-74.0596095331349,40.0644790239547],[-74.059664097006,40.0640928473897],[-74.0596990434433,40.0638454960885],[-74.059695751979,40.0638074057731],[-74.0596783281708,40.063766543447],[-74.0596572966378,40.0637310769837],[-74.0595237036656,40.0635809482938],[-74.0594954764249,40.0635645068566],[-74.0594566182919,40.0635507694082],[-74.0594141899368,40.0635424270468],[-74.0577118446326,40.0634189619464],[-74.0574535209588,40.063401641369]]}},{"type":"Feature","id":163251,"properties":{"OBJECTID":163251,"PRIMENAME":"Unnamed Segment","ELEVTYP_F":0,"ELEVTYP_T":0},"geometry":{"type":"LineString","coordinates":[[-74.0588914912168,40.0831211835654],[-74.0586405566786,40.0838246963136],[-74.0585555004284,40.0838434002436],[-74.0584600548677,40.0838267258432],[-74.0583860552054,40.0837775136449],[-74.0586195424033,40.0830572145125]]}},{"type":"Feature","id":163634,"properties":{"OBJECTID":163634,"PRIMENAME":"Middle Avenue","ELEVTYP_F":0,"ELEVTYP_T":0},"geometry":{"type":"LineString","coordinates":[[-74.0724108629746,40.0661064734315],[-74.0716971137746,40.0661088601252]]}},{"type":"Feature","id":163867,"properties":{"OBJECTID":163867,"PRIMENAME":"Nowata Avenue","ELEVTYP_F":0,"ELEVTYP_T":0},"geometry":{"type":"LineString","coordinates":[[-74.0842869008871,40.0743305973672],[-74.0844636291796,40.0743634060177],[-74.0845899392102,40.0743953211695],[-74.0846680242824,40.0744184688736],[-74.0847608522883,40.0744559732983],[-74.0849035911435,40.0745248988835]]}},{"type":"Feature","id":163907,"properties":{"OBJECTID":163907,"PRIMENAME":"Laguna Drive","ELEVTYP_F":0,"ELEVTYP_T":0},"geometry":{"type":"LineString","coordinates":[[-74.0701000515784,40.0684640346459],[-74.0700894822599,40.0684686349054],[-74.0700080604173,40.0684891694113],[-74.0699221236478,40.0685062005085],[-74.0698272697654,40.0685093079126],[-74.0697278996641,40.0685089388961],[-74.0696059912457,40.0685015399055],[-74.0694841689522,40.0684802785091],[-74.0693370012926,40.068432538709]]}},{"type":"Feature","id":163960,"properties":{"OBJECTID":163960,"PRIMENAME":"Bay Avenue","ELEVTYP_F":0,"ELEVTYP_T":0},"geometry":{"type":"LineString","coordinates":[[-74.0543916831561,40.0697731400013],[-74.0544866844221,40.0701371788019]]}},{"type":"Feature","id":164051,"properties":{"OBJECTID":164051,"PRIMENAME":"River Avenue","ELEVTYP_F":0,"ELEVTYP_T":0},"geometry":{"type":"LineString","coordinates":[[-74.0504926396739,40.0971416688359],[-74.0506332620918,40.0964309321424],[-74.0506589755254,40.0962064924908]]}},{"type":"Feature","id":164986,"properties":{"OBJECTID":164986,"PRIMENAME":"Carroll Fox Road","ELEVTYP_F":0,"ELEVTYP_T":0},"geometry":{"type":"LineString","coordinates":[[-74.0833822961119,40.0613608199502],[-74.0831202317538,40.0613069748734],[-74.082570284335,40.061161990256],[-74.0818976805348,40.0609937467128],[-74.0817973197294,40.0609761992012],[-74.0817080339987,40.060970139441],[-74.081644672347,40.0609785033065],[-74.0816007798439,40.0609755445389]]}},{"type":"Feature","id":164987,"properties":{"OBJECTID":164987,"PRIMENAME":"Unnamed Segment","ELEVTYP_F":0,"ELEVTYP_T":0},"geometry":{"type":"LineString","coordinates":[[-74.0842752929354,40.060898391923],[-74.0842789815878,40.0610263103705],[-74.0842860781232,40.0610872544428],[-74.0843056931913,40.0611930476776]]}},{"type":"Feature","id":165064,"properties":{"OBJECTID":165064,"PRIMENAME":"Mistletoe Avenue","ELEVTYP_F":0,"ELEVTYP_T":0},"geometry":{"type":"LineString","coordinates":[[-74.0864065664345,40.0796760486457],[-74.0864616224914,40.0798323993561],[-74.0867762659009,40.0807486196056],[-74.0869154367771,40.0811265974941],[-74.086930150561,40.081158111183],[-74.0869485437296,40.0811896379893],[-74.0869781777074,40.0812183226514],[-74.0870114390067,40.0812556398736],[-74.0872047042629,40.0814293942543]]}},{"type":"Feature","id":165065,"properties":{"OBJECTID":165065,"PRIMENAME":"Maplewood Road","ELEVTYP_F":0,"ELEVTYP_T":0},"geometry":{"type":"LineString","coordinates":[[-74.0734562829988,40.0810470468682],[-74.0732678285593,40.0815317606704],[-74.0729644357894,40.0823120893545],[-74.0729341463673,40.082389175188],[-74.0729077887405,40.0824376983219],[-74.0728658207234,40.0824849002195]]}},{"type":"Feature","id":165068,"properties":{"OBJECTID":165068,"PRIMENAME":"Whitten Drive","ELEVTYP_F":0,"ELEVTYP_T":0},"geometry":{"type":"LineString","coordinates":[[-74.073486660106,40.0788363528049],[-74.0721007235335,40.0785075685916]]}},{"type":"Feature","id":165449,"properties":{"OBJECTID":165449,"PRIMENAME":"Comanche Avenue","ELEVTYP_F":0,"ELEVTYP_T":0},"geometry":{"type":"LineString","coordinates":[[-74.0886765636819,40.0748716935597],[-74.0886610110704,40.0747838422449],[-74.0886319490124,40.0746664866439],[-74.0885479283355,40.0744002492017],[-74.0884667191987,40.0742013089629]]}},{"type":"Feature","id":165575,"properties":{"OBJECTID":165575,"PRIMENAME":"Lauckson Place","ELEVTYP_F":0,"ELEVTYP_T":0},"geometry":{"type":"LineString","coordinates":[[-74.0825809707651,40.0672442180207],[-74.0815785489202,40.0686685283898]]}},{"type":"Feature","id":165608,"properties":{"OBJECTID":165608,"PRIMENAME":"Anderson Place","ELEVTYP_F":0,"ELEVTYP_T":0},"geometry":{"type":"LineString","coordinates":[[-74.0666033059526,40.0808925803897],[-74.0662323316746,40.0809154880902]]}},{"type":"Feature","id":165737,"properties":{"OBJECTID":165737,"PRIMENAME":"Chicopee Avenue","ELEVTYP_F":0,"ELEVTYP_T":0},"geometry":{"type":"LineString","coordinates":[[-74.0861947476954,40.0753833403094],[-74.0859835172299,40.0747920669573],[-74.0859616155903,40.0747234242212]]}},{"type":"Feature","id":166014,"properties":{"OBJECTID":166014,"PRIMENAME":"Howard Avenue","ELEVTYP_F":0,"ELEVTYP_T":0},"geometry":{"type":"LineString","coordinates":[[-74.0548188031008,40.0883983613379],[-74.0548756025741,40.087777781448],[-74.054888089753,40.0876604674912]]}},{"type":"Feature","id":166015,"properties":{"OBJECTID":166015,"PRIMENAME":"Nicholas Road","ELEVTYP_F":0,"ELEVTYP_T":0},"geometry":{"type":"LineString","coordinates":[[-74.0877576128602,40.0627261563124],[-74.0873063110996,40.0626315932346],[-74.0856262913666,40.0622623890232],[-74.0855557057409,40.062242123071],[-74.0855037340572,40.0622162141577],[-74.0854629972398,40.0621817509756],[-74.0854297621099,40.0621415780874],[-74.0853965956901,40.0620842741904],[-74.0851757022999,40.0616859872551]]}},{"type":"Feature","id":166585,"properties":{"OBJECTID":166585,"PRIMENAME":"River Avenue","ELEVTYP_F":0,"ELEVTYP_T":0},"geometry":{"type":"LineString","coordinates":[[-74.0506589755254,40.0962064924908],[-74.0506820502707,40.0960050128963],[-74.0506885950621,40.0959478624565],[-74.0506963556683,40.095898257312]]}},{"type":"Feature","id":166638,"properties":{"OBJECTID":166638,"PRIMENAME":"Arnold Avenue","ELEVTYP_F":0,"ELEVTYP_T":0},"geometry":{"type":"LineString","coordinates":[[-74.0610442348322,40.0874975797432],[-74.0602892432591,40.0883588040795]]}},{"type":"Feature","id":166646,"properties":{"OBJECTID":166646,"PRIMENAME":"Sylvan Drive","ELEVTYP_F":0,"ELEVTYP_T":0},"geometry":{"type":"LineString","coordinates":[[-74.0825809707651,40.0672442180207],[-74.0817919031312,40.0669224477377]]}},{"type":"Feature","id":166802,"properties":{"OBJECTID":166802,"PRIMENAME":"Sunset Avenue","ELEVTYP_F":0,"ELEVTYP_T":0},"geometry":{"type":"LineString","coordinates":[[-74.0792281807786,40.0795986130731],[-74.0786348161136,40.0811697443251],[-74.0785908873001,40.0812518070187],[-74.0785377841678,40.0813087988455]]}},{"type":"Feature","id":166819,"properties":{"OBJECTID":166819,"PRIMENAME":"Treeneedle Road","ELEVTYP_F":0,"ELEVTYP_T":0},"geometry":{"type":"LineString","coordinates":[[-74.0853008324599,40.0709953415757],[-74.0854166634754,40.0706094615628]]}},{"type":"Feature","id":166828,"properties":{"OBJECTID":166828,"PRIMENAME":"Leighton Avenue","ELEVTYP_F":0,"ELEVTYP_T":0},"geometry":{"type":"LineString","coordinates":[[-74.0597921497164,40.0848154868037],[-74.058249075214,40.0845036204553],[-74.0571671102431,40.0842849976256]]}},{"type":"Feature","id":167007,"properties":{"OBJECTID":167007,"PRIMENAME":"Barnegat Boulevard","ELEVTYP_F":0,"ELEVTYP_T":0},"geometry":{"type":"LineString","coordinates":[[-74.0610731111003,40.0709062471186],[-74.0611964609246,40.0702830599683],[-74.0612032227155,40.0702038280559]]}},{"type":"Feature","id":167044,"properties":{"OBJECTID":167044,"PRIMENAME":"Eisenhower Drive","ELEVTYP_F":0,"ELEVTYP_T":0},"geometry":{"type":"LineString","coordinates":[[-74.0893379594763,40.0848074305068],[-74.0900205201375,40.0840725382202]]}},{"type":"Feature","id":167085,"properties":{"OBJECTID":167085,"PRIMENAME":"Bay Avenue","ELEVTYP_F":0,"ELEVTYP_T":0},"geometry":{"type":"LineString","coordinates":[[-74.0533747303349,40.0681819486661],[-74.0534085634526,40.068228459469],[-74.0537411011406,40.0686854834046]]}},{"type":"Feature","id":167231,"properties":{"OBJECTID":167231,"PRIMENAME":"Little Hill Road","ELEVTYP_F":0,"ELEVTYP_T":0},"geometry":{"type":"LineString","coordinates":[[-74.0815785489202,40.0686685283898],[-74.0821593658073,40.0689055962471]]}},{"type":"Feature","id":167472,"properties":{"OBJECTID":167472,"PRIMENAME":"FR OXFORD LN TO CO 549 SPUR 1 NB","ELEVTYP_F":0,"ELEVTYP_T":0},"geometry":{"type":"LineString","coordinates":[[-74.0903593636979,40.092369121308],[-74.0904468080177,40.0924089906966],[-74.0905337206346,40.0924360367922],[-74.090663031736,40.0924624373463],[-74.0909645134572,40.0925150038776]]}},{"type":"Feature","id":167713,"properties":{"OBJECTID":167713,"PRIMENAME":"Johnson Avenue","ELEVTYP_F":0,"ELEVTYP_T":0},"geometry":{"type":"LineString","coordinates":[[-74.0642028025934,40.0815041818637],[-74.0643015248631,40.081424452787],[-74.0644462960438,40.0813712771676],[-74.0647781023559,40.0813129641149],[-74.0648984310334,40.0812771281076],[-74.0649274297803,40.0812201294838],[-74.0649584293544,40.081169129776],[-74.0649944302911,40.0811171292557],[-74.0650454286838,40.0810731300485],[-74.0650631723827,40.081043709781]]}},{"type":"Feature","id":168010,"properties":{"OBJECTID":168010,"PRIMENAME":"Shore Drive","ELEVTYP_F":0,"ELEVTYP_T":0},"geometry":{"type":"LineString","coordinates":[[-74.0797533534943,40.0965478462698],[-74.0800433359136,40.0965767626521],[-74.0801734929665,40.0966058133922],[-74.0802849370932,40.0966491261743],[-74.0803591338391,40.0966922768938],[-74.0804456532596,40.0967545515352],[-74.080531896492,40.0968501812977],[-74.0806121957862,40.096912434189],[-74.0806862888239,40.0969842172849],[-74.0807790880219,40.0970369616805],[-74.0808781227325,40.0970754517132],[-74.0809958108051,40.0971092336751],[-74.0811197194999,40.0971430371124],[-74.0812189076998,40.0971624759957],[-74.0813306163641,40.0971628798143],[-74.0815167857482,40.0971635525636],[-74.0816595582253,40.0971640682893],[-74.0817773646564,40.0971787966705],[-74.0819261171946,40.0972126889437],[-74.082049997319,40.0972512685472],[-74.0821676642146,40.0972946019695],[-74.0822418628578,40.0973377514878],[-74.0823531407663,40.0974144178633],[-74.0825013636577,40.0975293489462],[-74.082686660689,40.0976729923317],[-74.0827608017227,40.0977256949356],[-74.0827789892587,40.0977972482755],[-74.0827912546721,40.0978258713727]]}},{"type":"Feature","id":168204,"properties":{"OBJECTID":168204,"PRIMENAME":"Miller Road","ELEVTYP_F":0,"ELEVTYP_T":0},"geometry":{"type":"LineString","coordinates":[[-74.0708514249162,40.0802796082544],[-74.0709154285863,40.0802803668427],[-74.0709794355312,40.0802806039063],[-74.0710531629932,40.0802854740666]]}},{"type":"Feature","id":168297,"properties":{"OBJECTID":168297,"PRIMENAME":"Benedict Street","ELEVTYP_F":0,"ELEVTYP_T":0},"geometry":{"type":"LineString","coordinates":[[-74.0632266929704,40.0824390194917],[-74.0632503212411,40.0824718874896],[-74.0632612924673,40.0825000412755],[-74.0632594503868,40.0825367393618],[-74.062709392836,40.0839028199831],[-74.0626894791852,40.0839371980996],[-74.0626598396314,40.0839668730063],[-74.0626286663606,40.0839846277539],[-74.0625858779345,40.0840024755403]]}},{"type":"Feature","id":168509,"properties":{"OBJECTID":168509,"PRIMENAME":"East Drive","ELEVTYP_F":0,"ELEVTYP_T":0},"geometry":{"type":"LineString","coordinates":[[-74.0691628895567,40.0654527750041],[-74.0691520840339,40.0647630542014]]}},{"type":"Feature","id":168593,"properties":{"OBJECTID":168593,"PRIMENAME":"Blaze Drive","ELEVTYP_F":0,"ELEVTYP_T":0},"geometry":{"type":"LineString","coordinates":[[-74.0694708214363,40.0704755842724],[-74.0694199643124,40.0697844803844]]}},{"type":"Feature","id":168641,"properties":{"OBJECTID":168641,"PRIMENAME":"Wilmington Street","ELEVTYP_F":0,"ELEVTYP_T":0},"geometry":{"type":"LineString","coordinates":[[-74.0490371243358,40.08057024238],[-74.0498956206583,40.0790487495726]]}},{"type":"Feature","id":168660,"properties":{"OBJECTID":168660,"PRIMENAME":"Summit Road","ELEVTYP_F":0,"ELEVTYP_T":0},"geometry":{"type":"LineString","coordinates":[[-74.0863303298672,40.0855587748175],[-74.0855673668295,40.0851914419025]]}},{"type":"Feature","id":169048,"properties":{"OBJECTID":169048,"PRIMENAME":"Arjo Drive","ELEVTYP_F":0,"ELEVTYP_T":0},"geometry":{"type":"LineString","coordinates":[[-74.088441598682,40.0652357037009],[-74.0873442429047,40.0656778059715]]}},{"type":"Feature","id":169054,"properties":{"OBJECTID":169054,"PRIMENAME":"Rosewood Avenue","ELEVTYP_F":0,"ELEVTYP_T":0},"geometry":{"type":"LineString","coordinates":[[-74.0535401438121,40.0861041500177],[-74.0548799935905,40.0863957253705],[-74.0549150893975,40.0864036449038]]}},{"type":"Feature","id":169489,"properties":{"OBJECTID":169489,"PRIMENAME":"Midway Place","ELEVTYP_F":0,"ELEVTYP_T":0},"geometry":{"type":"LineString","coordinates":[[-74.0868835020207,40.0611383565314],[-74.0875774912245,40.0620224370736]]}},{"type":"Feature","id":169708,"properties":{"OBJECTID":169708,"PRIMENAME":"Rue Rivoli","ELEVTYP_F":0,"ELEVTYP_T":0},"geometry":{"type":"LineString","coordinates":[[-74.0651984708797,40.0699805975016],[-74.0653424753232,40.0692892061196]]}},{"type":"Feature","id":169922,"properties":{"OBJECTID":169922,"PRIMENAME":"Thoroughfare Road","ELEVTYP_F":0,"ELEVTYP_T":0},"geometry":{"type":"LineString","coordinates":[[-74.0868835020207,40.0611383565314],[-74.0868537494301,40.0611486003417],[-74.0861986918875,40.0613679753094],[-74.0860743403429,40.0614118138449],[-74.0859736340295,40.0614332517604]]}},{"type":"Feature","id":170122,"properties":{"OBJECTID":170122,"PRIMENAME":"Osprey Avenue","ELEVTYP_F":0,"ELEVTYP_T":0},"geometry":{"type":"LineString","coordinates":[[-74.0485781369507,40.0974667897602],[-74.0485617550837,40.0973448391214],[-74.0483979348226,40.0961253333651]]}},{"type":"Feature","id":170151,"properties":{"OBJECTID":170151,"PRIMENAME":"Smith Drive","ELEVTYP_F":0,"ELEVTYP_T":0},"geometry":{"type":"LineString","coordinates":[[-74.0884454444925,40.0885857174265],[-74.0883447765664,40.0884577847635],[-74.0883001216923,40.0883884168648],[-74.088259597223,40.0883159058022],[-74.0882272578772,40.0882434247213],[-74.0881990096831,40.0881741151014],[-74.0881789088553,40.0881110933504],[-74.088166992753,40.0880481556365],[-74.0881176627378,40.087396681429],[-74.088070962985,40.0868424282338]]}},{"type":"Feature","id":170188,"properties":{"OBJECTID":170188,"PRIMENAME":"Old Farm Road","ELEVTYP_F":0,"ELEVTYP_T":0},"geometry":{"type":"LineString","coordinates":[[-74.0561949305084,40.0794564374087],[-74.0559716518353,40.0793936204218],[-74.0555665412988,40.0792862625161],[-74.0552023486941,40.0791905081194],[-74.0549506028596,40.079133335287]]}},{"type":"Feature","id":170203,"properties":{"OBJECTID":170203,"PRIMENAME":"Atlantic Avenue","ELEVTYP_F":0,"ELEVTYP_T":0},"geometry":{"type":"LineString","coordinates":[[-74.054888089753,40.0876604674912],[-74.05524254288,40.0876835167002],[-74.0555588881482,40.0877019169639],[-74.0558715550032,40.0877145369326],[-74.0561558293722,40.0877289954693]]}},{"type":"Feature","id":170284,"properties":{"OBJECTID":170284,"PRIMENAME":"Grove Street","ELEVTYP_F":0,"ELEVTYP_T":0},"geometry":{"type":"LineString","coordinates":[[-74.0490709092335,40.0699054944131],[-74.0492951329437,40.0699386244188],[-74.0506512306176,40.070137355097]]}},{"type":"Feature","id":170302,"properties":{"OBJECTID":170302,"PRIMENAME":"Smith Drive","ELEVTYP_F":0,"ELEVTYP_T":0},"geometry":{"type":"LineString","coordinates":[[-74.0879841495597,40.0850868459123],[-74.088021396456,40.0850208990522],[-74.0880503447938,40.0849738092974],[-74.0880916065018,40.0849236352132],[-74.0891385752303,40.083835594515],[-74.0892250556585,40.0837603780926],[-74.0892826281902,40.0837196772541],[-74.0893278847583,40.0836883755922],[-74.0893935633736,40.083666590969],[-74.0894632598771,40.0836542652157],[-74.0895264129895,40.0836544890098]]}},{"type":"Feature","id":170332,"properties":{"OBJECTID":170332,"PRIMENAME":"Edgar Road","ELEVTYP_F":0,"ELEVTYP_T":0},"geometry":{"type":"LineString","coordinates":[[-74.0665022799292,40.0728150325497],[-74.0660942215857,40.0727590921617],[-74.0652276301794,40.0726443011641],[-74.0646362606619,40.0725648817792]]}},{"type":"Feature","id":170367,"properties":{"OBJECTID":170367,"PRIMENAME":"Moore Avenue","ELEVTYP_F":0,"ELEVTYP_T":0},"geometry":{"type":"LineString","coordinates":[[-74.0776838123035,40.0764983870233],[-74.0780281767164,40.07657881649],[-74.0784489127214,40.0766764072747]]}},{"type":"Feature","id":170456,"properties":{"OBJECTID":170456,"PRIMENAME":"Moore Avenue","ELEVTYP_F":0,"ELEVTYP_T":0},"geometry":{"type":"LineString","coordinates":[[-74.0731641369545,40.0743582335507],[-74.0738262454515,40.074547765171],[-74.0738561140923,40.0745775240981],[-74.0738729996366,40.0746203862979],[-74.0738770008526,40.0746665219627],[-74.0738681579376,40.0747092895226],[-74.0738275475416,40.0748320479615]]}},{"type":"Feature","id":170573,"properties":{"OBJECTID":170573,"PRIMENAME":"Riviera Court","ELEVTYP_F":0,"ELEVTYP_T":0},"geometry":{"type":"LineString","coordinates":[[-74.0569738286596,40.0654509500325],[-74.0571493084692,40.0653011219593]]}},{"type":"Feature","id":170633,"properties":{"OBJECTID":170633,"PRIMENAME":"Gowdy Avenue","ELEVTYP_F":0,"ELEVTYP_T":0},"geometry":{"type":"LineString","coordinates":[[-74.0537869819236,40.0853644431034],[-74.053899744853,40.0849867371215],[-74.0539179425665,40.0849398514137]]}},{"type":"Feature","id":170646,"properties":{"OBJECTID":170646,"PRIMENAME":"Herbertsville Road","ELEVTYP_F":0,"ELEVTYP_T":0},"geometry":{"type":"LineString","coordinates":[[-74.0823369221407,40.0863721855004],[-74.0828654671847,40.0866310242325]]}},{"type":"Feature","id":170706,"properties":{"OBJECTID":170706,"PRIMENAME":"Lakewood Road","ELEVTYP_F":0,"ELEVTYP_T":0},"geometry":{"type":"LineString","coordinates":[[-74.0701493548021,40.0826805857699],[-74.0698147822723,40.0826651786051],[-74.0696053730028,40.0826608592401],[-74.0694330651268,40.0826673289964],[-74.0692842018897,40.0826739406111],[-74.0691118751382,40.0826947407433],[-74.0689674970566,40.0827156446154],[-74.0688043936356,40.0827472130653],[-74.0686512755312,40.0827825239171],[-74.0686366357474,40.0827859010433],[-74.0685201862041,40.0828212113537],[-74.0684675376452,40.0828386679187]]}},{"type":"Feature","id":170867,"properties":{"OBJECTID":170867,"PRIMENAME":"Spruce Street","ELEVTYP_F":0,"ELEVTYP_T":0},"geometry":{"type":"LineString","coordinates":[[-74.0734299643854,40.0789762109009],[-74.073486660106,40.0788363528049]]}},{"type":"Feature","id":171046,"properties":{"OBJECTID":171046,"PRIMENAME":"Sudbury Road","ELEVTYP_F":0,"ELEVTYP_T":0},"geometry":{"type":"LineString","coordinates":[[-74.0919466431815,40.0942398345332],[-74.0905677045686,40.0948059665412],[-74.0900278445493,40.0950232979585],[-74.0899302846525,40.0950603439232],[-74.0898750536173,40.0950726391712],[-74.0898165858238,40.0950823703717],[-74.0897483944977,40.0950920941258],[-74.0896737480345,40.0950992973563],[-74.0895796645208,40.0950989640395],[-74.089508289466,40.0950912434907],[-74.0894240555892,40.0950759826677],[-74.0893463504208,40.0950508076017],[-74.089324044957,40.0950428546787],[-74.0892686604983,40.0950231060984],[-74.0891650795976,40.0949853753892]]}},{"type":"Feature","id":171372,"properties":{"OBJECTID":171372,"PRIMENAME":"Sunny Lane","ELEVTYP_F":0,"ELEVTYP_T":0},"geometry":{"type":"LineString","coordinates":[[-74.0842102354906,40.0620144366067],[-74.0843648520487,40.0621764988625],[-74.0849174627118,40.0626970451295],[-74.0849247097428,40.0627333097071],[-74.0849215509828,40.0627651163864]]}},{"type":"Feature","id":171732,"properties":{"OBJECTID":171732,"PRIMENAME":"Elm Avenue","ELEVTYP_F":0,"ELEVTYP_T":0},"geometry":{"type":"LineString","coordinates":[[-74.0591171942571,40.0725556491777],[-74.0590496663122,40.072740382148],[-74.0589024622153,40.0731430724371]]}},{"type":"Feature","id":171767,"properties":{"OBJECTID":171767,"PRIMENAME":"Sunset Drive","ELEVTYP_F":0,"ELEVTYP_T":0},"geometry":{"type":"LineString","coordinates":[[-74.0794121426346,40.0973263305019],[-74.0793430571097,40.0974225778398],[-74.0792367912826,40.0975365886086],[-74.0788995832949,40.0978785542854],[-74.0787122308528,40.0980637035238],[-74.0786546101955,40.0981208156938]]}},{"type":"Feature","id":171945,"properties":{"OBJECTID":171945,"PRIMENAME":"Southeast Drive","ELEVTYP_F":0,"ELEVTYP_T":0},"geometry":{"type":"LineString","coordinates":[[-74.0620027848041,40.0668470716991],[-74.0614473225696,40.0664532400214],[-74.0608840969407,40.0660564660923],[-74.060847158221,40.0660162991812],[-74.0608102395553,40.0659675397012],[-74.0607956524052,40.0659188648708],[-74.0607960379714,40.0658588259848],[-74.0608700170328,40.0653443581356],[-74.0608927519699,40.0652872312364],[-74.060926505072,40.0652501874633],[-74.0609751221815,40.0652132000076],[-74.0610423544506,40.0651762830635],[-74.0612590614162,40.0650484035707]]}},{"type":"Feature","id":172054,"properties":{"OBJECTID":172054,"PRIMENAME":"Smith Circle","ELEVTYP_F":0,"ELEVTYP_T":0},"geometry":{"type":"LineString","coordinates":[[-74.0892557807161,40.0874433640645],[-74.0892207360698,40.0874523196786],[-74.0890130727802,40.0875056111333]]}},{"type":"Feature","id":172194,"properties":{"OBJECTID":172194,"PRIMENAME":"Oriole Way","ELEVTYP_F":0,"ELEVTYP_T":0},"geometry":{"type":"LineString","coordinates":[[-74.072648001052,40.0651287300636],[-74.0726476059722,40.0651287340105],[-74.0723859830722,40.0651310219773]]}},{"type":"Feature","id":173127,"properties":{"OBJECTID":173127,"PRIMENAME":"Maxson Avenue","ELEVTYP_F":0,"ELEVTYP_T":0},"geometry":{"type":"LineString","coordinates":[[-74.0724674345129,40.0843237261504],[-74.0722037460122,40.0855843356196]]}},{"type":"Feature","id":173131,"properties":{"OBJECTID":173131,"PRIMENAME":"Arnold Avenue","ELEVTYP_F":0,"ELEVTYP_T":0},"geometry":{"type":"LineString","coordinates":[[-74.0629824539032,40.0854116050511],[-74.0622819758103,40.0861118164012]]}},{"type":"Feature","id":173170,"properties":{"OBJECTID":173170,"PRIMENAME":"Short Place","ELEVTYP_F":0,"ELEVTYP_T":0},"geometry":{"type":"LineString","coordinates":[[-74.084472542979,40.0705033223881],[-74.0836131279112,40.0703539656184]]}},{"type":"Feature","id":173180,"properties":{"OBJECTID":173180,"PRIMENAME":"Riviera Drive","ELEVTYP_F":0,"ELEVTYP_T":0},"geometry":{"type":"LineString","coordinates":[[-74.0899936327264,40.0978112329595],[-74.0899302600099,40.0977682366133],[-74.0898740858067,40.0977110456118],[-74.0898320798798,40.0976457778198],[-74.089762271571,40.0975017037685],[-74.089692545006,40.0973440682574],[-74.0896086469505,40.0971890728562],[-74.0895823940261,40.0971497214205]]}},{"type":"Feature","id":173256,"properties":{"OBJECTID":173256,"PRIMENAME":"Carroll Fox Road","ELEVTYP_F":0,"ELEVTYP_T":0},"geometry":{"type":"LineString","coordinates":[[-74.0836451290716,40.0613941871606],[-74.083555181049,40.0613914752327],[-74.083454781549,40.0613739560384],[-74.0833822961119,40.0613608199502]]}},{"type":"Feature","id":173284,"properties":{"OBJECTID":173284,"PRIMENAME":"Gowdy Avenue","ELEVTYP_F":0,"ELEVTYP_T":0},"geometry":{"type":"LineString","coordinates":[[-74.0539179425665,40.0849398514137],[-74.053945185427,40.0848696599947],[-74.0540322306547,40.0847030527373],[-74.0545203402848,40.0837829164583],[-74.0549696626303,40.0828180176516],[-74.0552227531295,40.0822556505958]]}},{"type":"Feature","id":173989,"properties":{"OBJECTID":173989,"PRIMENAME":"Maxson Avenue","ELEVTYP_F":0,"ELEVTYP_T":0},"geometry":{"type":"LineString","coordinates":[[-74.072775291218,40.0828623764433],[-74.0726321546276,40.0835364277777]]}},{"type":"Feature","id":174117,"properties":{"OBJECTID":174117,"PRIMENAME":"Forman Avenue","ELEVTYP_F":0,"ELEVTYP_T":0},"geometry":{"type":"LineString","coordinates":[[-74.0548188031008,40.0883983613379],[-74.0547294654985,40.0884048623228]]}},{"type":"Feature","id":174243,"properties":{"OBJECTID":174243,"PRIMENAME":"Cliff Road","ELEVTYP_F":0,"ELEVTYP_T":0},"geometry":{"type":"LineString","coordinates":[[-74.0890113526819,40.0665161694788],[-74.0891331858083,40.0664529395387],[-74.0900012316403,40.0660024297419]]}},{"type":"Feature","id":174507,"properties":{"OBJECTID":174507,"PRIMENAME":"Willow Street","ELEVTYP_F":0,"ELEVTYP_T":0},"geometry":{"type":"LineString","coordinates":[[-74.0741745770364,40.0770700463025],[-74.0760153227258,40.077502542332]]}},{"type":"Feature","id":174688,"properties":{"OBJECTID":174688,"PRIMENAME":"West Lake Avenue","ELEVTYP_F":0,"ELEVTYP_T":0},"geometry":{"type":"LineString","coordinates":[[-74.0486716405881,40.0715111331092],[-74.0485550230513,40.0719790027426]]}},{"type":"Feature","id":174963,"properties":{"OBJECTID":174963,"PRIMENAME":"Mattapan Avenue","ELEVTYP_F":0,"ELEVTYP_T":0},"geometry":{"type":"LineString","coordinates":[[-74.0836464078317,40.076502070615],[-74.0837483256085,40.0765203633785],[-74.0838466198739,40.0765351024072],[-74.0839496602322,40.0765390680824],[-74.0840621656935,40.0765322800367],[-74.0852817538941,40.0762794151046]]}},{"type":"Feature","id":175174,"properties":{"OBJECTID":175174,"PRIMENAME":"Trenton Avenue","ELEVTYP_F":0,"ELEVTYP_T":0},"geometry":{"type":"LineString","coordinates":[[-74.062422428553,40.0895411073324],[-74.0629192031457,40.0895674987688],[-74.0630286124369,40.0895679115436]]}},{"type":"Feature","id":175194,"properties":{"OBJECTID":175194,"PRIMENAME":"Bridge Avenue","ELEVTYP_F":0,"ELEVTYP_T":0},"geometry":{"type":"LineString","coordinates":[[-74.0898590037781,40.0823921340636],[-74.0898962508725,40.0824164792694],[-74.0902402210428,40.0826117085152],[-74.0904997103433,40.0827460755132],[-74.0905563067769,40.0827721353711]]}},{"type":"Feature","id":175232,"properties":{"OBJECTID":175232,"PRIMENAME":"Herbertsville Road","ELEVTYP_F":0,"ELEVTYP_T":0},"geometry":{"type":"LineString","coordinates":[[-74.0839531751742,40.0871647268573],[-74.0842885943838,40.0873271360938]]}},{"type":"Feature","id":175795,"properties":{"OBJECTID":175795,"PRIMENAME":"Northeast Drive","ELEVTYP_F":0,"ELEVTYP_T":0},"geometry":{"type":"LineString","coordinates":[[-74.0861874271841,40.066135635847],[-74.0865342755886,40.0665901547522]]}},{"type":"Feature","id":175815,"properties":{"OBJECTID":175815,"PRIMENAME":"Cramer Avenue","ELEVTYP_F":0,"ELEVTYP_T":0},"geometry":{"type":"LineString","coordinates":[[-74.0537139122077,40.0903526166409],[-74.0537580503663,40.0895817101782],[-74.0537510287131,40.0895130504384],[-74.0537369437559,40.0893928889677],[-74.0537148846968,40.089349922061],[-74.0536849333199,40.0893222437025]]}},{"type":"Feature","id":175900,"properties":{"OBJECTID":175900,"PRIMENAME":"School Street","ELEVTYP_F":0,"ELEVTYP_T":0},"geometry":{"type":"LineString","coordinates":[[-74.0744219310018,40.0764414810227],[-74.0746759977469,40.0757958914487]]}},{"type":"Feature","id":176176,"properties":{"OBJECTID":176176,"PRIMENAME":"Unnamed Segment","ELEVTYP_F":0,"ELEVTYP_T":0},"geometry":{"type":"LineString","coordinates":[[-74.0810971238134,40.0907071184965],[-74.0808221735285,40.0906089121899]]}},{"type":"Feature","id":176534,"properties":{"OBJECTID":176534,"PRIMENAME":"Meadow Avenue","ELEVTYP_F":0,"ELEVTYP_T":0},"geometry":{"type":"LineString","coordinates":[[-74.0477340967063,40.0686616213112],[-74.0493180591185,40.0688943376262]]}},{"type":"Feature","id":177073,"properties":{"OBJECTID":177073,"PRIMENAME":"Clayton Avenue","ELEVTYP_F":0,"ELEVTYP_T":0},"geometry":{"type":"LineString","coordinates":[[-74.0591631096797,40.086787443414],[-74.0584700028217,40.0866149232359],[-74.0566076724,40.0861559587876]]}},{"type":"Feature","id":177594,"properties":{"OBJECTID":177594,"PRIMENAME":"Bay Isle Drive","ELEVTYP_F":0,"ELEVTYP_T":0},"geometry":{"type":"LineString","coordinates":[[-74.0596095331349,40.0644790239547],[-74.0597444498273,40.0644904630633],[-74.0598754174029,40.0644991416927],[-74.0600064564746,40.0644968941086],[-74.0601340100065,40.064486507068],[-74.0602758173416,40.0644598389745],[-74.0603822511335,40.0644276007879],[-74.060488772326,40.0643817461199],[-74.0605740348399,40.0643358386448],[-74.0606558471035,40.0642762733857],[-74.0607270816191,40.064211287207],[-74.0607841677767,40.0641461644826],[-74.0608378217508,40.0640647495475],[-74.0608772917088,40.0639832808257],[-74.0609062003609,40.0638881823667],[-74.0609209081775,40.0638066197753],[-74.0609213448912,40.0637385918906],[-74.0609146545776,40.0636787459341],[-74.0608939903726,40.0635861499616],[-74.060845097611,40.063482575589],[-74.0607994966131,40.0634116837065],[-74.0607563253687,40.0633574638874]]}},{"type":"Feature","id":178342,"properties":{"OBJECTID":178342,"PRIMENAME":"Chatham Lane","ELEVTYP_F":0,"ELEVTYP_T":0},"geometry":{"type":"LineString","coordinates":[[-74.085666407967,40.0929548613032],[-74.0855613745882,40.0930278955262],[-74.0854979919015,40.0930936660105],[-74.0854402217073,40.0931770542574],[-74.0854053629587,40.0932605244805],[-74.0853818810948,40.0933484271866],[-74.085381320345,40.0934408325263],[-74.0853980066696,40.0935244593104],[-74.0854319396177,40.0935993912946],[-74.0861806814333,40.0948251327632]]}},{"type":"Feature","id":178353,"properties":{"OBJECTID":178353,"PRIMENAME":"New York Avenue","ELEVTYP_F":0,"ELEVTYP_T":0},"geometry":{"type":"LineString","coordinates":[[-74.0489928244541,40.0862766204532],[-74.0492575196952,40.0862562926043],[-74.0497938606832,40.0862240619569],[-74.0498907777881,40.0862101346934],[-74.0499852721635,40.0861894454497]]}},{"type":"Feature","id":178416,"properties":{"OBJECTID":178416,"PRIMENAME":"Giese Lane","ELEVTYP_F":0,"ELEVTYP_T":0},"geometry":{"type":"LineString","coordinates":[[-74.082936708577,40.0904483396285],[-74.0831308900463,40.0903514153066],[-74.0833027815443,40.0902462015691],[-74.083583159136,40.0900641802057],[-74.0836803173457,40.0900044893047],[-74.0837932698587,40.0899102369738]]}},{"type":"Feature","id":178502,"properties":{"OBJECTID":178502,"PRIMENAME":"Beach Boulevard","ELEVTYP_F":0,"ELEVTYP_T":0},"geometry":{"type":"LineString","coordinates":[[-74.0710239235157,40.0711062908147],[-74.0709795980635,40.0711315758038],[-74.070902155,40.0711440275126],[-74.0708016352471,40.0711480190189],[-74.0696313502679,40.0711944676365],[-74.0695236866011,40.0711940676291]]}},{"type":"Feature","id":178642,"properties":{"OBJECTID":178642,"PRIMENAME":"Dorset Dock Road","ELEVTYP_F":0,"ELEVTYP_T":0},"geometry":{"type":"LineString","coordinates":[[-74.0728037855191,40.0745114671208],[-74.0728196197548,40.0745110040076],[-74.0728443530839,40.0745102989937],[-74.0729002782733,40.0745048227087],[-74.0729599189621,40.0744878843481],[-74.0730196327997,40.074465235825],[-74.073090673286,40.0744197054429],[-74.0731586702531,40.0743638139255],[-74.0731641369545,40.0743582335507]]}},{"type":"Feature","id":178748,"properties":{"OBJECTID":178748,"PRIMENAME":"Philadelphia Avenue","ELEVTYP_F":0,"ELEVTYP_T":0},"geometry":{"type":"LineString","coordinates":[[-74.0609181139376,40.08572055329],[-74.0606690288019,40.0856652791308],[-74.0605277510198,40.0856361372541],[-74.0603790774061,40.0855955463604],[-74.0602602298019,40.085552186287],[-74.0601488336058,40.0855060262116],[-74.0600410821518,40.0854713276699],[-74.0598849753253,40.0854306529682],[-74.0596136452734,40.085360989029]]}},{"type":"Feature","id":178894,"properties":{"OBJECTID":178894,"PRIMENAME":"Bay Avenue","ELEVTYP_F":0,"ELEVTYP_T":0},"geometry":{"type":"LineString","coordinates":[[-74.0548239324735,40.07255828417],[-74.054859497861,40.0729082567255]]}},{"type":"Feature","id":178896,"properties":{"OBJECTID":178896,"PRIMENAME":"Beaver Dam Road","ELEVTYP_F":0,"ELEVTYP_T":0},"geometry":{"type":"LineString","coordinates":[[-74.0716860371283,40.0735310216185],[-74.0715555609914,40.0736689857729],[-74.0710534594531,40.0741961505188],[-74.0710078099384,40.0742441623198],[-74.0710006156208,40.0742516852974]]}},{"type":"Feature","id":179003,"properties":{"OBJECTID":179003,"PRIMENAME":"Hollywood Boulevard","ELEVTYP_F":0,"ELEVTYP_T":0},"geometry":{"type":"LineString","coordinates":[[-74.0645154791919,40.0763290865961],[-74.065262865469,40.0771571092881],[-74.0656359408233,40.0775484541248]]}},{"type":"Feature","id":179334,"properties":{"OBJECTID":179334,"PRIMENAME":"Wyndham Drive","ELEVTYP_F":0,"ELEVTYP_T":0},"geometry":{"type":"LineString","coordinates":[[-74.0467251191276,40.07709132989],[-74.0469040345693,40.0767493043009],[-74.0469319396672,40.0767069709697],[-74.0469597603229,40.0766773749061],[-74.0470014026841,40.0766436059304],[-74.0470485204155,40.0766140853018],[-74.0470928663585,40.0765930653694],[-74.0471399151752,40.0765741140701],[-74.0471952608797,40.0765595059002],[-74.0472671239705,40.0765491901103],[-74.0474275424232,40.0765441524631],[-74.0475073968933,40.0765416452305],[-74.0478223939195,40.0765428751749],[-74.0478304848959,40.0765429067559],[-74.0480065859511,40.0765471273984],[-74.0481479570621,40.0765505151794]]}},{"type":"Feature","id":179422,"properties":{"OBJECTID":179422,"PRIMENAME":"Quail Place","ELEVTYP_F":0,"ELEVTYP_T":0},"geometry":{"type":"LineString","coordinates":[[-74.077427792273,40.0959673172439],[-74.078059021321,40.0963074017428]]}},{"type":"Feature","id":179450,"properties":{"OBJECTID":179450,"PRIMENAME":"Barton Avenue","ELEVTYP_F":0,"ELEVTYP_T":0},"geometry":{"type":"LineString","coordinates":[[-74.0756133842422,40.0819179046066],[-74.0756360812956,40.0817908251986],[-74.0759766826626,40.080926144173]]}},{"type":"Feature","id":180346,"properties":{"OBJECTID":180346,"PRIMENAME":"Bay Boulevard","ELEVTYP_F":0,"ELEVTYP_T":0},"geometry":{"type":"LineString","coordinates":[[-74.0544242874328,40.0641548507912],[-74.0544184872294,40.0642170926569],[-74.0544215685364,40.0643143435832],[-74.0544394582194,40.0644259274816],[-74.0544685119504,40.0645347261248],[-74.0545089749079,40.0646092251174],[-74.0545754464301,40.064689562423],[-74.0546715881987,40.0647842888621],[-74.0561091826943,40.0657906962886],[-74.0563555626128,40.0659650346597]]}},{"type":"Feature","id":180425,"properties":{"OBJECTID":180425,"PRIMENAME":"Hartford Place","ELEVTYP_F":0,"ELEVTYP_T":0},"geometry":{"type":"LineString","coordinates":[[-74.0793951220543,40.0614023909739],[-74.0793975092109,40.061322235862],[-74.0793400337006,40.0609076473987]]}},{"type":"Feature","id":180620,"properties":{"OBJECTID":180620,"PRIMENAME":"Old Farm Road","ELEVTYP_F":0,"ELEVTYP_T":0},"geometry":{"type":"LineString","coordinates":[[-74.0571438446667,40.0797118972446],[-74.0566516548113,40.0795849650997],[-74.0561949305084,40.0794564374087]]}},{"type":"Feature","id":180704,"properties":{"OBJECTID":180704,"PRIMENAME":"17th Avenue","ELEVTYP_F":0,"ELEVTYP_T":0},"geometry":{"type":"LineString","coordinates":[[-74.0899936327264,40.0978112329595],[-74.091530240848,40.0974020098375]]}},{"type":"Feature","id":180971,"properties":{"OBJECTID":180971,"PRIMENAME":"Panther Path","ELEVTYP_F":0,"ELEVTYP_T":0},"geometry":{"type":"LineString","coordinates":[[-74.0700663168383,40.0787457733023],[-74.070277430793,40.0788711288278],[-74.0703591034041,40.0789298111087],[-74.0705358468778,40.0789740843564],[-74.0718342708894,40.0791761920587]]}},{"type":"Feature","id":181012,"properties":{"OBJECTID":181012,"PRIMENAME":"Robin Hood Road","ELEVTYP_F":0,"ELEVTYP_T":0},"geometry":{"type":"LineString","coordinates":[[-74.0884658449082,40.0635222110351],[-74.0886333115117,40.0635399640405],[-74.0888155524346,40.0635549140336],[-74.0889643843335,40.0635640357021],[-74.0891691117226,40.0635590235236],[-74.0892695997726,40.0635565246099],[-74.089418553217,40.0635456047342],[-74.0896233833028,40.063523461775],[-74.0898580466232,40.0634956866353],[-74.0899623191194,40.0634817526686],[-74.0901015467184,40.0634658553715]]}},{"type":"Feature","id":181284,"properties":{"OBJECTID":181284,"PRIMENAME":"Dorset Dock Road","ELEVTYP_F":0,"ELEVTYP_T":0},"geometry":{"type":"LineString","coordinates":[[-74.0760836208081,40.070591170197],[-74.0762499887129,40.0703908212062]]}},{"type":"Feature","id":181533,"properties":{"OBJECTID":181533,"PRIMENAME":"Cedar Avenue","ELEVTYP_F":0,"ELEVTYP_T":0},"geometry":{"type":"LineString","coordinates":[[-74.0538155948194,40.097787309954],[-74.0534279368265,40.0977094501239]]}},{"type":"Feature","id":181611,"properties":{"OBJECTID":181611,"PRIMENAME":"Buckner Street","ELEVTYP_F":0,"ELEVTYP_T":0},"geometry":{"type":"LineString","coordinates":[[-74.0613783676035,40.0794482327508],[-74.0629194998913,40.0781869830452],[-74.0629677942678,40.0781458207181],[-74.0629853041484,40.0781236495537],[-74.0629951641188,40.0781074346367],[-74.0630017494074,40.0780836847744],[-74.0630046649117,40.0780580818523]]}},{"type":"Feature","id":181739,"properties":{"OBJECTID":181739,"PRIMENAME":"Perch Hole Point Place","ELEVTYP_F":0,"ELEVTYP_T":0},"geometry":{"type":"LineString","coordinates":[[-74.052684145999,40.0645539039116],[-74.052694379587,40.0646718822687],[-74.0527063217241,40.064741742169],[-74.0527306667519,40.0648052811345],[-74.0530765135558,40.0655966651249]]}},{"type":"Feature","id":181743,"properties":{"OBJECTID":181743,"PRIMENAME":"Crate Place","ELEVTYP_F":0,"ELEVTYP_T":0},"geometry":{"type":"LineString","coordinates":[[-74.0900833689016,40.0615505132998],[-74.090383625992,40.0616283776538]]}},{"type":"Feature","id":181931,"properties":{"OBJECTID":181931,"PRIMENAME":"Mistletoe Avenue","ELEVTYP_F":0,"ELEVTYP_T":0},"geometry":{"type":"LineString","coordinates":[[-74.0860151392586,40.0785639491918],[-74.0862385123306,40.0791985888589],[-74.0864065664345,40.0796760486457]]}},{"type":"Feature","id":181955,"properties":{"OBJECTID":181955,"PRIMENAME":"Arnold Avenue","ELEVTYP_F":0,"ELEVTYP_T":0},"geometry":{"type":"LineString","coordinates":[[-74.0635999416203,40.084798625847],[-74.0632440255779,40.0851518969727],[-74.0629824539032,40.0854116050511]]}},{"type":"Feature","id":182060,"properties":{"OBJECTID":182060,"PRIMENAME":"Hillside Avenue","ELEVTYP_F":0,"ELEVTYP_T":0},"geometry":{"type":"LineString","coordinates":[[-74.0823369221407,40.0863721855004],[-74.0824022122561,40.0863447209885],[-74.0824560985021,40.086299974278],[-74.0834496845771,40.0850926466532],[-74.0843037185967,40.0840826377052],[-74.0854798540808,40.082642705336],[-74.0856391130566,40.0824486470125],[-74.0858031151589,40.0822488103609]]}},{"type":"Feature","id":182171,"properties":{"OBJECTID":182171,"PRIMENAME":"River Road","ELEVTYP_F":0,"ELEVTYP_T":0},"geometry":{"type":"LineString","coordinates":[[-74.0799304341213,40.090367131785],[-74.0805892452708,40.0892816551407],[-74.0805785338729,40.0892018069344]]}},{"type":"Feature","id":182657,"properties":{"OBJECTID":182657,"PRIMENAME":"Lakewood Road","ELEVTYP_F":0,"ELEVTYP_T":0},"geometry":{"type":"LineString","coordinates":[[-74.0820190418817,40.0805788849775],[-74.0808748477034,40.0808197980562]]}},{"type":"Feature","id":182680,"properties":{"OBJECTID":182680,"PRIMENAME":"Arnold Avenue","ELEVTYP_F":0,"ELEVTYP_T":0},"geometry":{"type":"LineString","coordinates":[[-74.0636984162522,40.0846725846019],[-74.0635999416203,40.084798625847]]}},{"type":"Feature","id":182870,"properties":{"OBJECTID":182870,"PRIMENAME":"Borden Avenue","ELEVTYP_F":0,"ELEVTYP_T":0},"geometry":{"type":"LineString","coordinates":[[-74.0561558293722,40.0877289954693],[-74.0561294224735,40.0880360680111],[-74.0560012662446,40.0891611280075]]}},{"type":"Feature","id":183108,"properties":{"OBJECTID":183108,"PRIMENAME":"Old Farm Road","ELEVTYP_F":0,"ELEVTYP_T":0},"geometry":{"type":"LineString","coordinates":[[-74.0605491804335,40.0805856595025],[-74.0604330684559,40.0805627619962],[-74.0601786033171,40.0805077960028],[-74.0599890759409,40.0804584568633],[-74.059810383454,40.0804081426036]]}},{"type":"Feature","id":183729,"properties":{"OBJECTID":183729,"PRIMENAME":"Barton Avenue","ELEVTYP_F":0,"ELEVTYP_T":0},"geometry":{"type":"LineString","coordinates":[[-74.0745192291552,40.0871687023231],[-74.0747849261918,40.0859124599991]]}},{"type":"Feature","id":183999,"properties":{"OBJECTID":183999,"PRIMENAME":"Newark Avenue","ELEVTYP_F":0,"ELEVTYP_T":0},"geometry":{"type":"LineString","coordinates":[[-74.0753906106325,40.0830180161458],[-74.0757971490372,40.0830422093334],[-74.0770699354974,40.0831106088152]]}},{"type":"Feature","id":184101,"properties":{"OBJECTID":184101,"PRIMENAME":"Riverwood Avenue","ELEVTYP_F":0,"ELEVTYP_T":0},"geometry":{"type":"LineString","coordinates":[[-74.0816252493488,40.0860299670961],[-74.0825414529059,40.0849068959348],[-74.0834054230099,40.0838676127455],[-74.0836679789938,40.0835517712323],[-74.0837297796588,40.0834921728985],[-74.0837849843363,40.0834431799104],[-74.0838038771041,40.0834264138371],[-74.0841923781425,40.0831910257937]]}},{"type":"Feature","id":184370,"properties":{"OBJECTID":184370,"PRIMENAME":"Cardinal Drive","ELEVTYP_F":0,"ELEVTYP_T":0},"geometry":{"type":"LineString","coordinates":[[-74.0723617175298,40.0670574921464],[-74.0724197049956,40.0670755777732],[-74.0724866112116,40.0670901277279],[-74.0725461209034,40.067098940846],[-74.0739001168127,40.0672297738288],[-74.0758755213864,40.0673914196121]]}},{"type":"Feature","id":184506,"properties":{"OBJECTID":184506,"PRIMENAME":"County Route 634","ELEVTYP_F":0,"ELEVTYP_T":0},"geometry":{"type":"LineString","coordinates":[[-74.0887346736763,40.0961185316719],[-74.0883600028175,40.0956979524684]]}},{"type":"Feature","id":184601,"properties":{"OBJECTID":184601,"PRIMENAME":"Curtis Avenue","ELEVTYP_F":0,"ELEVTYP_T":0},"geometry":{"type":"LineString","coordinates":[[-74.0520494898036,40.0974350787479],[-74.051950380637,40.097745458758]]}},{"type":"Feature","id":184695,"properties":{"OBJECTID":184695,"PRIMENAME":"Susan Lane","ELEVTYP_F":0,"ELEVTYP_T":0},"geometry":{"type":"LineString","coordinates":[[-74.0709385638353,40.0697437179715],[-74.0709907760363,40.0704206610124]]}},{"type":"Feature","id":185290,"properties":{"OBJECTID":185290,"PRIMENAME":"Shore Drive","ELEVTYP_F":0,"ELEVTYP_T":0},"geometry":{"type":"LineString","coordinates":[[-74.0768585865975,40.098242200002],[-74.0769364849896,40.0981954856084],[-74.0770547870975,40.0981244018998],[-74.077129637982,40.0980674903369],[-74.0774294667278,40.097754027338],[-74.0778166637144,40.0973646160247],[-74.0779478449544,40.0972220914054],[-74.0781163449082,40.0970797295818],[-74.0782538324152,40.0969229507252],[-74.0784535890083,40.0967377932904],[-74.0785659436916,40.0966333581051],[-74.0786284863186,40.0966010130521],[-74.0787215477482,40.0965528826711],[-74.0788521211574,40.0965200022012],[-74.0789949736309,40.0965014142434],[-74.0791624524233,40.0965068541459],[-74.0793920646899,40.096517187721],[-74.0796463907871,40.0965371902781],[-74.0797533534943,40.0965478462698]]}},{"type":"Feature","id":186500,"properties":{"OBJECTID":186500,"PRIMENAME":"Cliff Road","ELEVTYP_F":0,"ELEVTYP_T":0},"geometry":{"type":"LineString","coordinates":[[-74.0900012316403,40.0660024297419],[-74.0903741038434,40.0658089128804],[-74.0904337530922,40.0657948207166],[-74.0904858995108,40.0657864394346],[-74.0908596449596,40.0657629970934]]}},{"type":"Feature","id":186717,"properties":{"OBJECTID":186717,"PRIMENAME":"Canal Drive","ELEVTYP_F":0,"ELEVTYP_T":0},"geometry":{"type":"LineString","coordinates":[[-74.0631322449366,40.0722757650756],[-74.0622504648366,40.0721574628915]]}},{"type":"Feature","id":186996,"properties":{"OBJECTID":186996,"PRIMENAME":"Old Drift Road","ELEVTYP_F":0,"ELEVTYP_T":0},"geometry":{"type":"LineString","coordinates":[[-74.071298705709,40.0766479161152],[-74.0711820079743,40.0767873034093],[-74.0710696689392,40.0768926920195],[-74.0707929939282,40.0770861189543]]}},{"type":"Feature","id":187035,"properties":{"OBJECTID":187035,"PRIMENAME":"New York Avenue","ELEVTYP_F":0,"ELEVTYP_T":0},"geometry":{"type":"LineString","coordinates":[[-74.0499852721635,40.0861894454497],[-74.0500063547819,40.0861848329436],[-74.0506216689588,40.0860299427527]]}},{"type":"Feature","id":187046,"properties":{"OBJECTID":187046,"PRIMENAME":"Midwood Drive","ELEVTYP_F":0,"ELEVTYP_T":0},"geometry":{"type":"LineString","coordinates":[[-74.0846921279385,40.0634247927438],[-74.0845972705467,40.0634061964589],[-74.0844894022909,40.0633943888174],[-74.0843963623641,40.0633940550966],[-74.0842958392447,40.0633965496576],[-74.0841729509801,40.0634104117088],[-74.0840787082768,40.0634258914416],[-74.0840537086991,40.063429997133],[-74.0839381640035,40.0634581883543],[-74.0838039534572,40.0634948780271],[-74.0837181375716,40.0635288871356],[-74.0836024197664,40.0635856555859],[-74.0834866146599,40.0636567284614],[-74.0834006057934,40.0637221691313],[-74.0833257991601,40.0637848506624],[-74.083258369921,40.0638560963797],[-74.0832021417659,40.0639188167345],[-74.0831533457763,40.063987275116],[-74.0831044800873,40.0640671522493],[-74.0830780148392,40.0641356909503],[-74.0830514445899,40.0642156762119]]}},{"type":"Feature","id":187097,"properties":{"OBJECTID":187097,"PRIMENAME":"Shadow Way","ELEVTYP_F":0,"ELEVTYP_T":0},"geometry":{"type":"LineString","coordinates":[[-74.0827132069248,40.0633043275868],[-74.0826056871256,40.0632353072283],[-74.0824275656722,40.0631488740636],[-74.0822864806204,40.0630882971454],[-74.0821862549978,40.063047908805],[-74.0820712531713,40.0629874265866],[-74.0819153933474,40.06290681037]]}},{"type":"Feature","id":187125,"properties":{"OBJECTID":187125,"PRIMENAME":"Barclay Drive","ELEVTYP_F":0,"ELEVTYP_T":0},"geometry":{"type":"LineString","coordinates":[[-74.0894765717394,40.0866503744726],[-74.0891066685349,40.0867648172981],[-74.0889661863524,40.0867971257376]]}},{"type":"Feature","id":187326,"properties":{"OBJECTID":187326,"PRIMENAME":"Trenton Avenue","ELEVTYP_F":0,"ELEVTYP_T":0},"geometry":{"type":"LineString","coordinates":[[-74.0560012662446,40.0891611280075],[-74.0554761637879,40.0891259650758]]}},{"type":"Feature","id":187410,"properties":{"OBJECTID":187410,"PRIMENAME":"Arnold Avenue","ELEVTYP_F":0,"ELEVTYP_T":0},"geometry":{"type":"LineString","coordinates":[[-74.0518050894398,40.0915816805168],[-74.0511931531156,40.0916285888902]]}},{"type":"Feature","id":187804,"properties":{"OBJECTID":187804,"PRIMENAME":"Briarcliff Avenue","ELEVTYP_F":0,"ELEVTYP_T":0},"geometry":{"type":"LineString","coordinates":[[-74.0556587294334,40.0857870857503],[-74.0566570283283,40.0860131718352]]}},{"type":"Feature","id":187890,"properties":{"OBJECTID":187890,"PRIMENAME":"Riviera Parkway","ELEVTYP_F":0,"ELEVTYP_T":0},"geometry":{"type":"LineString","coordinates":[[-74.0674938246912,40.0695596012962],[-74.0692703542766,40.0697722836561],[-74.0693643265819,40.0697789477752],[-74.0694199643124,40.0697844803844]]}},{"type":"Feature","id":188283,"properties":{"OBJECTID":188283,"PRIMENAME":"Cedar Avenue","ELEVTYP_F":0,"ELEVTYP_T":0},"geometry":{"type":"LineString","coordinates":[[-74.0534279368265,40.0977094501239],[-74.0523057651809,40.0974840574194],[-74.0520494898036,40.0974350787479]]}},{"type":"Feature","id":188428,"properties":{"OBJECTID":188428,"PRIMENAME":"Chatham Lane","ELEVTYP_F":0,"ELEVTYP_T":0},"geometry":{"type":"LineString","coordinates":[[-74.088174755928,40.0929042606841],[-74.0880792937241,40.0929434535081],[-74.0879673325258,40.0929802268536],[-74.0878517927571,40.0930055945094],[-74.0877772850026,40.0930138670386],[-74.087708716932,40.0930151884071],[-74.0877042290025,40.0930153525715]]}},{"type":"Feature","id":189035,"properties":{"OBJECTID":189035,"PRIMENAME":"River Avenue","ELEVTYP_F":0,"ELEVTYP_T":0},"geometry":{"type":"LineString","coordinates":[[-74.0734836757896,40.0857465810243],[-74.0737570816948,40.0844828483704]]}},{"type":"Feature","id":189047,"properties":{"OBJECTID":189047,"PRIMENAME":"Blaze Drive","ELEVTYP_F":0,"ELEVTYP_T":0},"geometry":{"type":"LineString","coordinates":[[-74.0695236866011,40.0711940676291],[-74.0694708214363,40.0704755842724]]}},{"type":"Feature","id":189065,"properties":{"OBJECTID":189065,"PRIMENAME":"North Road","ELEVTYP_F":0,"ELEVTYP_T":0},"geometry":{"type":"LineString","coordinates":[[-74.0654433116069,40.078094543643],[-74.0654698555172,40.0781465853037],[-74.0654937667179,40.0781806275324],[-74.0654942930936,40.0781813770823],[-74.0655311767787,40.0782036157336],[-74.0655803575862,40.078219585726],[-74.0660031229607,40.0783000980956],[-74.0660729090202,40.0783129881411],[-74.0661632638297,40.0783227982452],[-74.0662618765658,40.078326324436],[-74.0666110853829,40.0783465738749],[-74.066689110629,40.0783563374422],[-74.0668041037983,40.0783693952321],[-74.066943111361,40.0783883089217]]}},{"type":"Feature","id":189170,"properties":{"OBJECTID":189170,"PRIMENAME":"Mossbank Road","ELEVTYP_F":0,"ELEVTYP_T":0},"geometry":{"type":"LineString","coordinates":[[-74.0864443213381,40.072619746855],[-74.0862081043085,40.0729048559368]]}},{"type":"Feature","id":189500,"properties":{"OBJECTID":189500,"PRIMENAME":"Pacific Avenue","ELEVTYP_F":0,"ELEVTYP_T":0},"geometry":{"type":"LineString","coordinates":[[-74.0698220431185,40.085299089421],[-74.069703990152,40.085287697645],[-74.0689459730316,40.0851990876064]]}},{"type":"Feature","id":190089,"properties":{"OBJECTID":190089,"PRIMENAME":"Kilkare Parkway","ELEVTYP_F":0,"ELEVTYP_T":0},"geometry":{"type":"LineString","coordinates":[[-74.0647758301983,40.0762130792951],[-74.0646911234538,40.0762283619457],[-74.0645790485038,40.0762908632204],[-74.0645154791919,40.0763290865961]]}},{"type":"Feature","id":190262,"properties":{"OBJECTID":190262,"PRIMENAME":"Del Dor Drive","ELEVTYP_F":0,"ELEVTYP_T":0},"geometry":{"type":"LineString","coordinates":[[-74.0623174530328,40.0742475507705],[-74.0622285943665,40.0740775125565]]}},{"type":"Feature","id":190667,"properties":{"OBJECTID":190667,"PRIMENAME":"Davis Avenue","ELEVTYP_F":0,"ELEVTYP_T":0},"geometry":{"type":"LineString","coordinates":[[-74.0633180008752,40.0890465142816],[-74.0633199196187,40.089042623321],[-74.0634017698515,40.0888527363708],[-74.0634427095883,40.0887555691186],[-74.0634546700584,40.0886848405337],[-74.0634438681301,40.0885742182885]]}},{"type":"Feature","id":191255,"properties":{"OBJECTID":191255,"PRIMENAME":"Comanche Avenue","ELEVTYP_F":0,"ELEVTYP_T":0},"geometry":{"type":"LineString","coordinates":[[-74.0881225678388,40.0735574331033],[-74.0880363800368,40.0734260926877],[-74.0878333295664,40.0731480105309],[-74.0876993254693,40.0729578870169]]}},{"type":"Feature","id":191292,"properties":{"OBJECTID":191292,"PRIMENAME":"Marla Drive","ELEVTYP_F":0,"ELEVTYP_T":0},"geometry":{"type":"LineString","coordinates":[[-74.057515323657,40.0892603438463],[-74.0574347255246,40.0899704203643],[-74.0574239305504,40.0900655245651]]}},{"type":"Feature","id":191794,"properties":{"OBJECTID":191794,"PRIMENAME":"Riverview Drive","ELEVTYP_F":0,"ELEVTYP_T":0},"geometry":{"type":"LineString","coordinates":[[-74.0717064920591,40.0966445194933],[-74.070956057058,40.0970813208003]]}},{"type":"Feature","id":192222,"properties":{"OBJECTID":192222,"PRIMENAME":"Cole Drive Extension","ELEVTYP_F":0,"ELEVTYP_T":0},"geometry":{"type":"LineString","coordinates":[[-74.0669857154424,40.0975438738175],[-74.0671041523193,40.0974585257382],[-74.0672083616619,40.0973675788259],[-74.0673724627091,40.0972685646698]]}},{"type":"Feature","id":192341,"properties":{"OBJECTID":192341,"PRIMENAME":"Mattapan Avenue","ELEVTYP_F":0,"ELEVTYP_T":0},"geometry":{"type":"LineString","coordinates":[[-74.0864250065176,40.0760433419767],[-74.0874910616587,40.0758247443762],[-74.0887932455891,40.0755542099641]]}},{"type":"Feature","id":192528,"properties":{"OBJECTID":192528,"PRIMENAME":"Jackson Street","ELEVTYP_F":0,"ELEVTYP_T":0},"geometry":{"type":"LineString","coordinates":[[-74.0565106548505,40.0758739353348],[-74.0565640803737,40.0763753254029]]}},{"type":"Feature","id":192597,"properties":{"OBJECTID":192597,"PRIMENAME":"Bridge Avenue","ELEVTYP_F":0,"ELEVTYP_T":0},"geometry":{"type":"LineString","coordinates":[[-74.0649018649033,40.0714043612057],[-74.0646351520302,40.0713583911285]]}},{"type":"Feature","id":192929,"properties":{"OBJECTID":192929,"PRIMENAME":"Woodland Road","ELEVTYP_F":0,"ELEVTYP_T":0},"geometry":{"type":"LineString","coordinates":[[-74.0540920708602,40.0932412077459],[-74.0540916293981,40.0932376915506],[-74.0540847914949,40.0931461640381],[-74.0539960815233,40.0924709428718],[-74.0539842256734,40.0924254069214]]}},{"type":"Feature","id":192970,"properties":{"OBJECTID":192970,"PRIMENAME":"Dunkel Road","ELEVTYP_F":0,"ELEVTYP_T":0},"geometry":{"type":"LineString","coordinates":[[-74.0789972552039,40.0705834559839],[-74.0787669438157,40.0705498398091],[-74.0785959049215,40.0705177565109],[-74.0784769656179,40.0704916278849],[-74.0783840410133,40.0704712213571],[-74.0783059989495,40.0704480686674],[-74.0782242936353,40.0704163099586],[-74.0780498034728,40.0703413582238],[-74.0768089909936,40.0697176522482]]}},{"type":"Feature","id":193072,"properties":{"OBJECTID":193072,"PRIMENAME":"FR RT 35 SB to RT 35 NB","ELEVTYP_F":0,"ELEVTYP_T":0},"geometry":{"type":"LineString","coordinates":[[-74.0503743401974,40.09660540707],[-74.0503658605809,40.0965773039643],[-74.0503556248605,40.096549547875],[-74.0503436568908,40.0965222034826],[-74.0503299845631,40.0964953345081],[-74.05031463974,40.0964690035645],[-74.0502976581816,40.0964432720109],[-74.0502790794619,40.0964181998098],[-74.0502589468768,40.0963938453869],[-74.0502422915142,40.0963771783594],[-74.0502239723236,40.0963615748732],[-74.0502041040135,40.0963471326309],[-74.0501828109917,40.0963339420638],[-74.0501678895002,40.0963258849031],[-74.0501524354333,40.0963184433595],[-74.0501364918115,40.0963116381483],[-74.0501201030178,40.0963054882135],[-74.0501033146745,40.0963000106749],[-74.0500861735163,40.0962952207806],[-74.0500687272597,40.0962911318643],[-74.0500510244708,40.0962877553087]]}},{"type":"Feature","id":193085,"properties":{"OBJECTID":193085,"PRIMENAME":"Bridge Avenue","ELEVTYP_F":0,"ELEVTYP_T":0},"geometry":{"type":"LineString","coordinates":[[-74.0610073768721,40.0714404863603],[-74.0608869811981,40.0714891422438],[-74.0606163202154,40.0716020196385],[-74.0601703565282,40.0717797889226],[-74.0596275634046,40.0720055611373],[-74.0593232108641,40.0721333517157],[-74.059147915747,40.0722025255161],[-74.0590441107905,40.0722461933148],[-74.0589305447296,40.0722908938818],[-74.0587805232341,40.0723419071724],[-74.0586614211007,40.0723747539696],[-74.0585143054135,40.0724129025601],[-74.0584204510901,40.072431871952],[-74.0583412225781,40.0724475392396]]}},{"type":"Feature","id":193124,"properties":{"OBJECTID":193124,"PRIMENAME":"Eastham Road","ELEVTYP_F":0,"ELEVTYP_T":0},"geometry":{"type":"LineString","coordinates":[[-74.0889678702538,40.0923881585873],[-74.0889480927247,40.0923720560938],[-74.0888740492924,40.0922974502242],[-74.0887483046562,40.0921597375356],[-74.0885118053446,40.0918586430348],[-74.0881582635488,40.0913849061713]]}},{"type":"Feature","id":193492,"properties":{"OBJECTID":193492,"PRIMENAME":"Sinclaire Road","ELEVTYP_F":0,"ELEVTYP_T":0},"geometry":{"type":"LineString","coordinates":[[-74.0616974014202,40.0895025952913],[-74.0618139597087,40.0900515736612],[-74.0618723386238,40.0903265216131]]}},{"type":"Feature","id":193500,"properties":{"OBJECTID":193500,"PRIMENAME":"Park Avenue","ELEVTYP_F":0,"ELEVTYP_T":0},"geometry":{"type":"LineString","coordinates":[[-74.0485550230513,40.0719790027426],[-74.0479539706693,40.0718897816352],[-74.0477557858416,40.0718603624702],[-74.0477148919517,40.0718516651451],[-74.0476666223694,40.0718343184644],[-74.0476183544327,40.0718112334479],[-74.0475701417572,40.0717852943276],[-74.0475294183393,40.071750845858],[-74.0473463035748,40.0715799758989]]}},{"type":"Feature","id":193671,"properties":{"OBJECTID":193671,"PRIMENAME":"Christopher Road","ELEVTYP_F":0,"ELEVTYP_T":0},"geometry":{"type":"LineString","coordinates":[[-74.0694134824174,40.0813109044724],[-74.0693801576576,40.0812907672],[-74.0693205995267,40.0812819801999],[-74.0682373846445,40.0812636449712],[-74.0681257384071,40.0812574913822],[-74.068036446556,40.0812485928681],[-74.0679670458013,40.0812307912624]]}},{"type":"Feature","id":194007,"properties":{"OBJECTID":194007,"PRIMENAME":"Branch Boulevard","ELEVTYP_F":0,"ELEVTYP_T":0},"geometry":{"type":"LineString","coordinates":[[-74.0920309055581,40.0970758200739],[-74.0916998964436,40.0963377290029]]}},{"type":"Feature","id":194070,"properties":{"OBJECTID":194070,"PRIMENAME":"Elm Avenue","ELEVTYP_F":0,"ELEVTYP_T":0},"geometry":{"type":"LineString","coordinates":[[-74.0589024622153,40.0731430724371],[-74.0587685934461,40.0735094747978],[-74.0587001878448,40.0737265336997],[-74.0586707296973,40.0738391442379]]}},{"type":"Feature","id":194089,"properties":{"OBJECTID":194089,"PRIMENAME":"Ocean Road","ELEVTYP_F":0,"ELEVTYP_T":0},"geometry":{"type":"LineString","coordinates":[[-74.0552227531295,40.0822556505958],[-74.0542338803677,40.0820236041697],[-74.0540847163748,40.0819886038103]]}},{"type":"Feature","id":194173,"properties":{"OBJECTID":194173,"PRIMENAME":"Thomas Street","ELEVTYP_F":0,"ELEVTYP_T":0},"geometry":{"type":"LineString","coordinates":[[-74.0601196909368,40.0784607732243],[-74.0600037424935,40.0785518613471],[-74.059973770929,40.0785832087236],[-74.0599511608824,40.0786202944515],[-74.0599479294177,40.0786281344205]]}},{"type":"Feature","id":194370,"properties":{"OBJECTID":194370,"PRIMENAME":"Evergreen Drive","ELEVTYP_F":0,"ELEVTYP_T":0},"geometry":{"type":"LineString","coordinates":[[-74.0550871771132,40.0750591840796],[-74.0546230993439,40.0750879920142],[-74.0540030773032,40.0751264756437],[-74.0539450654596,40.075128366219],[-74.0538953989053,40.0751218340897],[-74.053848525759,40.0751089150698],[-74.053796233456,40.0750832645686],[-74.0536696324596,40.0750212540906],[-74.0535512022737,40.0749720134741],[-74.0534024766243,40.0749162862436],[-74.0532234031137,40.0748561878099],[-74.0530112087036,40.074789618624],[-74.052735612073,40.074707951843],[-74.0521264084097,40.0745464798647]]}},{"type":"Feature","id":194391,"properties":{"OBJECTID":194391,"PRIMENAME":"Hardenberg Cove","ELEVTYP_F":0,"ELEVTYP_T":0},"geometry":{"type":"LineString","coordinates":[[-74.0813794030615,40.090816826351],[-74.0812709112276,40.0907746610362],[-74.0810971238134,40.0907071184965]]}},{"type":"Feature","id":194585,"properties":{"OBJECTID":194585,"PRIMENAME":"Bradford Drive","ELEVTYP_F":0,"ELEVTYP_T":0},"geometry":{"type":"LineString","coordinates":[[-74.0665443131382,40.0861713572258],[-74.0664756132559,40.0858508310777],[-74.0662208099705,40.0846964883628]]}},{"type":"Feature","id":194700,"properties":{"OBJECTID":194700,"PRIMENAME":"Mark Place","ELEVTYP_F":0,"ELEVTYP_T":0},"geometry":{"type":"LineString","coordinates":[[-74.0785366802247,40.0715867901469],[-74.0767807058278,40.071165374553]]}},{"type":"Feature","id":194735,"properties":{"OBJECTID":194735,"PRIMENAME":"McLaughlin Avenue","ELEVTYP_F":0,"ELEVTYP_T":0},"geometry":{"type":"LineString","coordinates":[[-74.0634013892924,40.0803317458286],[-74.0632721259686,40.0800898593156]]}},{"type":"Feature","id":194859,"properties":{"OBJECTID":194859,"PRIMENAME":"Burnt Tavern Road","ELEVTYP_F":0,"ELEVTYP_T":0},"geometry":{"type":"LineString","coordinates":[[-74.0637477400159,40.081174430361],[-74.063661064786,40.081112265942],[-74.0635436072144,40.0810280211854],[-74.0634312879123,40.0809474632952]]}},{"type":"Feature","id":195206,"properties":{"OBJECTID":195206,"PRIMENAME":"Dorset Dock Road","ELEVTYP_F":0,"ELEVTYP_T":0},"geometry":{"type":"LineString","coordinates":[[-74.0798345730409,40.0678899009578],[-74.0798760737093,40.0678815966347],[-74.0799195274928,40.0678635520535],[-74.0799568473938,40.0678436468973],[-74.0799905226262,40.067823727615],[-74.0800241424134,40.067795271331],[-74.0800728575543,40.0677468554015],[-74.0806501297278,40.0670854833051],[-74.0810641326994,40.0666225275532]]}},{"type":"Feature","id":195237,"properties":{"OBJECTID":195237,"PRIMENAME":"Partridge Run","ELEVTYP_F":0,"ELEVTYP_T":0},"geometry":{"type":"LineString","coordinates":[[-74.0548239324735,40.07255828417],[-74.0549193278849,40.072563001963]]}},{"type":"Feature","id":195325,"properties":{"OBJECTID":195325,"PRIMENAME":"Herbertsville Road","ELEVTYP_F":0,"ELEVTYP_T":0},"geometry":{"type":"LineString","coordinates":[[-74.0885645242527,40.0901141548579],[-74.0887692658533,40.090375467415],[-74.0894081699365,40.0911879864302],[-74.0896283244119,40.0914671956685],[-74.0897757323238,40.0916521488698]]}},{"type":"Feature","id":195368,"properties":{"OBJECTID":195368,"PRIMENAME":"Orchard Lane","ELEVTYP_F":0,"ELEVTYP_T":0},"geometry":{"type":"LineString","coordinates":[[-74.0910417860193,40.0906530754779],[-74.09106916532,40.0906174002507],[-74.0913191687521,40.0903470733554],[-74.0913465126043,40.0903113979352],[-74.0913661699638,40.0902697391163],[-74.091381985917,40.0902250737433],[-74.091398273839,40.0900895121817]]}},{"type":"Feature","id":195445,"properties":{"OBJECTID":195445,"PRIMENAME":"Jordan Road","ELEVTYP_F":0,"ELEVTYP_T":0},"geometry":{"type":"LineString","coordinates":[[-74.092007204283,40.0681083404938],[-74.0919799410334,40.0678461807919],[-74.091957426557,40.067629682351],[-74.0918706122407,40.0668307341744]]}},{"type":"Feature","id":196383,"properties":{"OBJECTID":196383,"PRIMENAME":"Barton Avenue","ELEVTYP_F":0,"ELEVTYP_T":0},"geometry":{"type":"LineString","coordinates":[[-74.0752525691687,40.083687257198],[-74.0753906106325,40.0830180161458]]}},{"type":"Feature","id":196481,"properties":{"OBJECTID":196481,"PRIMENAME":"Honeysuckle Lane","ELEVTYP_F":0,"ELEVTYP_T":0},"geometry":{"type":"LineString","coordinates":[[-74.0826888995357,40.0708949823279],[-74.0818937927341,40.0707534499101]]}},{"type":"Feature","id":196545,"properties":{"OBJECTID":196545,"PRIMENAME":"Shady Glen Avenue","ELEVTYP_F":0,"ELEVTYP_T":0},"geometry":{"type":"LineString","coordinates":[[-74.0795825786932,40.0711115306582],[-74.0804567668717,40.0712642376319]]}},{"type":"Feature","id":196755,"properties":{"OBJECTID":196755,"PRIMENAME":"Church Road","ELEVTYP_F":0,"ELEVTYP_T":0},"geometry":{"type":"LineString","coordinates":[[-74.0874859366811,40.0855748650704],[-74.085599798129,40.0878533621192]]}},{"type":"Feature","id":197464,"properties":{"OBJECTID":197464,"PRIMENAME":"Ocean Road","ELEVTYP_F":0,"ELEVTYP_T":0},"geometry":{"type":"LineString","coordinates":[[-74.0586195424033,40.0830572145125],[-74.0577841757616,40.0828654730966]]}},{"type":"Feature","id":198458,"properties":{"OBJECTID":198458,"PRIMENAME":"South Street","ELEVTYP_F":0,"ELEVTYP_T":0},"geometry":{"type":"LineString","coordinates":[[-74.0613837623599,40.0765660279347],[-74.0613948824083,40.0765677966666],[-74.0614357437409,40.0765822814002],[-74.0614616119981,40.0766109583371],[-74.0614837083568,40.0766482406283],[-74.061516789832,40.0767112612839],[-74.0615758296693,40.0767944215064],[-74.0616497913306,40.076869044644],[-74.0617597935587,40.0769466313564]]}},{"type":"Feature","id":199113,"properties":{"OBJECTID":199113,"PRIMENAME":"Eastham Road","ELEVTYP_F":0,"ELEVTYP_T":0},"geometry":{"type":"LineString","coordinates":[[-74.0905953743623,40.0934335446883],[-74.090566279549,40.0934211978507],[-74.0904947232108,40.0933784475709],[-74.0897607522412,40.0929090102901]]}},{"type":"Feature","id":199118,"properties":{"OBJECTID":199118,"PRIMENAME":"Honeysuckle Lane","ELEVTYP_F":0,"ELEVTYP_T":0},"geometry":{"type":"LineString","coordinates":[[-74.0801047301297,40.0704355217272],[-74.0791927186993,40.0702815218227]]}},{"type":"Feature","id":199433,"properties":{"OBJECTID":199433,"PRIMENAME":"Hollywood Boulevard","ELEVTYP_F":0,"ELEVTYP_T":0},"geometry":{"type":"LineString","coordinates":[[-74.0638531252337,40.0745437010228],[-74.0638820034851,40.0746326478922],[-74.0638857928473,40.0746942128827],[-74.0638895215544,40.0747818302171],[-74.0638888786299,40.0748631388451],[-74.0638858383163,40.0752473129904]]}},{"type":"Feature","id":199483,"properties":{"OBJECTID":199483,"PRIMENAME":"Cranberry Avenue","ELEVTYP_F":0,"ELEVTYP_T":0},"geometry":{"type":"LineString","coordinates":[[-74.0482480863776,40.0734036984724],[-74.0482815480002,40.073412421571],[-74.0497891820993,40.0736290761505]]}},{"type":"Feature","id":200289,"properties":{"OBJECTID":200289,"PRIMENAME":"Harbor Drive","ELEVTYP_F":0,"ELEVTYP_T":0},"geometry":{"type":"LineString","coordinates":[[-74.0732200489322,40.0664710161075],[-74.0746125677594,40.0665992922873],[-74.0755551223177,40.0666874155797],[-74.076005385132,40.0667264008369],[-74.0761381918926,40.0667393506254],[-74.0762223725524,40.06675709154],[-74.0763258431611,40.0667873658615],[-74.0763573164985,40.0667999447788]]}},{"type":"Feature","id":201183,"properties":{"OBJECTID":201183,"PRIMENAME":"Sleepy Hollow Road","ELEVTYP_F":0,"ELEVTYP_T":0},"geometry":{"type":"LineString","coordinates":[[-74.0816361454178,40.0761273937155],[-74.0812485769847,40.0771666354909],[-74.0812243855522,40.0772245833569],[-74.0811963596603,40.0772550380837],[-74.0811326007056,40.0772731456948],[-74.0810394286857,40.0772857400355]]}},{"type":"Feature","id":201472,"properties":{"OBJECTID":201472,"PRIMENAME":"Beaver Dam Road","ELEVTYP_F":0,"ELEVTYP_T":0},"geometry":{"type":"LineString","coordinates":[[-74.0722841812565,40.0676970580505],[-74.0722421724621,40.0680436102612],[-74.0721366318379,40.0688525149109],[-74.0721237256699,40.0689791635142]]}},{"type":"Feature","id":201965,"properties":{"OBJECTID":201965,"PRIMENAME":"Borden Avenue","ELEVTYP_F":0,"ELEVTYP_T":0},"geometry":{"type":"LineString","coordinates":[[-74.0569117672867,40.0851962621836],[-74.0566570283283,40.0860131718352]]}},{"type":"Feature","id":202532,"properties":{"OBJECTID":202532,"PRIMENAME":"Sudbury Road","ELEVTYP_F":0,"ELEVTYP_T":0},"geometry":{"type":"LineString","coordinates":[[-74.0874047075099,40.0904214861717],[-74.0881807739389,40.0902571126949],[-74.0882991962004,40.0902270605296],[-74.0884036475742,40.0901902601551],[-74.0885041658439,40.0901427085639]]}},{"type":"Feature","id":202751,"properties":{"OBJECTID":202751,"PRIMENAME":"Unnamed Segment","ELEVTYP_F":0,"ELEVTYP_T":0},"geometry":{"type":"LineString","coordinates":[[-74.0700268080417,40.0754789861249],[-74.0710556932449,40.0759256184103]]}},{"type":"Feature","id":203212,"properties":{"OBJECTID":203212,"PRIMENAME":"Dorset Dock Road","ELEVTYP_F":0,"ELEVTYP_T":0},"geometry":{"type":"LineString","coordinates":[[-74.0735071930489,40.0738894985341],[-74.0738941558038,40.0733188248454],[-74.0741876681208,40.0728852090963]]}},{"type":"Feature","id":203214,"properties":{"OBJECTID":203214,"PRIMENAME":"Aileen Road","ELEVTYP_F":0,"ELEVTYP_T":0},"geometry":{"type":"LineString","coordinates":[[-74.0794121426346,40.0973263305019],[-74.079486006003,40.0973945179678],[-74.0796155355158,40.0975141351142],[-74.0797267463445,40.0975955522049],[-74.0798627435087,40.0976865856998],[-74.0799850039941,40.0977733693039],[-74.0801473205256,40.0978630162598],[-74.0802851351028,40.0979260533695],[-74.0804254861521,40.0979777345875],[-74.0805781823053,40.0980275661845],[-74.0807211168081,40.0980602581296],[-74.0808967392481,40.0980907083652],[-74.0811260809074,40.0981344189281],[-74.0814173932137,40.0981926847882],[-74.081603193189,40.0982600666246],[-74.0817764938236,40.0983369575598],[-74.0818821299291,40.0983837893431]]}},{"type":"Feature","id":203366,"properties":{"OBJECTID":203366,"PRIMENAME":"Thoroughfare Road","ELEVTYP_F":0,"ELEVTYP_T":0},"geometry":{"type":"LineString","coordinates":[[-74.0859736340295,40.0614332517604],[-74.0857575516531,40.0614793146831],[-74.0855972306832,40.0615273609453],[-74.0851757022999,40.0616859872551]]}},{"type":"Feature","id":203633,"properties":{"OBJECTID":203633,"PRIMENAME":"Bennett Avenue","ELEVTYP_F":0,"ELEVTYP_T":0},"geometry":{"type":"LineString","coordinates":[[-74.0770959219886,40.0693721305772],[-74.075989291809,40.0688380184741]]}},{"type":"Feature","id":203788,"properties":{"OBJECTID":203788,"PRIMENAME":"Laura Herbert Drive","ELEVTYP_F":0,"ELEVTYP_T":0},"geometry":{"type":"LineString","coordinates":[[-74.0710531629932,40.0802854740666],[-74.0712581899951,40.0802990138976],[-74.0713222853852,40.0802963688807],[-74.0713600441534,40.0802878052011],[-74.0713817868414,40.0802742689695]]}},{"type":"Feature","id":203966,"properties":{"OBJECTID":203966,"PRIMENAME":"Catherine Street","ELEVTYP_F":0,"ELEVTYP_T":0},"geometry":{"type":"LineString","coordinates":[[-74.0593168125892,40.0815140021487],[-74.058689215812,40.0813666050342],[-74.0584005094118,40.0812951418036]]}},{"type":"Feature","id":203968,"properties":{"OBJECTID":203968,"PRIMENAME":"Harbor Road","ELEVTYP_F":0,"ELEVTYP_T":0},"geometry":{"type":"LineString","coordinates":[[-74.0784969176485,40.0609756597606],[-74.0784812162092,40.0609784848642],[-74.0783321974703,40.061006521696],[-74.077565504776,40.0612130325655]]}},{"type":"Feature","id":203996,"properties":{"OBJECTID":203996,"PRIMENAME":"Western Avenue","ELEVTYP_F":0,"ELEVTYP_T":0},"geometry":{"type":"LineString","coordinates":[[-74.0513719076174,40.0738619793446],[-74.0514867107056,40.0733848210274]]}},{"type":"Feature","id":204486,"properties":{"OBJECTID":204486,"PRIMENAME":"Boulton Avenue","ELEVTYP_F":0,"ELEVTYP_T":0},"geometry":{"type":"LineString","coordinates":[[-74.0785377841678,40.0813087988455],[-74.0785125630174,40.0813766256587],[-74.0785136303182,40.0814469376563],[-74.0789216876099,40.0825750176292],[-74.0789398660547,40.0826408613195],[-74.0789433374578,40.0826866381512],[-74.0789356205962,40.0827209265073],[-74.0789056558224,40.082757989189],[-74.0777616325325,40.084137904417]]}},{"type":"Feature","id":204841,"properties":{"OBJECTID":204841,"PRIMENAME":"Bridge Avenue","ELEVTYP_F":0,"ELEVTYP_T":0},"geometry":{"type":"LineString","coordinates":[[-74.0809911216612,40.0748177129683],[-74.0808278218416,40.0747688323898],[-74.0801593193094,40.0745694072502]]}},{"type":"Feature","id":205109,"properties":{"OBJECTID":205109,"PRIMENAME":"McLaughlin Avenue","ELEVTYP_F":0,"ELEVTYP_T":0},"geometry":{"type":"LineString","coordinates":[[-74.0632721259686,40.0800898593156],[-74.0629901879054,40.0795622697617],[-74.0628360804712,40.0792667040669]]}},{"type":"Feature","id":205172,"properties":{"OBJECTID":205172,"PRIMENAME":"River Road","ELEVTYP_F":0,"ELEVTYP_T":0},"geometry":{"type":"LineString","coordinates":[[-74.0695037456148,40.0867775769583],[-74.0696050397395,40.0868399290869],[-74.0696689477752,40.086930966199],[-74.0694468494225,40.0872149190636],[-74.0693596019567,40.0874168289546],[-74.0692513823067,40.0875361168613],[-74.0687081044869,40.0876248932668]]}},{"type":"Feature","id":205206,"properties":{"OBJECTID":205206,"PRIMENAME":"Canal Drive","ELEVTYP_F":0,"ELEVTYP_T":0},"geometry":{"type":"LineString","coordinates":[[-74.0613730168481,40.0720717836414],[-74.0613723196411,40.0721804686871],[-74.0613831386191,40.0722319843296],[-74.0614051424288,40.0722778048932],[-74.061538006355,40.0724613388168]]}},{"type":"Feature","id":205349,"properties":{"OBJECTID":205349,"PRIMENAME":"North Stream Parkway","ELEVTYP_F":0,"ELEVTYP_T":0},"geometry":{"type":"LineString","coordinates":[[-74.0819648918159,40.0785812232038],[-74.0819810184609,40.0785388380052],[-74.0822179310687,40.0779121405398]]}},{"type":"Feature","id":205711,"properties":{"OBJECTID":205711,"PRIMENAME":"Thomas Street","ELEVTYP_F":0,"ELEVTYP_T":0},"geometry":{"type":"LineString","coordinates":[[-74.0599479294177,40.0786281344205],[-74.0599360546419,40.0786574086799],[-74.0599209132107,40.0786945227724],[-74.0598979515623,40.0787916752882],[-74.0596286608756,40.0801404153714],[-74.059582625138,40.0803518762028]]}},{"type":"Feature","id":205907,"properties":{"OBJECTID":205907,"PRIMENAME":"Ocean Road","ELEVTYP_F":0,"ELEVTYP_T":0},"geometry":{"type":"LineString","coordinates":[[-74.0616863415573,40.0837817284022],[-74.0610782640696,40.0836404581463],[-74.0602250341624,40.0834398065325]]}},{"type":"Feature","id":206178,"properties":{"OBJECTID":206178,"PRIMENAME":"Harding Place","ELEVTYP_F":0,"ELEVTYP_T":0},"geometry":{"type":"LineString","coordinates":[[-74.0641579589476,40.088829586448],[-74.0642602131416,40.0888028747241],[-74.0645024757588,40.0887418785243]]}},{"type":"Feature","id":206860,"properties":{"OBJECTID":206860,"PRIMENAME":"Harbor Road","ELEVTYP_F":0,"ELEVTYP_T":0},"geometry":{"type":"LineString","coordinates":[[-74.0804475327816,40.0631474301307],[-74.0805924246512,40.0632395942664],[-74.0807445687441,40.0633202258316],[-74.0808966595286,40.0634036851892],[-74.0809819510703,40.0634554684779],[-74.0810412660282,40.063495737844],[-74.0810856473732,40.0635416347738],[-74.0811632795396,40.0636248524468],[-74.0812669074158,40.063722466178],[-74.0813521120899,40.0637885519314],[-74.0814224880315,40.0638431362009],[-74.0814855546455,40.0638776805578],[-74.0815523547416,40.0639093831587],[-74.0816526161647,40.06394406266],[-74.0818272862526,40.0639875744901],[-74.0821838044503,40.0640573848263]]}},{"type":"Feature","id":207289,"properties":{"OBJECTID":207289,"PRIMENAME":"Maria Place","ELEVTYP_F":0,"ELEVTYP_T":0},"geometry":{"type":"LineString","coordinates":[[-74.0762499887129,40.0703908212062],[-74.0780469273661,40.070807449259]]}},{"type":"Feature","id":207582,"properties":{"OBJECTID":207582,"PRIMENAME":"Pine Street","ELEVTYP_F":0,"ELEVTYP_T":0},"geometry":{"type":"LineString","coordinates":[[-74.0745295934256,40.0812896163566],[-74.0740402685166,40.0811663110103]]}},{"type":"Feature","id":207911,"properties":{"OBJECTID":207911,"PRIMENAME":"John Street","ELEVTYP_F":0,"ELEVTYP_T":0},"geometry":{"type":"LineString","coordinates":[[-74.0625178240176,40.0809709217982],[-74.0620272726299,40.0821528488431]]}},{"type":"Feature","id":208739,"properties":{"OBJECTID":208739,"PRIMENAME":"Old Bridge Avenue","ELEVTYP_F":0,"ELEVTYP_T":0},"geometry":{"type":"LineString","coordinates":[[-74.0631702785219,40.0730962383272],[-74.0626219140971,40.0730268370184]]}},{"type":"Feature","id":208789,"properties":{"OBJECTID":208789,"PRIMENAME":"Barnegat Boulevard","ELEVTYP_F":0,"ELEVTYP_T":0},"geometry":{"type":"LineString","coordinates":[[-74.0673525490018,40.0702353289521],[-74.0680430830456,40.0703169984212],[-74.068627078054,40.070384925132],[-74.0693077302788,40.0704646561085],[-74.0694708214363,40.0704755842724]]}},{"type":"Feature","id":208855,"properties":{"OBJECTID":208855,"PRIMENAME":"Dorset Dock Road","ELEVTYP_F":0,"ELEVTYP_T":0},"geometry":{"type":"LineString","coordinates":[[-74.0786454505285,40.067603610538],[-74.0786743333071,40.0675959182608],[-74.0787562470206,40.0675876234967],[-74.0787665347732,40.0675880797262],[-74.0788269767648,40.0675907637766],[-74.0789012997631,40.0676024538651],[-74.0789830902647,40.067619882353],[-74.0790684734235,40.0676516809211],[-74.0794435421755,40.0677931651468],[-74.0795809347371,40.0678508489636],[-74.0796663361802,40.0678797649318],[-74.0797221316934,40.067888505046],[-74.0797779267979,40.0678915905664],[-74.0798345730409,40.0678899009578]]}},{"type":"Feature","id":209060,"properties":{"OBJECTID":209060,"PRIMENAME":"North Stream Parkway","ELEVTYP_F":0,"ELEVTYP_T":0},"geometry":{"type":"LineString","coordinates":[[-74.084472542979,40.0705033223881],[-74.0846979319297,40.0697534210212]]}},{"type":"Feature","id":209320,"properties":{"OBJECTID":209320,"PRIMENAME":"Bridge Avenue","ELEVTYP_F":0,"ELEVTYP_T":0},"geometry":{"type":"LineString","coordinates":[[-74.0503736585997,40.0712396223845],[-74.0501325447422,40.0712041231021],[-74.0488793217606,40.0710190740388],[-74.0487971759009,40.0710071964244]]}},{"type":"Feature","id":209915,"properties":{"OBJECTID":209915,"PRIMENAME":"Center Street","ELEVTYP_F":0,"ELEVTYP_T":0},"geometry":{"type":"LineString","coordinates":[[-74.0704269943857,40.0661163197057],[-74.0704045681703,40.0654374273852]]}},{"type":"Feature","id":210511,"properties":{"OBJECTID":210511,"PRIMENAME":"Bridge Avenue","ELEVTYP_F":0,"ELEVTYP_T":0},"geometry":{"type":"LineString","coordinates":[[-74.083904545766,40.0756841779065],[-74.0837124865992,40.0756275385914],[-74.083166971425,40.0754690111622],[-74.0829948235538,40.0754174384497]]}},{"type":"Feature","id":210980,"properties":{"OBJECTID":210980,"PRIMENAME":"Arjo Drive","ELEVTYP_F":0,"ELEVTYP_T":0},"geometry":{"type":"LineString","coordinates":[[-74.0873442429047,40.0656778059715],[-74.087198103847,40.06573669435],[-74.086523632894,40.0660029270937]]}},{"type":"Feature","id":211487,"properties":{"OBJECTID":211487,"PRIMENAME":"Cole Drive","ELEVTYP_F":0,"ELEVTYP_T":0},"geometry":{"type":"LineString","coordinates":[[-74.0673724627091,40.0972685646698],[-74.0675265678038,40.0971618805062],[-74.067663023889,40.0970872506901],[-74.0677900887501,40.0970278496739],[-74.0679268298213,40.0969703787641],[-74.0681221343033,40.0969056314121],[-74.0683243744927,40.0968577660026],[-74.0685108199301,40.0968203281441],[-74.068715732198,40.0968020389757],[-74.0690138186154,40.0967697931941],[-74.0692126668201,40.0967324003516],[-74.0693680478966,40.0966948455769],[-74.0695358622619,40.0966525604365],[-74.0697038316098,40.096591222417],[-74.0698842063379,40.0965299311183],[-74.0700895672424,40.096440153359],[-74.0702515261442,40.0963454369528],[-74.0702788382216,40.0963281333314]]}},{"type":"Feature","id":211527,"properties":{"OBJECTID":211527,"PRIMENAME":"Duff Place","ELEVTYP_F":0,"ELEVTYP_T":0},"geometry":{"type":"LineString","coordinates":[[-74.0636932901219,40.0712211225602],[-74.0636699602028,40.0719203230673]]}},{"type":"Feature","id":211636,"properties":{"OBJECTID":211636,"PRIMENAME":"Pine Bluff Avenue","ELEVTYP_F":0,"ELEVTYP_T":0},"geometry":{"type":"LineString","coordinates":[[-74.0667125466676,40.0873669673359],[-74.0658991202042,40.0875187301597],[-74.0649970862681,40.0876812177522]]}},{"type":"Feature","id":211752,"properties":{"OBJECTID":211752,"PRIMENAME":"Rue Avenue","ELEVTYP_F":0,"ELEVTYP_T":0},"geometry":{"type":"LineString","coordinates":[[-74.0602250341624,40.0834398065325],[-74.0602201795968,40.083416672729],[-74.0602208834782,40.0833572116785],[-74.0603022080605,40.0828770900543],[-74.060502608003,40.0817924347335]]}},{"type":"Feature","id":211945,"properties":{"OBJECTID":211945,"PRIMENAME":"West Lake Avenue","ELEVTYP_F":0,"ELEVTYP_T":0},"geometry":{"type":"LineString","coordinates":[[-74.0498287111516,40.0668324990067],[-74.0496376533686,40.0675867476924]]}},{"type":"Feature","id":212295,"properties":{"OBJECTID":212295,"PRIMENAME":"Minerva Street","ELEVTYP_F":0,"ELEVTYP_T":0},"geometry":{"type":"LineString","coordinates":[[-74.0779330758291,40.0729674390501],[-74.0767140155016,40.0726436824654],[-74.0766772015645,40.0726333628957]]}},{"type":"Feature","id":212434,"properties":{"OBJECTID":212434,"PRIMENAME":"Gowdy Avenue","ELEVTYP_F":0,"ELEVTYP_T":0},"geometry":{"type":"LineString","coordinates":[[-74.0535401438121,40.0861041500177],[-74.0537869819236,40.0853644431034]]}},{"type":"Feature","id":212684,"properties":{"OBJECTID":212684,"PRIMENAME":"Curtis Avenue","ELEVTYP_F":0,"ELEVTYP_T":0},"geometry":{"type":"LineString","coordinates":[[-74.0761949502005,40.0852478253962],[-74.0761508968262,40.0853594707913],[-74.0760450886017,40.0856276133774]]}},{"type":"Feature","id":212702,"properties":{"OBJECTID":212702,"PRIMENAME":"Riverview Drive","ELEVTYP_F":0,"ELEVTYP_T":0},"geometry":{"type":"LineString","coordinates":[[-74.0731932719392,40.0959046820925],[-74.0731454878979,40.0959031063405],[-74.0730771883168,40.0959123803375],[-74.0729591486674,40.0959358027217],[-74.0728159319246,40.0960067624711],[-74.0724183646184,40.0962334585904]]}},{"type":"Feature","id":213339,"properties":{"OBJECTID":213339,"PRIMENAME":"Nicholas Road","ELEVTYP_F":0,"ELEVTYP_T":0},"geometry":{"type":"LineString","coordinates":[[-74.088622211717,40.0629022127597],[-74.0884734843709,40.062875960681],[-74.0882096304661,40.0628149557204]]}},{"type":"Feature","id":213484,"properties":{"OBJECTID":213484,"PRIMENAME":"Arjo Drive","ELEVTYP_F":0,"ELEVTYP_T":0},"geometry":{"type":"LineString","coordinates":[[-74.086523632894,40.0660029270937],[-74.0861874271841,40.066135635847]]}},{"type":"Feature","id":213493,"properties":{"OBJECTID":213493,"PRIMENAME":"Dudley Lane","ELEVTYP_F":0,"ELEVTYP_T":0},"geometry":{"type":"LineString","coordinates":[[-74.0606110389498,40.0894424746382],[-74.0606203637415,40.0905938946268]]}},{"type":"Feature","id":213637,"properties":{"OBJECTID":213637,"PRIMENAME":"Oak Road","ELEVTYP_F":0,"ELEVTYP_T":0},"geometry":{"type":"LineString","coordinates":[[-74.0690833692062,40.0845178826401],[-74.0680025015249,40.0844989215907]]}},{"type":"Feature","id":213769,"properties":{"OBJECTID":213769,"PRIMENAME":"Moore Avenue","ELEVTYP_F":0,"ELEVTYP_T":0},"geometry":{"type":"LineString","coordinates":[[-74.0738275475416,40.0748320479615],[-74.0735928757061,40.0755415636714]]}},{"type":"Feature","id":213936,"properties":{"OBJECTID":213936,"PRIMENAME":"Riviera Drive","ELEVTYP_F":0,"ELEVTYP_T":0},"geometry":{"type":"LineString","coordinates":[[-74.0895823940261,40.0971497214205],[-74.0895140866829,40.0970476283321],[-74.089324676236,40.0968190136595],[-74.0892159766886,40.0966748013691],[-74.0888589383494,40.0962580043937]]}},{"type":"Feature","id":214147,"properties":{"OBJECTID":214147,"PRIMENAME":"Summit Drive","ELEVTYP_F":0,"ELEVTYP_T":0},"geometry":{"type":"LineString","coordinates":[[-74.0886065600356,40.0828227161431],[-74.0872977424447,40.0843994732909],[-74.0866156139074,40.0852169030852]]}},{"type":"Feature","id":214435,"properties":{"OBJECTID":214435,"PRIMENAME":"West Lake Avenue","ELEVTYP_F":0,"ELEVTYP_T":0},"geometry":{"type":"LineString","coordinates":[[-74.0487971759009,40.0710071964244],[-74.0486716405881,40.0715111331092]]}},{"type":"Feature","id":214469,"properties":{"OBJECTID":214469,"PRIMENAME":"South Street","ELEVTYP_F":0,"ELEVTYP_T":0},"geometry":{"type":"LineString","coordinates":[[-74.0565106548505,40.0758739353348],[-74.0565450646949,40.0758801611522],[-74.0576980949654,40.0760304283865]]}},{"type":"Feature","id":214639,"properties":{"OBJECTID":214639,"PRIMENAME":"Salem Road","ELEVTYP_F":0,"ELEVTYP_T":0},"geometry":{"type":"LineString","coordinates":[[-74.0676508195254,40.0675953589626],[-74.0675895045352,40.067832600201],[-74.0675890443615,40.0679053773512],[-74.0675986017838,40.0679705323788],[-74.0676280009007,40.0680510525585],[-74.0676770950194,40.0681699708023],[-74.0677461046088,40.0682928074978],[-74.0677952233925,40.0684078825135],[-74.0678095424264,40.0685113519343],[-74.0678008024737,40.0685994991727]]}},{"type":"Feature","id":214803,"properties":{"OBJECTID":214803,"PRIMENAME":"Hardenberg Court","ELEVTYP_F":0,"ELEVTYP_T":0},"geometry":{"type":"LineString","coordinates":[[-74.0818010069178,40.0896019827609],[-74.0818427233314,40.0895371619385],[-74.0822098313825,40.0889667371299],[-74.0823941848617,40.0886585536415],[-74.0825896001362,40.0883646856733],[-74.0827437740353,40.0881164329871],[-74.0829233806413,40.0878180328397],[-74.0831551323489,40.0874613993415],[-74.0832334177481,40.0873425347306],[-74.0832866465691,40.0872592959872],[-74.0833211922954,40.0871974580197],[-74.0833494987549,40.087133236885],[-74.083446986964,40.0869190965855]]}},{"type":"Feature","id":215166,"properties":{"OBJECTID":215166,"PRIMENAME":"Curtis Avenue","ELEVTYP_F":0,"ELEVTYP_T":0},"geometry":{"type":"LineString","coordinates":[[-74.0776548983472,40.0813230982336],[-74.0776429436985,40.0813548725375],[-74.0776317567819,40.0814244535351],[-74.0776395344544,40.081495969913]]}},{"type":"Feature","id":215204,"properties":{"OBJECTID":215204,"PRIMENAME":"Bay Avenue","ELEVTYP_F":0,"ELEVTYP_T":0},"geometry":{"type":"LineString","coordinates":[[-74.0540847163748,40.0819886038103],[-74.0540289459418,40.0821061357659],[-74.0538857372186,40.0823744059661],[-74.0537349650767,40.0826569219143],[-74.0536443870745,40.0828340300821]]}},{"type":"Feature","id":215210,"properties":{"OBJECTID":215210,"PRIMENAME":"Smith Circle","ELEVTYP_F":0,"ELEVTYP_T":0},"geometry":{"type":"LineString","coordinates":[[-74.0900205201375,40.0840725382202],[-74.0901171084788,40.0843497224354]]}},{"type":"Feature","id":215249,"properties":{"OBJECTID":215249,"PRIMENAME":"West Lake Avenue","ELEVTYP_F":0,"ELEVTYP_T":0},"geometry":{"type":"LineString","coordinates":[[-74.0490709092335,40.0699054944131],[-74.0490294119848,40.0700751858344],[-74.0489378319433,40.0704427845662]]}},{"type":"Feature","id":215697,"properties":{"OBJECTID":215697,"PRIMENAME":"American Legion Way","ELEVTYP_F":0,"ELEVTYP_T":0},"geometry":{"type":"LineString","coordinates":[[-74.0480978813872,40.0907359960207],[-74.049472537019,40.0906269538988],[-74.0495693492705,40.0906190395318]]}},{"type":"Feature","id":215700,"properties":{"OBJECTID":215700,"PRIMENAME":"Patterson Road","ELEVTYP_F":0,"ELEVTYP_T":0},"geometry":{"type":"LineString","coordinates":[[-74.0653776016062,40.0789133634149],[-74.065406890045,40.0784101739291],[-74.0654188753623,40.0782786636062],[-74.0654295383783,40.0781884180939],[-74.0654306981636,40.0781786129919],[-74.0654423573595,40.078098576071],[-74.0654433116069,40.078094543643]]}},{"type":"Feature","id":215935,"properties":{"OBJECTID":215935,"PRIMENAME":"Beaver Dam Road","ELEVTYP_F":0,"ELEVTYP_T":0},"geometry":{"type":"LineString","coordinates":[[-74.0721569666293,40.0597970065292],[-74.0721710913342,40.0599152778003],[-74.0722586589777,40.0606484491444],[-74.0723046384386,40.061031811126],[-74.0723220730386,40.0612149068739],[-74.0723291538593,40.0612937241179]]}},{"type":"Feature","id":216170,"properties":{"OBJECTID":216170,"PRIMENAME":"Harrington Court","ELEVTYP_F":0,"ELEVTYP_T":0},"geometry":{"type":"LineString","coordinates":[[-74.0679145947838,40.078520417713],[-74.0677282478818,40.0792510207168]]}},{"type":"Feature","id":216222,"properties":{"OBJECTID":216222,"PRIMENAME":"Bridge Avenue","ELEVTYP_F":0,"ELEVTYP_T":0},"geometry":{"type":"LineString","coordinates":[[-74.0636932901219,40.0712211225602],[-74.0631131289589,40.0711568647785]]}},{"type":"Feature","id":216223,"properties":{"OBJECTID":216223,"PRIMENAME":"Marine Parkway","ELEVTYP_F":0,"ELEVTYP_T":0},"geometry":{"type":"LineString","coordinates":[[-74.0557308063674,40.0664865857224],[-74.056076675041,40.0661858985507],[-74.0563555626128,40.0659650346597]]}},{"type":"Feature","id":216303,"properties":{"OBJECTID":216303,"PRIMENAME":"1st Avenue","ELEVTYP_F":0,"ELEVTYP_T":0},"geometry":{"type":"LineString","coordinates":[[-74.0536443870745,40.0828340300821],[-74.0514231269072,40.0822442375701]]}},{"type":"Feature","id":216323,"properties":{"OBJECTID":216323,"PRIMENAME":"Little Hill Road","ELEVTYP_F":0,"ELEVTYP_T":0},"geometry":{"type":"LineString","coordinates":[[-74.0798345730409,40.0678899009578],[-74.079859024111,40.0679230982935],[-74.0798869704253,40.0679575440527],[-74.0799008829592,40.0679664123101],[-74.0799314966148,40.067985926996],[-74.0799771572893,40.0680101690353],[-74.0805802792182,40.0682614107579]]}},{"type":"Feature","id":216445,"properties":{"OBJECTID":216445,"PRIMENAME":"Dorset Dock Road","ELEVTYP_F":0,"ELEVTYP_T":0},"geometry":{"type":"LineString","coordinates":[[-74.0753023665442,40.071536104536],[-74.0755958765045,40.0711808373908]]}},{"type":"Feature","id":216450,"properties":{"OBJECTID":216450,"PRIMENAME":"East Drive","ELEVTYP_F":0,"ELEVTYP_T":0},"geometry":{"type":"LineString","coordinates":[[-74.0683703362835,40.0626846224252],[-74.0683429848825,40.0626818031227],[-74.0682089842882,40.0626841589905],[-74.0681158200473,40.0626981147843],[-74.0679928577805,40.0627233802194],[-74.0679108593851,40.0627402326893],[-74.0678382489565,40.062747126899],[-74.0677433625352,40.0627453182938],[-74.0676094520472,40.0627333977738],[-74.0674431923097,40.0627178427104]]}},{"type":"Feature","id":216585,"properties":{"OBJECTID":216585,"PRIMENAME":"Herbertsville Road","ELEVTYP_F":0,"ELEVTYP_T":0},"geometry":{"type":"LineString","coordinates":[[-74.0688921453867,40.0832329941728],[-74.0689271124124,40.0832479488003],[-74.0690512857829,40.0832858021699],[-74.0691809351232,40.0833112119855],[-74.0693161046041,40.083328323381],[-74.069456624662,40.0833413374386],[-74.0697865134448,40.0833632897934],[-74.0702132679076,40.0833896096166]]}},{"type":"Feature","id":216754,"properties":{"OBJECTID":216754,"PRIMENAME":"North Stream Parkway","ELEVTYP_F":0,"ELEVTYP_T":0},"geometry":{"type":"LineString","coordinates":[[-74.0842714749525,40.0711725694942],[-74.084472542979,40.0705033223881]]}},{"type":"Feature","id":217035,"properties":{"OBJECTID":217035,"PRIMENAME":"Oak Terrace","ELEVTYP_F":0,"ELEVTYP_T":0},"geometry":{"type":"LineString","coordinates":[[-74.0558234908693,40.0931129274316],[-74.0540920708602,40.0932412077459]]}},{"type":"Feature","id":217284,"properties":{"OBJECTID":217284,"PRIMENAME":"Grove Street","ELEVTYP_F":0,"ELEVTYP_T":0},"geometry":{"type":"LineString","coordinates":[[-74.0506512306176,40.070137355097],[-74.0523590084761,40.0703895083691]]}},{"type":"Feature","id":218111,"properties":{"OBJECTID":218111,"PRIMENAME":"Rue Lafayette","ELEVTYP_F":0,"ELEVTYP_T":0},"geometry":{"type":"LineString","coordinates":[[-74.0585548260226,40.0694077809252],[-74.0587342986669,40.0692826457142],[-74.0590822253553,40.0690065834497],[-74.059180095712,40.0689181717063]]}},{"type":"Feature","id":218130,"properties":{"OBJECTID":218130,"PRIMENAME":"Runyon Court","ELEVTYP_F":0,"ELEVTYP_T":0},"geometry":{"type":"LineString","coordinates":[[-74.077694622769,40.06864996018],[-74.076326392326,40.0679676931282]]}},{"type":"Feature","id":218233,"properties":{"OBJECTID":218233,"PRIMENAME":"Old Farm Road","ELEVTYP_F":0,"ELEVTYP_T":0},"geometry":{"type":"LineString","coordinates":[[-74.0625178240176,40.0809709217982],[-74.0620190191712,40.0808808294207],[-74.0616204403899,40.0807982891397],[-74.0615808318653,40.0807900870492],[-74.0614665373311,40.0807679936694]]}},{"type":"Feature","id":218275,"properties":{"OBJECTID":218275,"PRIMENAME":"Herbertsville Road","ELEVTYP_F":0,"ELEVTYP_T":0},"geometry":{"type":"LineString","coordinates":[[-74.0713258719715,40.0834572310133],[-74.0726321546276,40.0835364277777]]}},{"type":"Feature","id":218343,"properties":{"OBJECTID":218343,"PRIMENAME":"Fairview Drive","ELEVTYP_F":0,"ELEVTYP_T":0},"geometry":{"type":"LineString","coordinates":[[-74.0842021066925,40.0855751488632],[-74.0849519151703,40.0859423616475]]}},{"type":"Feature","id":218711,"properties":{"OBJECTID":218711,"PRIMENAME":"Lincoln Avenue","ELEVTYP_F":0,"ELEVTYP_T":0},"geometry":{"type":"LineString","coordinates":[[-74.0561126021321,40.0922597770808],[-74.0561748452357,40.0917628944215]]}},{"type":"Feature","id":218728,"properties":{"OBJECTID":218728,"PRIMENAME":"Lakewood Road","ELEVTYP_F":0,"ELEVTYP_T":0},"geometry":{"type":"LineString","coordinates":[[-74.0864065664345,40.0796760486457],[-74.0855285042673,40.079859236007],[-74.0852014102462,40.0799264504191]]}},{"type":"Feature","id":218801,"properties":{"OBJECTID":218801,"PRIMENAME":"Hawks Nest Road","ELEVTYP_F":0,"ELEVTYP_T":0},"geometry":{"type":"LineString","coordinates":[[-74.0833822961119,40.0613608199502],[-74.0829221927155,40.0615403008761],[-74.0826212356615,40.0616592979007],[-74.0822768562476,40.0617975196726],[-74.0820515232346,40.0619069864704],[-74.0818796827297,40.0620093160243],[-74.0818049804928,40.0620548116838],[-74.0817452349048,40.0620850962899],[-74.0816930259731,40.0621039881485],[-74.0816383390637,40.0621190268636],[-74.0815886664038,40.0621264790828],[-74.0815415395374,40.0621263088762],[-74.0814671169746,40.0621260400476],[-74.0803682695157,40.0620724846067]]}},{"type":"Feature","id":218925,"properties":{"OBJECTID":218925,"PRIMENAME":"Calamus Place","ELEVTYP_F":0,"ELEVTYP_T":0},"geometry":{"type":"LineString","coordinates":[[-74.0833622126014,40.0675613423174],[-74.0837639608707,40.0669605444508]]}},{"type":"Feature","id":219253,"properties":{"OBJECTID":219253,"PRIMENAME":"Oak Terrace","ELEVTYP_F":0,"ELEVTYP_T":0},"geometry":{"type":"LineString","coordinates":[[-74.0842021066925,40.0855751488632],[-74.0855828006066,40.0839015823993],[-74.0864452011651,40.0828538113441],[-74.086498777372,40.082800496019],[-74.0865440915439,40.0827597807004],[-74.0865975361097,40.0827221954654],[-74.0866674575702,40.0826784100801],[-74.0878124041655,40.0820065373703]]}},{"type":"Feature","id":219349,"properties":{"OBJECTID":219349,"PRIMENAME":"Trenton Avenue","ELEVTYP_F":0,"ELEVTYP_T":0},"geometry":{"type":"LineString","coordinates":[[-74.0593612508569,40.089372663096],[-74.0597418181522,40.0893939316475]]}},{"type":"Feature","id":219424,"properties":{"OBJECTID":219424,"PRIMENAME":"Delaware Avenue","ELEVTYP_F":0,"ELEVTYP_T":0},"geometry":{"type":"LineString","coordinates":[[-74.048072427972,40.0784314291245],[-74.0478198305128,40.078346929366],[-74.04654415228,40.0779201745018],[-74.0464967507033,40.0779166671906]]}},{"type":"Feature","id":219842,"properties":{"OBJECTID":219842,"PRIMENAME":"Jackson Street","ELEVTYP_F":0,"ELEVTYP_T":0},"geometry":{"type":"LineString","coordinates":[[-74.0565640803737,40.0763753254029],[-74.0566624416191,40.0772990622209]]}},{"type":"Feature","id":220022,"properties":{"OBJECTID":220022,"PRIMENAME":"Atlantic Avenue","ELEVTYP_F":0,"ELEVTYP_T":0},"geometry":{"type":"LineString","coordinates":[[-74.0519477719577,40.0877618823293],[-74.0522020606764,40.0877430720144],[-74.0531445237892,40.0876666300679],[-74.0533862398017,40.0876465608235]]}},{"type":"Feature","id":220436,"properties":{"OBJECTID":220436,"PRIMENAME":"School Street","ELEVTYP_F":0,"ELEVTYP_T":0},"geometry":{"type":"LineString","coordinates":[[-74.073929379935,40.0777015299541],[-74.0740094655816,40.0774896381427],[-74.0741745770364,40.0770700463025]]}},{"type":"Feature","id":220898,"properties":{"OBJECTID":220898,"PRIMENAME":"Wooddale Avenue","ELEVTYP_F":0,"ELEVTYP_T":0},"geometry":{"type":"LineString","coordinates":[[-74.075901884573,40.0753780178385],[-74.0762316932824,40.0746286537618]]}},{"type":"Feature","id":221089,"properties":{"OBJECTID":221089,"PRIMENAME":"Boat Point Drive","ELEVTYP_F":0,"ELEVTYP_T":0},"geometry":{"type":"LineString","coordinates":[[-74.0607563253687,40.0633574638874],[-74.0610872042955,40.0631818914997],[-74.0612050495264,40.0631193603456],[-74.0612690003214,40.0630923961222],[-74.0613312029107,40.0630718841332],[-74.0613505646347,40.0630654994533],[-74.0615739340443,40.0630173957432],[-74.0627977297809,40.0627876512746],[-74.0635344177189,40.0626493466627],[-74.0639916921204,40.0625640144014],[-74.0640448534434,40.0625478794345],[-74.0640804694036,40.0625208079298],[-74.0640913414674,40.0624800256965],[-74.0641030971384,40.0617509655713],[-74.0640927276561,40.0617073860116],[-74.0640646391732,40.0616746382021],[-74.0640151355867,40.0616608352012],[-74.0639478593268,40.0616605820114],[-74.0638734567839,40.0616684829786],[-74.0619839760256,40.0620231887461],[-74.0610303946372,40.0621964060459]]}},{"type":"Feature","id":221280,"properties":{"OBJECTID":221280,"PRIMENAME":"Metcalfe Street","ELEVTYP_F":0,"ELEVTYP_T":0},"geometry":{"type":"LineString","coordinates":[[-74.0480719834993,40.0673804623314],[-74.0481092527907,40.0673748973041],[-74.0481464843471,40.0673750425225],[-74.0481985615294,40.0673781008275],[-74.0496376533686,40.0675867476924]]}},{"type":"Feature","id":221829,"properties":{"OBJECTID":221829,"PRIMENAME":"Crestview Terrace","ELEVTYP_F":0,"ELEVTYP_T":0},"geometry":{"type":"LineString","coordinates":[[-74.0855673668295,40.0851914419025],[-74.0869738206435,40.0835006827537],[-74.0871511844882,40.0832905014715],[-74.0872006304386,40.0832403289357],[-74.0872788314726,40.0831808420835],[-74.0883702692818,40.08254594488]]}},{"type":"Feature","id":222065,"properties":{"OBJECTID":222065,"PRIMENAME":"Ocean Road","ELEVTYP_F":0,"ELEVTYP_T":0},"geometry":{"type":"LineString","coordinates":[[-74.0647359365359,40.0841422941528],[-74.0644813375387,40.0841787556066],[-74.0643276125677,40.0841960220767],[-74.0641786874494,40.0842062242557],[-74.0640297838898,40.0842128559791],[-74.0638456569009,40.0842058490121]]}},{"type":"Feature","id":222321,"properties":{"OBJECTID":222321,"PRIMENAME":"Shore Boulevard","ELEVTYP_F":0,"ELEVTYP_T":0},"geometry":{"type":"LineString","coordinates":[[-74.0546460840282,40.0666103250921],[-74.0550610551139,40.0669093209438],[-74.055155035598,40.0669908614833]]}},{"type":"Feature","id":223068,"properties":{"OBJECTID":223068,"PRIMENAME":"Carter Avenue","ELEVTYP_F":0,"ELEVTYP_T":0},"geometry":{"type":"LineString","coordinates":[[-74.048444907954,40.0823372920361],[-74.047486635857,40.0820642375498],[-74.0474300763337,40.0820512952174],[-74.0473836118062,40.0820471452304],[-74.0473482876923,40.0820509756585],[-74.0473111754351,40.0820647184146],[-74.047258478218,40.0820916278195],[-74.0471530499566,40.0821537192851]]}},{"type":"Feature","id":223254,"properties":{"OBJECTID":223254,"PRIMENAME":"Cohocton Avenue","ELEVTYP_F":0,"ELEVTYP_T":0},"geometry":{"type":"LineString","coordinates":[[-74.0824132698222,40.077350959557],[-74.082561767103,40.0773766421211],[-74.0828994628116,40.0774350435378],[-74.0830024825211,40.0774426073541],[-74.0830680735853,40.0774464399074],[-74.0831430925107,40.0774395169361],[-74.083274399435,40.0774147870358],[-74.0842336309438,40.0772079693419]]}},{"type":"Feature","id":223570,"properties":{"OBJECTID":223570,"PRIMENAME":"Wildwood Avenue","ELEVTYP_F":0,"ELEVTYP_T":0},"geometry":{"type":"LineString","coordinates":[[-74.0810176797788,40.0705945419234],[-74.0821593658073,40.0689055962471]]}},{"type":"Feature","id":224804,"properties":{"OBJECTID":224804,"PRIMENAME":"Barnegat Boulevard","ELEVTYP_F":0,"ELEVTYP_T":0},"geometry":{"type":"LineString","coordinates":[[-74.0694708214363,40.0704755842724],[-74.0695792989199,40.0704828506448],[-74.0697245172168,40.0704833900851],[-74.0709907760363,40.0704206610124]]}},{"type":"Feature","id":225636,"properties":{"OBJECTID":225636,"PRIMENAME":"East Drive","ELEVTYP_F":0,"ELEVTYP_T":0},"geometry":{"type":"LineString","coordinates":[[-74.0691520840339,40.0647630542014],[-74.0691412060656,40.0640679243688]]}},{"type":"Feature","id":225772,"properties":{"OBJECTID":225772,"PRIMENAME":"South Street","ELEVTYP_F":0,"ELEVTYP_T":0},"geometry":{"type":"LineString","coordinates":[[-74.0576980949654,40.0760304283865],[-74.0585759570721,40.0761310156239]]}},{"type":"Feature","id":225819,"properties":{"OBJECTID":225819,"PRIMENAME":"Phillips Road","ELEVTYP_F":0,"ELEVTYP_T":0},"geometry":{"type":"LineString","coordinates":[[-74.0609594496123,40.0894619149034],[-74.0609964521274,40.0903343235847]]}},{"type":"Feature","id":225831,"properties":{"OBJECTID":225831,"PRIMENAME":"Ocean Road","ELEVTYP_F":0,"ELEVTYP_T":0},"geometry":{"type":"LineString","coordinates":[[-74.0588914912168,40.0831211835654],[-74.0587469827927,40.0830864636337]]}},{"type":"Feature","id":225959,"properties":{"OBJECTID":225959,"PRIMENAME":"Bay Isle Drive","ELEVTYP_F":0,"ELEVTYP_T":0},"geometry":{"type":"LineString","coordinates":[[-74.0589057061142,40.0644192711331],[-74.0596095331349,40.0644790239547]]}},{"type":"Feature","id":226588,"properties":{"OBJECTID":226588,"PRIMENAME":"Leonard Road","ELEVTYP_F":0,"ELEVTYP_T":0},"geometry":{"type":"LineString","coordinates":[[-74.0646318542641,40.0732569055602],[-74.0646362606619,40.0725648817792]]}},{"type":"Feature","id":226731,"properties":{"OBJECTID":226731,"PRIMENAME":"Dorset Dock Road","ELEVTYP_F":0,"ELEVTYP_T":0},"geometry":{"type":"LineString","coordinates":[[-74.077694622769,40.06864996018],[-74.0777984904486,40.068524205396],[-74.0779540154499,40.0683359070905]]}},{"type":"Feature","id":227004,"properties":{"OBJECTID":227004,"PRIMENAME":"River Road","ELEVTYP_F":0,"ELEVTYP_T":0},"geometry":{"type":"LineString","coordinates":[[-74.082936708577,40.0904483396285],[-74.0826659542769,40.090195482375],[-74.0825102759829,40.0900572713464]]}},{"type":"Feature","id":227432,"properties":{"OBJECTID":227432,"PRIMENAME":"Beach Boulevard","ELEVTYP_F":0,"ELEVTYP_T":0},"geometry":{"type":"LineString","coordinates":[[-74.0695236866011,40.0711940676291],[-74.0694601172538,40.0711938314002],[-74.069244707534,40.0711888028001],[-74.0681437202875,40.071056435038],[-74.0672059172829,40.0709436784181]]}},{"type":"Feature","id":227502,"properties":{"OBJECTID":227502,"PRIMENAME":"Beach Boulevard","ELEVTYP_F":0,"ELEVTYP_T":0},"geometry":{"type":"LineString","coordinates":[[-74.059180095712,40.0689181717063],[-74.0589089385047,40.0687267246389],[-74.0579247920807,40.0680184958705],[-74.0574818894737,40.0677092735013]]}},{"type":"Feature","id":227770,"properties":{"OBJECTID":227770,"PRIMENAME":"Dellwood Road","ELEVTYP_F":0,"ELEVTYP_T":0},"geometry":{"type":"LineString","coordinates":[[-74.0721094449473,40.0699422527177],[-74.0725506887312,40.0699089679568],[-74.072754451708,40.0698935980534],[-74.0728066452252,40.0698783346009],[-74.0728510007345,40.0698538173086],[-74.0729034571993,40.069813901861],[-74.0729518938146,40.0697709506407],[-74.0729784428527,40.0697424154103]]}},{"type":"Feature","id":227803,"properties":{"OBJECTID":227803,"PRIMENAME":"Moore Avenue","ELEVTYP_F":0,"ELEVTYP_T":0},"geometry":{"type":"LineString","coordinates":[[-74.0735928757061,40.0755415636714],[-74.0731485282314,40.0754444446992]]}},{"type":"Feature","id":227886,"properties":{"OBJECTID":227886,"PRIMENAME":"Intercoastal Way","ELEVTYP_F":0,"ELEVTYP_T":0},"geometry":{"type":"LineString","coordinates":[[-74.0681407518289,40.0826497358291],[-74.0673841872922,40.0828867862948],[-74.0672636840952,40.0829034565771],[-74.0670562493191,40.0823344578206]]}},{"type":"Feature","id":227933,"properties":{"OBJECTID":227933,"PRIMENAME":"Curtis Avenue","ELEVTYP_F":0,"ELEVTYP_T":0},"geometry":{"type":"LineString","coordinates":[[-74.0758777593251,40.0860517557344],[-74.075824270404,40.0861873158537],[-74.0757860415149,40.0862885605057]]}},{"type":"Feature","id":227965,"properties":{"OBJECTID":227965,"PRIMENAME":"Glenwood Drive","ELEVTYP_F":0,"ELEVTYP_T":0},"geometry":{"type":"LineString","coordinates":[[-74.0704045681703,40.0654374273852],[-74.0705587873945,40.0654367913065],[-74.071672487016,40.065419747808]]}},{"type":"Feature","id":228190,"properties":{"OBJECTID":228190,"PRIMENAME":"Little Hill Road","ELEVTYP_F":0,"ELEVTYP_T":0},"geometry":{"type":"LineString","coordinates":[[-74.0829438566514,40.0692260027405],[-74.0831583225974,40.0693086676126]]}},{"type":"Feature","id":228453,"properties":{"OBJECTID":228453,"PRIMENAME":"Sleepy Hollow Road","ELEVTYP_F":0,"ELEVTYP_T":0},"geometry":{"type":"LineString","coordinates":[[-74.0831404675595,40.0717333554285],[-74.0828629116288,40.0726659589126],[-74.0824252690453,40.0740056641998],[-74.0820104823367,40.0751227226859]]}},{"type":"Feature","id":228462,"properties":{"OBJECTID":228462,"PRIMENAME":"Trenton Avenue","ELEVTYP_F":0,"ELEVTYP_T":0},"geometry":{"type":"LineString","coordinates":[[-74.057515323657,40.0892603438463],[-74.0569259411941,40.0892230333602],[-74.0560012662446,40.0891611280075]]}},{"type":"Feature","id":228800,"properties":{"OBJECTID":228800,"PRIMENAME":"Sunny Lane","ELEVTYP_F":0,"ELEVTYP_T":0},"geometry":{"type":"LineString","coordinates":[[-74.0836451290716,40.0613941871606],[-74.0839432536025,40.0617346081353],[-74.0842102354906,40.0620144366067]]}},{"type":"Feature","id":228872,"properties":{"OBJECTID":228872,"PRIMENAME":"Dwight Avenue","ELEVTYP_F":0,"ELEVTYP_T":0},"geometry":{"type":"LineString","coordinates":[[-74.075901884573,40.0753780178385],[-74.0757111686411,40.0753190635056],[-74.0755582650809,40.075259616916],[-74.0754051744808,40.0752129619978],[-74.0738275475416,40.0748320479615]]}},{"type":"Feature","id":229047,"properties":{"OBJECTID":229047,"PRIMENAME":"Beaver Dam Road","ELEVTYP_F":0,"ELEVTYP_T":0},"geometry":{"type":"LineString","coordinates":[[-74.0723617175298,40.0670574921464],[-74.0723481569935,40.0671689292583],[-74.0722841812565,40.0676970580505]]}},{"type":"Feature","id":229349,"properties":{"OBJECTID":229349,"PRIMENAME":"Albert Street","ELEVTYP_F":0,"ELEVTYP_T":0},"geometry":{"type":"LineString","coordinates":[[-74.0900012316403,40.0660024297419],[-74.089975869801,40.0658046489503],[-74.089944018976,40.0655328593143],[-74.0899338815568,40.0653583847494],[-74.0899238308668,40.0651753187464],[-74.0899212957462,40.0649722928946],[-74.0899260999798,40.0649100727052]]}},{"type":"Feature","id":229497,"properties":{"OBJECTID":229497,"PRIMENAME":"Phila Avenue","ELEVTYP_F":0,"ELEVTYP_T":0},"geometry":{"type":"LineString","coordinates":[[-74.0622819758103,40.0861118164012],[-74.06205560984,40.0860022463739],[-74.0619590982917,40.0859589995062],[-74.0619033460833,40.0859358930736],[-74.0618327432382,40.0859156126571],[-74.0617695747067,40.0858953603224]]}},{"type":"Feature","id":229544,"properties":{"OBJECTID":229544,"PRIMENAME":"Little Hill Road","ELEVTYP_F":0,"ELEVTYP_T":0},"geometry":{"type":"LineString","coordinates":[[-74.0813763625576,40.0685885124749],[-74.0815785489202,40.0686685283898]]}},{"type":"Feature","id":229587,"properties":{"OBJECTID":229587,"PRIMENAME":"Old Farm Road","ELEVTYP_F":0,"ELEVTYP_T":0},"geometry":{"type":"LineString","coordinates":[[-74.0588848891898,40.0801758272154],[-74.0580561938326,40.0799524672739]]}},{"type":"Feature","id":229681,"properties":{"OBJECTID":229681,"PRIMENAME":"Dorset Dock Road","ELEVTYP_F":0,"ELEVTYP_T":0},"geometry":{"type":"LineString","coordinates":[[-74.0770959219886,40.0693721305772],[-74.0774113270679,40.0689923126893]]}},{"type":"Feature","id":229758,"properties":{"OBJECTID":229758,"PRIMENAME":"Hollywood Boulevard","ELEVTYP_F":0,"ELEVTYP_T":0},"geometry":{"type":"LineString","coordinates":[[-74.0638858383163,40.0752473129904],[-74.063877039771,40.0754107909345],[-74.0638848056968,40.0755211272471],[-74.0638928669751,40.0755794676133],[-74.063909240119,40.0756346282942],[-74.0639385132901,40.0756898645511],[-74.064328726521,40.0761221849892]]}},{"type":"Feature","id":229871,"properties":{"OBJECTID":229871,"PRIMENAME":"Mark Place","ELEVTYP_F":0,"ELEVTYP_T":0},"geometry":{"type":"LineString","coordinates":[[-74.0767807058278,40.071165374553],[-74.0765567646398,40.0711116296155]]}},{"type":"Feature","id":229876,"properties":{"OBJECTID":229876,"PRIMENAME":"North Manetta Drive","ELEVTYP_F":0,"ELEVTYP_T":0},"geometry":{"type":"LineString","coordinates":[[-74.049676790909,40.0834924850649],[-74.0498811290626,40.0835562286181],[-74.0501487615946,40.0836201365595],[-74.0508921597519,40.08380034034],[-74.0517210621758,40.0840065399945],[-74.0518214123233,40.0840298518032],[-74.0519255714383,40.0840445307116],[-74.0520111497704,40.0840477439135],[-74.052078199447,40.0840422657838],[-74.0521640554515,40.0840140187647],[-74.0522293776823,40.0839885204864],[-74.0522817112118,40.0839544054867],[-74.0523359792262,40.083903140651],[-74.0523715394466,40.0838544119058]]}},{"type":"Feature","id":230203,"properties":{"OBJECTID":230203,"PRIMENAME":"Beech Street","ELEVTYP_F":0,"ELEVTYP_T":0},"geometry":{"type":"LineString","coordinates":[[-74.0774648176446,40.0771458953569],[-74.0762649524839,40.0768675297987]]}},{"type":"Feature","id":230298,"properties":{"OBJECTID":230298,"PRIMENAME":"Dorsett Drive","ELEVTYP_F":0,"ELEVTYP_T":0},"geometry":{"type":"LineString","coordinates":[[-74.0753023665442,40.071536104536],[-74.07542015794,40.07156291854],[-74.0770036127598,40.0719501740699]]}},{"type":"Feature","id":230363,"properties":{"OBJECTID":230363,"PRIMENAME":"Holly Avenue","ELEVTYP_F":0,"ELEVTYP_T":0},"geometry":{"type":"LineString","coordinates":[[-74.0503736585997,40.0712396223845],[-74.0502728628348,40.0716401031087],[-74.0502483285335,40.0717411459108]]}},{"type":"Feature","id":230472,"properties":{"OBJECTID":230472,"PRIMENAME":"Philadelphia Avenue","ELEVTYP_F":0,"ELEVTYP_T":0},"geometry":{"type":"LineString","coordinates":[[-74.048883189925,40.0854340961288],[-74.0474155668729,40.0855484787243]]}},{"type":"Feature","id":230594,"properties":{"OBJECTID":230594,"PRIMENAME":"Field Place","ELEVTYP_F":0,"ELEVTYP_T":0},"geometry":{"type":"LineString","coordinates":[[-74.077565504776,40.0612130325655],[-74.0775814404369,40.0613402816021],[-74.0775788775364,40.0618811340765],[-74.0775774308728,40.0621861847063]]}},{"type":"Feature","id":230627,"properties":{"OBJECTID":230627,"PRIMENAME":"Howe Court","ELEVTYP_F":0,"ELEVTYP_T":0},"geometry":{"type":"LineString","coordinates":[[-74.0526573053277,40.0707222395221],[-74.0527971316062,40.0699900536402]]}},{"type":"Feature","id":230753,"properties":{"OBJECTID":230753,"PRIMENAME":"Main Avenue","ELEVTYP_F":0,"ELEVTYP_T":0},"geometry":{"type":"LineString","coordinates":[[-74.0895823940261,40.0971497214205],[-74.0902368807086,40.0969856457878]]}},{"type":"Feature","id":230932,"properties":{"OBJECTID":230932,"PRIMENAME":"Old Drift Road","ELEVTYP_F":0,"ELEVTYP_T":0},"geometry":{"type":"LineString","coordinates":[[-74.0728037855191,40.0745114671208],[-74.0726429433223,40.0747337119367],[-74.0725000198684,40.0749705445354],[-74.0723533783951,40.0752016267012],[-74.0722957728278,40.0752604608391]]}},{"type":"Feature","id":230985,"properties":{"OBJECTID":230985,"PRIMENAME":"Willow Drive","ELEVTYP_F":0,"ELEVTYP_T":0},"geometry":{"type":"LineString","coordinates":[[-74.0502483285335,40.0717411459108],[-74.0503920560676,40.0717621288435],[-74.0520623542622,40.0720123837646]]}},{"type":"Feature","id":231187,"properties":{"OBJECTID":231187,"PRIMENAME":"Bradford Drive","ELEVTYP_F":0,"ELEVTYP_T":0},"geometry":{"type":"LineString","coordinates":[[-74.0662208099705,40.0846964883628],[-74.0661964862768,40.0845862479901],[-74.0661824893453,40.0845228129411],[-74.0661474722391,40.0843788601181],[-74.0660627379338,40.0840305133322]]}},{"type":"Feature","id":231349,"properties":{"OBJECTID":231349,"PRIMENAME":"West Lake Avenue","ELEVTYP_F":0,"ELEVTYP_T":0},"geometry":{"type":"LineString","coordinates":[[-74.0489378319433,40.0704427845662],[-74.0487971759009,40.0710071964244]]}},{"type":"Feature","id":231468,"properties":{"OBJECTID":231468,"PRIMENAME":"Pineneedle Road","ELEVTYP_F":0,"ELEVTYP_T":0},"geometry":{"type":"LineString","coordinates":[[-74.0757852523742,40.0705035725952],[-74.0759660438136,40.0705530737446],[-74.0760836208081,40.070591170197]]}},{"type":"Feature","id":232023,"properties":{"OBJECTID":232023,"PRIMENAME":"Lakewood Road","ELEVTYP_F":0,"ELEVTYP_T":0},"geometry":{"type":"LineString","coordinates":[[-74.0852014102462,40.0799264504191],[-74.0839752499341,40.0801737720973]]}},{"type":"Feature","id":232267,"properties":{"OBJECTID":232267,"PRIMENAME":"Grove Street","ELEVTYP_F":0,"ELEVTYP_T":0},"geometry":{"type":"LineString","coordinates":[[-74.047488967609,40.0696719035379],[-74.0490709092335,40.0699054944131]]}},{"type":"Feature","id":232416,"properties":{"OBJECTID":232416,"PRIMENAME":"Brown Street","ELEVTYP_F":0,"ELEVTYP_T":0},"geometry":{"type":"LineString","coordinates":[[-74.0530149413599,40.0801108841739],[-74.0524181208053,40.0815985454328]]}},{"type":"Feature","id":232727,"properties":{"OBJECTID":232727,"PRIMENAME":"Arnold Avenue","ELEVTYP_F":0,"ELEVTYP_T":0},"geometry":{"type":"LineString","coordinates":[[-74.0562403295764,40.0912398887436],[-74.0560631009011,40.0912520580183],[-74.0558618945547,40.0912741823],[-74.0556272333744,40.0912904404933],[-74.0553589899513,40.0913094245003],[-74.0544835541916,40.0913775486588],[-74.0536767509097,40.0914396438385]]}},{"type":"Feature","id":233225,"properties":{"OBJECTID":233225,"PRIMENAME":"Juniper Street","ELEVTYP_F":0,"ELEVTYP_T":0},"geometry":{"type":"LineString","coordinates":[[-74.0594706563644,40.0762533759629],[-74.0590409779703,40.0783337095173]]}},{"type":"Feature","id":233458,"properties":{"OBJECTID":233458,"PRIMENAME":"North Stream Parkway","ELEVTYP_F":0,"ELEVTYP_T":0},"geometry":{"type":"LineString","coordinates":[[-74.0824132698222,40.077350959557],[-74.0825353982117,40.0769447904346]]}},{"type":"Feature","id":233630,"properties":{"OBJECTID":233630,"PRIMENAME":"Woods End Road","ELEVTYP_F":0,"ELEVTYP_T":0},"geometry":{"type":"LineString","coordinates":[[-74.0559150149574,40.0804160204396],[-74.0558160157275,40.0806635836284]]}},{"type":"Feature","id":233690,"properties":{"OBJECTID":233690,"PRIMENAME":"Marcia Avenue","ELEVTYP_F":0,"ELEVTYP_T":0},"geometry":{"type":"LineString","coordinates":[[-74.0497263185877,40.0843347203681],[-74.0496983796281,40.0843276935491],[-74.0496463270931,40.0843189256135],[-74.0495793335892,40.0843158099494],[-74.0495123024541,40.0843184044888],[-74.0487412052739,40.0843868911752]]}},{"type":"Feature","id":233838,"properties":{"OBJECTID":233838,"PRIMENAME":"Bay Avenue","ELEVTYP_F":0,"ELEVTYP_T":0},"geometry":{"type":"LineString","coordinates":[[-74.0550871771132,40.0750591840796],[-74.0551471467027,40.0756132004962],[-74.0551518374608,40.0756555781312]]}},{"type":"Feature","id":233912,"properties":{"OBJECTID":233912,"PRIMENAME":"Maple Drive","ELEVTYP_F":0,"ELEVTYP_T":0},"geometry":{"type":"LineString","coordinates":[[-74.0489378319433,40.0704427845662],[-74.0505152519074,40.0706773261804]]}},{"type":"Feature","id":234755,"properties":{"OBJECTID":234755,"PRIMENAME":"Patterson Road","ELEVTYP_F":0,"ELEVTYP_T":0},"geometry":{"type":"LineString","coordinates":[[-74.0654433116069,40.078094543643],[-74.0654652745442,40.0780014231657],[-74.0656359408233,40.0775484541248]]}},{"type":"Feature","id":234801,"properties":{"OBJECTID":234801,"PRIMENAME":"Rue Lafayette","ELEVTYP_F":0,"ELEVTYP_T":0},"geometry":{"type":"LineString","coordinates":[[-74.0604193940591,40.0678934944912],[-74.0610169811865,40.0673924601194]]}},{"type":"Feature","id":235052,"properties":{"OBJECTID":235052,"PRIMENAME":"Bay Point Harbour","ELEVTYP_F":0,"ELEVTYP_T":0},"geometry":{"type":"LineString","coordinates":[[-74.0537411011406,40.0686854834046],[-74.0537724248369,40.0685841272893],[-74.0537864253562,40.0685161274233],[-74.0538174255196,40.0684131271793],[-74.0538504250086,40.0683021274481],[-74.0538364256228,40.0682571270648],[-74.0537601056551,40.0682351092624],[-74.0536401594824,40.0682246783001],[-74.0533747303349,40.0681819486661]]}},{"type":"Feature","id":235451,"properties":{"OBJECTID":235451,"PRIMENAME":"Laguna Court","ELEVTYP_F":0,"ELEVTYP_T":0},"geometry":{"type":"LineString","coordinates":[[-74.0704053042582,40.0682610514433],[-74.0714043618076,40.0683275653508]]}},{"type":"Feature","id":235543,"properties":{"OBJECTID":235543,"PRIMENAME":"Hollywood Boulevard","ELEVTYP_F":0,"ELEVTYP_T":0},"geometry":{"type":"LineString","coordinates":[[-74.064328726521,40.0761221849892],[-74.0645154791919,40.0763290865961]]}},{"type":"Feature","id":235568,"properties":{"OBJECTID":235568,"PRIMENAME":"Catherine Street","ELEVTYP_F":0,"ELEVTYP_T":0},"geometry":{"type":"LineString","coordinates":[[-74.0620272726299,40.0821528488431],[-74.0613879376429,40.0820002889196],[-74.0611283947439,40.0819393477078]]}},{"type":"Feature","id":235586,"properties":{"OBJECTID":235586,"PRIMENAME":"Hall Avenue","ELEVTYP_F":0,"ELEVTYP_T":0},"geometry":{"type":"LineString","coordinates":[[-74.0706663071684,40.0866848446908],[-74.0707695200474,40.0860889724735],[-74.0709129290938,40.0854209098843]]}},{"type":"Feature","id":235773,"properties":{"OBJECTID":235773,"PRIMENAME":"Barton Avenue","ELEVTYP_F":0,"ELEVTYP_T":0},"geometry":{"type":"LineString","coordinates":[[-74.0774648176446,40.0771458953569],[-74.0776823472854,40.0765793405609],[-74.0776900808871,40.0765307492926],[-74.0776838123035,40.0764983870233]]}},{"type":"Feature","id":235970,"properties":{"OBJECTID":235970,"PRIMENAME":"Bay Point Place","ELEVTYP_F":0,"ELEVTYP_T":0},"geometry":{"type":"LineString","coordinates":[[-74.053217444659,40.0645016867596],[-74.0532157954563,40.0645025585775],[-74.053112287285,40.0645402371555],[-74.053000603107,40.0645715422997],[-74.0529096542885,40.0645902167446],[-74.0528270471522,40.0645898979283],[-74.0527445799409,40.0645737390646],[-74.052684145999,40.0645539039116]]}},{"type":"Feature","id":236299,"properties":{"OBJECTID":236299,"PRIMENAME":"Barnegat Boulevard","ELEVTYP_F":0,"ELEVTYP_T":0},"geometry":{"type":"LineString","coordinates":[[-74.0651984708797,40.0699805975016],[-74.0673525490018,40.0702353289521]]}},{"type":"Feature","id":237053,"properties":{"OBJECTID":237053,"PRIMENAME":"Kilkare Parkway","ELEVTYP_F":0,"ELEVTYP_T":0},"geometry":{"type":"LineString","coordinates":[[-74.0645154791919,40.0763290865961],[-74.0643473737774,40.0764301131394],[-74.0637906190814,40.076734341287]]}},{"type":"Feature","id":237690,"properties":{"OBJECTID":237690,"PRIMENAME":"Mossbank Road","ELEVTYP_F":0,"ELEVTYP_T":0},"geometry":{"type":"LineString","coordinates":[[-74.0849035911435,40.0745248988835],[-74.0846994901512,40.0747743586772],[-74.0840474592946,40.0755712748098]]}},{"type":"Feature","id":237811,"properties":{"OBJECTID":237811,"PRIMENAME":"Blaze Drive","ELEVTYP_F":0,"ELEVTYP_T":0},"geometry":{"type":"LineString","coordinates":[[-74.0693713645258,40.0690074278603],[-74.0693370012926,40.068432538709]]}},{"type":"Feature","id":237854,"properties":{"OBJECTID":237854,"PRIMENAME":"Beaver Dam Road","ELEVTYP_F":0,"ELEVTYP_T":0},"geometry":{"type":"LineString","coordinates":[[-74.0695145972784,40.0768831084538],[-74.0694799203307,40.0769813992957],[-74.0692510914559,40.0776173526194]]}},{"type":"Feature","id":237983,"properties":{"OBJECTID":237983,"PRIMENAME":"River Road","ELEVTYP_F":0,"ELEVTYP_T":0},"geometry":{"type":"LineString","coordinates":[[-74.0845006642113,40.0918932736646],[-74.0840803102337,40.091504592849],[-74.083317572958,40.0908040758012],[-74.0831988147837,40.0906931525691],[-74.082936708577,40.0904483396285]]}},{"type":"Feature","id":238064,"properties":{"OBJECTID":238064,"PRIMENAME":"Ilex Place","ELEVTYP_F":0,"ELEVTYP_T":0},"geometry":{"type":"LineString","coordinates":[[-74.0879841495597,40.0850868459123],[-74.0888471246053,40.0853007255493]]}},{"type":"Feature","id":238300,"properties":{"OBJECTID":238300,"PRIMENAME":"Honeysuckle Lane","ELEVTYP_F":0,"ELEVTYP_T":0},"geometry":{"type":"LineString","coordinates":[[-74.0810176797788,40.0705945419234],[-74.0801047301297,40.0704355217272]]}},{"type":"Feature","id":238425,"properties":{"OBJECTID":238425,"PRIMENAME":"Mattapan Avenue","ELEVTYP_F":0,"ELEVTYP_T":0},"geometry":{"type":"LineString","coordinates":[[-74.0852817538941,40.0762794151046],[-74.0859900519876,40.0761325215992],[-74.0864250065176,40.0760433419767]]}},{"type":"Feature","id":238675,"properties":{"OBJECTID":238675,"PRIMENAME":"Mossbank Road","ELEVTYP_F":0,"ELEVTYP_T":0},"geometry":{"type":"LineString","coordinates":[[-74.0836464078317,40.076502070615],[-74.083904545766,40.0756841779065]]}},{"type":"Feature","id":238843,"properties":{"OBJECTID":238843,"PRIMENAME":"Woodland Avenue","ELEVTYP_F":0,"ELEVTYP_T":0},"geometry":{"type":"LineString","coordinates":[[-74.0514867107056,40.0733848210274],[-74.0499039123905,40.0731592489643]]}},{"type":"Feature","id":239061,"properties":{"OBJECTID":239061,"PRIMENAME":"Eisenhower Drive","ELEVTYP_F":0,"ELEVTYP_T":0},"geometry":{"type":"LineString","coordinates":[[-74.0889661863524,40.0867971257376],[-74.0888702566314,40.0855430543883],[-74.0888471246053,40.0853007255493]]}},{"type":"Feature","id":239449,"properties":{"OBJECTID":239449,"PRIMENAME":"Beaver Dam Road","ELEVTYP_F":0,"ELEVTYP_T":0},"geometry":{"type":"LineString","coordinates":[[-74.0683773543094,40.0800558425762],[-74.0682525615737,40.080405707574]]}},{"type":"Feature","id":239778,"properties":{"OBJECTID":239778,"PRIMENAME":"Oakwood Road","ELEVTYP_F":0,"ELEVTYP_T":0},"geometry":{"type":"LineString","coordinates":[[-74.0709216699045,40.082724903384],[-74.0715003887096,40.0812743330699],[-74.0717424913173,40.0806575320678],[-74.0717576267881,40.0806204164112]]}},{"type":"Feature","id":239892,"properties":{"OBJECTID":239892,"PRIMENAME":"Partridge Run","ELEVTYP_F":0,"ELEVTYP_T":0},"geometry":{"type":"LineString","coordinates":[[-74.0589024622153,40.0731430724371],[-74.0595342173094,40.07328252216],[-74.0596294802982,40.0733223896633],[-74.0597246353277,40.073379222152],[-74.0598050292447,40.0734472553494],[-74.0598780266881,40.073520914948],[-74.0599582040715,40.0736228241206],[-74.0600089359279,40.0737302759634],[-74.0600376915157,40.0738319897666],[-74.0600443640013,40.0739336196982],[-74.0600350329196,40.0740675003475]]}},{"type":"Feature","id":239914,"properties":{"OBJECTID":239914,"PRIMENAME":"Jackson Street","ELEVTYP_F":0,"ELEVTYP_T":0},"geometry":{"type":"LineString","coordinates":[[-74.0563144941238,40.0742058136022],[-74.0563821099865,40.0747504699275]]}},{"type":"Feature","id":240787,"properties":{"OBJECTID":240787,"PRIMENAME":"South Street","ELEVTYP_F":0,"ELEVTYP_T":0},"geometry":{"type":"LineString","coordinates":[[-74.0594706563644,40.0762533759629],[-74.0596619732948,40.0762838631452],[-74.0602160220471,40.076380324455],[-74.0602408695323,40.0763842341184]]}},{"type":"Feature","id":240836,"properties":{"OBJECTID":240836,"PRIMENAME":"Burnt Tavern Road","ELEVTYP_F":0,"ELEVTYP_T":0},"geometry":{"type":"LineString","coordinates":[[-74.0582236569012,40.0780513139539],[-74.0581447806059,40.0780187277787],[-74.0580631497752,40.0779755073634],[-74.0579295985221,40.0779035097712],[-74.0577219607839,40.0777768993742],[-74.0573865574995,40.077579217679]]}},{"type":"Feature","id":241329,"properties":{"OBJECTID":241329,"PRIMENAME":"Rue Mirador","ELEVTYP_F":0,"ELEVTYP_T":0},"geometry":{"type":"LineString","coordinates":[[-74.0593014433152,40.0661791578367],[-74.059340835844,40.0661321977142],[-74.0593695562422,40.0660778941517],[-74.0593982939754,40.0660099748375],[-74.0594199734053,40.0659447730919],[-74.0594381686481,40.0658659413811],[-74.0594977845597,40.0653807950826]]}},{"type":"Feature","id":241337,"properties":{"OBJECTID":241337,"PRIMENAME":"Pineneedle Road","ELEVTYP_F":0,"ELEVTYP_T":0},"geometry":{"type":"LineString","coordinates":[[-74.0729784428527,40.0697424154103],[-74.0730802583697,40.0697806486624],[-74.0731810380177,40.0698073644253],[-74.0737055590659,40.0699464075703],[-74.0746153888196,40.0701841748475],[-74.0754290204811,40.0704061544681],[-74.0757852523742,40.0705035725952]]}},{"type":"Feature","id":241365,"properties":{"OBJECTID":241365,"PRIMENAME":"Belaire Court East","ELEVTYP_F":0,"ELEVTYP_T":0},"geometry":{"type":"LineString","coordinates":[[-74.0654241892248,40.0688969312941],[-74.0653098412487,40.0688467028801],[-74.0651906736634,40.0687734768346],[-74.0650815730291,40.0686849694393],[-74.0650072731394,40.0686080962891],[-74.0649679319125,40.068523721879],[-74.0649582947343,40.068491941597],[-74.0649435031168,40.0684431647581],[-74.0649190130809,40.0683779543429],[-74.0648646521343,40.0683011550761],[-74.0648153909713,40.0682090568198],[-74.0648009314791,40.0681285641338],[-74.0647966225879,40.0680251319456],[-74.0648441957484,40.0675963537182]]}},{"type":"Feature","id":241655,"properties":{"OBJECTID":241655,"PRIMENAME":"Gowdy Avenue","ELEVTYP_F":0,"ELEVTYP_T":0},"geometry":{"type":"LineString","coordinates":[[-74.0532994926358,40.0868918140823],[-74.0533067967757,40.086846105115],[-74.053322113115,40.0867832418413],[-74.053443686429,40.0864091118967],[-74.0535401438121,40.0861041500177]]}},{"type":"Feature","id":241695,"properties":{"OBJECTID":241695,"PRIMENAME":"Briar Road","ELEVTYP_F":0,"ELEVTYP_T":0},"geometry":{"type":"LineString","coordinates":[[-74.0682452238183,40.0856182965014],[-74.068236134104,40.0855861142091],[-74.0680025015249,40.0844989215907]]}},{"type":"Feature","id":241860,"properties":{"OBJECTID":241860,"PRIMENAME":"Bancroft Road","ELEVTYP_F":0,"ELEVTYP_T":0},"geometry":{"type":"LineString","coordinates":[[-74.0820728953905,40.0605422616663],[-74.0830448944954,40.060759422566],[-74.0836053584704,40.0608784990717],[-74.083789526816,40.0609099628518],[-74.0839337546457,40.06092895688],[-74.084057960482,40.0609386548157],[-74.0841220737437,40.0609419599506],[-74.0841902999497,40.0609268038234],[-74.0842752929354,40.060898391923]]}},{"type":"Feature","id":242288,"properties":{"OBJECTID":242288,"PRIMENAME":"Oakland Street","ELEVTYP_F":0,"ELEVTYP_T":0},"geometry":{"type":"LineString","coordinates":[[-74.0609181139376,40.08572055329],[-74.0616863415573,40.0837817284022]]}},{"type":"Feature","id":242511,"properties":{"OBJECTID":242511,"PRIMENAME":"Lakewood Road","ELEVTYP_F":0,"ELEVTYP_T":0},"geometry":{"type":"LineString","coordinates":[[-74.0822107785022,40.0805385896767],[-74.0819526080773,40.079818549113]]}},{"type":"Feature","id":242654,"properties":{"OBJECTID":242654,"PRIMENAME":"Midwood Drive","ELEVTYP_F":0,"ELEVTYP_T":0},"geometry":{"type":"LineString","coordinates":[[-74.0895541617235,40.0642281617381],[-74.0895126135051,40.0642330386186],[-74.0892482706262,40.064246377754],[-74.0889728493738,40.0642482831773],[-74.0887272428855,40.064241674127],[-74.0884928884104,40.0642236557747],[-74.0882176375014,40.0641912443869],[-74.0879722540625,40.0641474619003],[-74.0874815936273,40.0640427942302]]}},{"type":"Feature","id":242840,"properties":{"OBJECTID":242840,"PRIMENAME":"Butler Avenue","ELEVTYP_F":0,"ELEVTYP_T":0},"geometry":{"type":"LineString","coordinates":[[-74.0788083764942,40.0846478971828],[-74.0802561534299,40.0829058673862],[-74.0802750896117,40.0828544604899],[-74.0802829274215,40.0827944495896],[-74.0802684458037,40.0827257634068],[-74.0796717753212,40.0810735264287]]}},{"type":"Feature","id":243648,"properties":{"OBJECTID":243648,"PRIMENAME":"Herbertsville Road","ELEVTYP_F":0,"ELEVTYP_T":0},"geometry":{"type":"LineString","coordinates":[[-74.085599798129,40.0878533621192],[-74.0858302309795,40.0879301218111],[-74.0863056661865,40.0880921745726]]}},{"type":"Feature","id":243681,"properties":{"OBJECTID":243681,"PRIMENAME":"Carroll Fox Road","ELEVTYP_F":0,"ELEVTYP_T":0},"geometry":{"type":"LineString","coordinates":[[-74.0919331043689,40.060189759438],[-74.0918358928234,40.0601769531629],[-74.0916797035277,40.0601563623032],[-74.0916115323293,40.0601446462481]]}},{"type":"Feature","id":244303,"properties":{"OBJECTID":244303,"PRIMENAME":"Burnt Tavern Road","ELEVTYP_F":0,"ELEVTYP_T":0},"geometry":{"type":"LineString","coordinates":[[-74.0573865574995,40.077579217679],[-74.0572695069505,40.0775092044464],[-74.0572101735356,40.077477516454],[-74.0571322234512,40.0774400468664],[-74.0570319549233,40.0774053470856],[-74.0569308151104,40.0773730352268],[-74.0568870537931,40.077359055713],[-74.0566624416191,40.0772990622209]]}},{"type":"Feature","id":244318,"properties":{"OBJECTID":244318,"PRIMENAME":"Bridge Avenue","ELEVTYP_F":0,"ELEVTYP_T":0},"geometry":{"type":"LineString","coordinates":[[-74.0898590037781,40.0823921340636],[-74.0899639188767,40.0823038421187]]}},{"type":"Feature","id":244422,"properties":{"OBJECTID":244422,"PRIMENAME":"Carroll Fox Road","ELEVTYP_F":0,"ELEVTYP_T":0},"geometry":{"type":"LineString","coordinates":[[-74.0816007798439,40.0609755445389],[-74.081600065154,40.0609754870154],[-74.0815816085479,40.0609496694487],[-74.0815190343174,40.0608350730055],[-74.0814926006891,40.0608165834994]]}},{"type":"Feature","id":245466,"properties":{"OBJECTID":245466,"PRIMENAME":"Rue Cambon","ELEVTYP_F":0,"ELEVTYP_T":0},"geometry":{"type":"LineString","coordinates":[[-74.0672059172829,40.0709436784181],[-74.0670364956867,40.0717687291897]]}},{"type":"Feature","id":245513,"properties":{"OBJECTID":245513,"PRIMENAME":"Riverview Drive","ELEVTYP_F":0,"ELEVTYP_T":0},"geometry":{"type":"LineString","coordinates":[[-74.0768585865975,40.098242200002],[-74.0767930078662,40.098175661485],[-74.0766633286574,40.0980751208842],[-74.0761442083505,40.0977157284403],[-74.0758667030404,40.0975305574363]]}},{"type":"Feature","id":245576,"properties":{"OBJECTID":245576,"PRIMENAME":"Dorsett Drive","ELEVTYP_F":0,"ELEVTYP_T":0},"geometry":{"type":"LineString","coordinates":[[-74.0770036127598,40.0719501740699],[-74.077181212465,40.0719906565185]]}},{"type":"Feature","id":245605,"properties":{"OBJECTID":245605,"PRIMENAME":"Woodland Road","ELEVTYP_F":0,"ELEVTYP_T":0},"geometry":{"type":"LineString","coordinates":[[-74.0539818269731,40.0938278400963],[-74.0540181235727,40.0936777013879]]}},{"type":"Feature","id":245750,"properties":{"OBJECTID":245750,"PRIMENAME":"Brainard Place","ELEVTYP_F":0,"ELEVTYP_T":0},"geometry":{"type":"LineString","coordinates":[[-74.0761240644596,40.0952180524925],[-74.0762231984738,40.0951186780927],[-74.0766041385193,40.0947340259191]]}},{"type":"Feature","id":245786,"properties":{"OBJECTID":245786,"PRIMENAME":"Wilson Road","ELEVTYP_F":0,"ELEVTYP_T":0},"geometry":{"type":"LineString","coordinates":[[-74.0664855013821,40.0742102243734],[-74.0646274293553,40.0739518123107]]}},{"type":"Feature","id":245821,"properties":{"OBJECTID":245821,"PRIMENAME":"Briar Road","ELEVTYP_F":0,"ELEVTYP_T":0},"geometry":{"type":"LineString","coordinates":[[-74.0680025015249,40.0844989215907],[-74.0679332358138,40.0841765557831]]}},{"type":"Feature","id":245886,"properties":{"OBJECTID":245886,"PRIMENAME":"Blue Heron Court","ELEVTYP_F":0,"ELEVTYP_T":0},"geometry":{"type":"LineString","coordinates":[[-74.0761138712759,40.0655324710003],[-74.0763692821458,40.0651969656534],[-74.0775102511025,40.0636626237733]]}},{"type":"Feature","id":245929,"properties":{"OBJECTID":245929,"PRIMENAME":"Johnson Avenue","ELEVTYP_F":0,"ELEVTYP_T":0},"geometry":{"type":"LineString","coordinates":[[-74.0650631723827,40.081043709781],[-74.0650902494619,40.0809988164187],[-74.065286518652,40.0809761954327]]}},{"type":"Feature","id":246051,"properties":{"OBJECTID":246051,"PRIMENAME":"Gardens Avenue","ELEVTYP_F":0,"ELEVTYP_T":0},"geometry":{"type":"LineString","coordinates":[[-74.0567477242535,40.0808850209828],[-74.0567468969474,40.0808802414429],[-74.056736100527,40.0808201599445],[-74.0567401504911,40.0807744112357],[-74.0567704941251,40.080685880242],[-74.0571493876801,40.0798381478642],[-74.0571551756849,40.0797722005295],[-74.0571438446667,40.0797118972446]]}},{"type":"Feature","id":246490,"properties":{"OBJECTID":246490,"PRIMENAME":"Lakewood Road","ELEVTYP_F":0,"ELEVTYP_T":0},"geometry":{"type":"LineString","coordinates":[[-74.0808748477034,40.0808197980562],[-74.0796717753212,40.0810735264287]]}},{"type":"Feature","id":247316,"properties":{"OBJECTID":247316,"PRIMENAME":"Smith Circle","ELEVTYP_F":0,"ELEVTYP_T":0},"geometry":{"type":"LineString","coordinates":[[-74.0895264129895,40.0836544890098],[-74.0895410665191,40.0836545409322],[-74.0896229982158,40.0836579602177],[-74.08970485801,40.08366769395],[-74.0897662000879,40.0836836418041],[-74.0898232826537,40.0837184629787],[-74.0898763254259,40.0837595836813],[-74.0899170191104,40.0838037347095],[-74.0899535258697,40.0838667863581],[-74.0900205201375,40.0840725382202]]}},{"type":"Feature","id":247354,"properties":{"OBJECTID":247354,"PRIMENAME":"Arthur Avenue","ELEVTYP_F":0,"ELEVTYP_T":0},"geometry":{"type":"LineString","coordinates":[[-74.0890181215837,40.0797058239893],[-74.088859439854,40.0792427835084],[-74.0888314983938,40.0791703460182]]}},{"type":"Feature","id":247834,"properties":{"OBJECTID":247834,"PRIMENAME":"Arnold Avenue","ELEVTYP_F":0,"ELEVTYP_T":0},"geometry":{"type":"LineString","coordinates":[[-74.0583365343836,40.0903239241409],[-74.0581437941831,40.0908534054095],[-74.0581286491983,40.090890491249],[-74.058098615741,40.0909304313239],[-74.0580648113785,40.0909731833735],[-74.05801985455,40.0910159216826],[-74.0579637456019,40.091058589496],[-74.0579425546661,40.0910736312357]]}},{"type":"Feature","id":247998,"properties":{"OBJECTID":247998,"PRIMENAME":"Lincoln Avenue","ELEVTYP_F":0,"ELEVTYP_T":0},"geometry":{"type":"LineString","coordinates":[[-74.0554287121858,40.0940477018367],[-74.0556401813488,40.093542524958]]}},{"type":"Feature","id":248034,"properties":{"OBJECTID":248034,"PRIMENAME":"Lewis Road","ELEVTYP_F":0,"ELEVTYP_T":0},"geometry":{"type":"LineString","coordinates":[[-74.0733627688055,40.072580765771],[-74.0724870309105,40.0738758270957]]}},{"type":"Feature","id":248866,"properties":{"OBJECTID":248866,"PRIMENAME":"Treeneedle Road","ELEVTYP_F":0,"ELEVTYP_T":0},"geometry":{"type":"LineString","coordinates":[[-74.0854166634754,40.0706094615628],[-74.0855395667573,40.0702000526301],[-74.0856253697358,40.0699159713749]]}},{"type":"Feature","id":248945,"properties":{"OBJECTID":248945,"PRIMENAME":"Arnold Avenue","ELEVTYP_F":0,"ELEVTYP_T":0},"geometry":{"type":"LineString","coordinates":[[-74.061906913513,40.0865056691109],[-74.0615509418212,40.0868983021401]]}},{"type":"Feature","id":249376,"properties":{"OBJECTID":249376,"PRIMENAME":"Ocean Road","ELEVTYP_F":0,"ELEVTYP_T":0},"geometry":{"type":"LineString","coordinates":[[-74.0663189206514,40.0836176539815],[-74.0661365584961,40.0836845509895],[-74.0659279623645,40.0837609336802],[-74.0655954734017,40.0838826841055],[-74.0654369699705,40.0839379289469]]}},{"type":"Feature","id":249692,"properties":{"OBJECTID":249692,"PRIMENAME":"Sudbury Road","ELEVTYP_F":0,"ELEVTYP_T":0},"geometry":{"type":"LineString","coordinates":[[-74.088174755928,40.0929042606841],[-74.0878712846566,40.0924171231005],[-74.0878709484694,40.0924166697572]]}},{"type":"Feature","id":249967,"properties":{"OBJECTID":249967,"PRIMENAME":"West End Drive","ELEVTYP_F":0,"ELEVTYP_T":0},"geometry":{"type":"LineString","coordinates":[[-74.071672487016,40.065419747808],[-74.0716432830086,40.0634876168658],[-74.0716248747615,40.062547548279],[-74.0716091386216,40.0624758919649],[-74.0715812175292,40.0624041905904],[-74.0715331761506,40.0623106449761],[-74.0714530573567,40.0621702814019],[-74.0713929848744,40.0620579954742]]}},{"type":"Feature","id":250109,"properties":{"OBJECTID":250109,"PRIMENAME":"Herbertsville Road","ELEVTYP_F":0,"ELEVTYP_T":0},"geometry":{"type":"LineString","coordinates":[[-74.0783586964851,40.0844311929797],[-74.0788083764942,40.0846478971828]]}},{"type":"Feature","id":250393,"properties":{"OBJECTID":250393,"PRIMENAME":"Harbor Road","ELEVTYP_F":0,"ELEVTYP_T":0},"geometry":{"type":"LineString","coordinates":[[-74.077565504776,40.0612130325655],[-74.0766769844907,40.0614523388726],[-74.0766396144786,40.0614750710013],[-74.0766133738729,40.0615064364321],[-74.0766027134693,40.0615258074793]]}},{"type":"Feature","id":250506,"properties":{"OBJECTID":250506,"PRIMENAME":"Beaver Road","ELEVTYP_F":0,"ELEVTYP_T":0},"geometry":{"type":"LineString","coordinates":[[-74.0721398111436,40.0596533676542],[-74.0721569666293,40.0597970065292]]}},{"type":"Feature","id":251036,"properties":{"OBJECTID":251036,"PRIMENAME":"Bridge Avenue","ELEVTYP_F":0,"ELEVTYP_T":0},"geometry":{"type":"LineString","coordinates":[[-74.0775566489356,40.0738225526977],[-74.0773785697806,40.0737778403206],[-74.07684828853,40.0736398736351],[-74.0766844751911,40.0735998805971]]}},{"type":"Feature","id":251452,"properties":{"OBJECTID":251452,"PRIMENAME":"Trenton Avenue","ELEVTYP_F":0,"ELEVTYP_T":0},"geometry":{"type":"LineString","coordinates":[[-74.0494420316384,40.0896537040662],[-74.047969291919,40.0897660695086]]}},{"type":"Feature","id":251650,"properties":{"OBJECTID":251650,"PRIMENAME":"Summit Drive","ELEVTYP_F":0,"ELEVTYP_T":0},"geometry":{"type":"LineString","coordinates":[[-74.0866156139074,40.0852169030852],[-74.0863303298672,40.0855587748175]]}},{"type":"Feature","id":251699,"properties":{"OBJECTID":251699,"PRIMENAME":"Hidden Harbor","ELEVTYP_F":0,"ELEVTYP_T":0},"geometry":{"type":"LineString","coordinates":[[-74.072648001052,40.0651287300636],[-74.0726305140034,40.0642826853085]]}},{"type":"Feature","id":251925,"properties":{"OBJECTID":251925,"PRIMENAME":"Brooks Road","ELEVTYP_F":0,"ELEVTYP_T":0},"geometry":{"type":"LineString","coordinates":[[-74.0635105719859,40.0768873807254],[-74.0640204671269,40.0774409576255],[-74.0642766194795,40.0777190494512],[-74.0643133856937,40.0777539157723],[-74.0643543217676,40.0777793269704],[-74.0643911685223,40.0778015649457]]}},{"type":"Feature","id":252829,"properties":{"OBJECTID":252829,"PRIMENAME":"Shady Glen Avenue","ELEVTYP_F":0,"ELEVTYP_T":0},"geometry":{"type":"LineString","coordinates":[[-74.0788038784451,40.0709755272174],[-74.0795825786932,40.0711115306582]]}},{"type":"Feature","id":252846,"properties":{"OBJECTID":252846,"PRIMENAME":"Nowata Avenue","ELEVTYP_F":0,"ELEVTYP_T":0},"geometry":{"type":"LineString","coordinates":[[-74.0849035911435,40.0745248988835],[-74.0853810014311,40.0747554362402],[-74.0853992602392,40.0747642536346],[-74.0854735058486,40.0747959805797],[-74.0855218393346,40.0748047191204],[-74.085577746829,40.0748020369098],[-74.0856373147493,40.0747908291819],[-74.0859616155903,40.0747234242212]]}},{"type":"Feature","id":253219,"properties":{"OBJECTID":253219,"PRIMENAME":"Chicopee Avenue","ELEVTYP_F":0,"ELEVTYP_T":0},"geometry":{"type":"LineString","coordinates":[[-74.0866531346139,40.0767076183161],[-74.0864250065176,40.0760433419767]]}},{"type":"Feature","id":253384,"properties":{"OBJECTID":253384,"PRIMENAME":"Eisenhower Drive","ELEVTYP_F":0,"ELEVTYP_T":0},"geometry":{"type":"LineString","coordinates":[[-74.0891372161279,40.088264884902],[-74.0891051726254,40.0882025343003],[-74.0890767156492,40.088086478216]]}},{"type":"Feature","id":253452,"properties":{"OBJECTID":253452,"PRIMENAME":"Main Avenue","ELEVTYP_F":0,"ELEVTYP_T":0},"geometry":{"type":"LineString","coordinates":[[-74.0885735222302,40.0974172972099],[-74.0890658168173,40.0972903441196],[-74.0895395037555,40.0971604957264],[-74.0895823940261,40.0971497214205]]}},{"type":"Feature","id":253936,"properties":{"OBJECTID":253936,"PRIMENAME":"Delaware Avenue","ELEVTYP_F":0,"ELEVTYP_T":0},"geometry":{"type":"LineString","coordinates":[[-74.0538295427233,40.0803886115073],[-74.0530149413599,40.0801108841739]]}},{"type":"Feature","id":254121,"properties":{"OBJECTID":254121,"PRIMENAME":"Beaver Dam Road","ELEVTYP_F":0,"ELEVTYP_T":0},"geometry":{"type":"LineString","coordinates":[[-74.0720922931573,40.0696852544351],[-74.072097174826,40.0698017845594],[-74.0721094449473,40.0699422527177]]}},{"type":"Feature","id":254196,"properties":{"OBJECTID":254196,"PRIMENAME":"Cedar Street","ELEVTYP_F":0,"ELEVTYP_T":0},"geometry":{"type":"LineString","coordinates":[[-74.0750280486683,40.0800195130784],[-74.0756088642703,40.0801533894595],[-74.0762249752196,40.0802957937178]]}},{"type":"Feature","id":254281,"properties":{"OBJECTID":254281,"PRIMENAME":"Bay Avenue","ELEVTYP_F":0,"ELEVTYP_T":0},"geometry":{"type":"LineString","coordinates":[[-74.054859497861,40.0729082567255],[-74.0549399697459,40.0736992455476],[-74.0550625358724,40.0748314751219]]}},{"type":"Feature","id":254525,"properties":{"OBJECTID":254525,"PRIMENAME":"Front Street","ELEVTYP_F":0,"ELEVTYP_T":0},"geometry":{"type":"LineString","coordinates":[[-74.0629824539032,40.0854116050511],[-74.0633500422884,40.0855645606294],[-74.0634763262011,40.085613628026],[-74.0635729476232,40.0856397437804],[-74.0636807374482,40.0856687558151],[-74.0638219620111,40.0857064592314],[-74.0640785205176,40.0857617547381],[-74.0644369332469,40.0858408506968]]}},{"type":"Feature","id":254874,"properties":{"OBJECTID":254874,"PRIMENAME":"River Avenue","ELEVTYP_F":0,"ELEVTYP_T":0},"geometry":{"type":"LineString","coordinates":[[-74.0760153227258,40.077502542332],[-74.0762649524839,40.0768675297987]]}},{"type":"Feature","id":255105,"properties":{"OBJECTID":255105,"PRIMENAME":"Rue Avenue","ELEVTYP_F":0,"ELEVTYP_T":0},"geometry":{"type":"LineString","coordinates":[[-74.0597921497164,40.0848154868037],[-74.0596136452734,40.085360989029]]}},{"type":"Feature","id":255943,"properties":{"OBJECTID":255943,"PRIMENAME":"Bert Avenue","ELEVTYP_F":0,"ELEVTYP_T":0},"geometry":{"type":"LineString","coordinates":[[-74.0698137135372,40.076042970648],[-74.0698872329827,40.0760527702719],[-74.0699293160542,40.076060777858],[-74.0699632744819,40.0760707593134],[-74.0704497030779,40.0762670156783],[-74.0710696775155,40.0765381339298],[-74.071114073114,40.0765594132653]]}},{"type":"Feature","id":256067,"properties":{"OBJECTID":256067,"PRIMENAME":"Meadow Point Road","ELEVTYP_F":0,"ELEVTYP_T":0},"geometry":{"type":"LineString","coordinates":[[-74.0817079931939,40.0916821559784],[-74.0817459875112,40.0918344109933],[-74.0818500662307,40.092320926961]]}},{"type":"Feature","id":256082,"properties":{"OBJECTID":256082,"PRIMENAME":"McLean Avenue","ELEVTYP_F":0,"ELEVTYP_T":0},"geometry":{"type":"LineString","coordinates":[[-74.0499642359474,40.093579004727],[-74.0508341532758,40.0936320714429],[-74.0510519752701,40.0936448022932]]}},{"type":"Feature","id":256119,"properties":{"OBJECTID":256119,"PRIMENAME":"Little Hill Road","ELEVTYP_F":0,"ELEVTYP_T":0},"geometry":{"type":"LineString","coordinates":[[-74.0823847782777,40.0689976638594],[-74.0829438566514,40.0692260027405]]}},{"type":"Feature","id":256245,"properties":{"OBJECTID":256245,"PRIMENAME":"River Avenue","ELEVTYP_F":0,"ELEVTYP_T":0},"geometry":{"type":"LineString","coordinates":[[-74.0737570816948,40.0844828483704],[-74.0738016491093,40.0842768933326],[-74.0739406438165,40.0836120223644]]}},{"type":"Feature","id":256595,"properties":{"OBJECTID":256595,"PRIMENAME":"Teaberry Lane","ELEVTYP_F":0,"ELEVTYP_T":0},"geometry":{"type":"LineString","coordinates":[[-74.0728112419336,40.0987861251908],[-74.0732854070525,40.0984775977015],[-74.073509750893,40.0983306710787],[-74.0736219968142,40.0982452935405],[-74.0737156778413,40.098150293946],[-74.074034265485,40.0978178555909],[-74.0740811139212,40.0977689969696]]}},{"type":"Feature","id":256766,"properties":{"OBJECTID":256766,"PRIMENAME":"Salem Road","ELEVTYP_F":0,"ELEVTYP_T":0},"geometry":{"type":"LineString","coordinates":[[-74.0678008024737,40.0685994991727],[-74.0677988954738,40.0686185444599],[-74.0677682734136,40.0687256903805],[-74.0677128803114,40.068817369],[-74.0676376327331,40.0688898949747],[-74.0675424720306,40.0689584744807],[-74.0674274561097,40.0690193211635],[-74.0672875596754,40.0690647548836],[-74.0671229039306,40.0690871182958],[-74.0669684817588,40.0690788816872],[-74.0668190655804,40.0690476850622],[-74.0666998474792,40.0689821207901],[-74.0666055109305,40.0689204918428],[-74.0665262178192,40.0688474163312],[-74.0664569425416,40.0687667466657],[-74.06640270222,40.0686707871892],[-74.0663483503404,40.068597804898]]}},{"type":"Feature","id":257011,"properties":{"OBJECTID":257011,"PRIMENAME":"New Jersey Avenue","ELEVTYP_F":0,"ELEVTYP_T":0},"geometry":{"type":"LineString","coordinates":[[-74.0491088036009,40.087127624946],[-74.0488340879464,40.0871492320323],[-74.0476374741135,40.0872457301019]]}},{"type":"Feature","id":257135,"properties":{"OBJECTID":257135,"PRIMENAME":"Garrison Drive","ELEVTYP_F":0,"ELEVTYP_T":0},"geometry":{"type":"LineString","coordinates":[[-74.081163471274,40.0816197848436],[-74.0820737071704,40.0814291431011],[-74.0821567665659,40.0813177900783]]}},{"type":"Feature","id":257166,"properties":{"OBJECTID":257166,"PRIMENAME":"Bay Avenue","ELEVTYP_F":0,"ELEVTYP_T":0},"geometry":{"type":"LineString","coordinates":[[-74.0518627456189,40.0886276170714],[-74.0518057527067,40.0892081399489],[-74.0517766361212,40.0894729224476]]}},{"type":"Feature","id":257203,"properties":{"OBJECTID":257203,"PRIMENAME":"Bridge Avenue","ELEVTYP_F":0,"ELEVTYP_T":0},"geometry":{"type":"LineString","coordinates":[[-74.0872872444663,40.0784845363368],[-74.0872962743963,40.078741008655],[-74.0873127198143,40.0787992961965],[-74.087358903643,40.0789282707363],[-74.0874286299382,40.0791229977845],[-74.0875351789013,40.0794406258578]]}},{"type":"Feature","id":257302,"properties":{"OBJECTID":257302,"PRIMENAME":"Jarob Court","ELEVTYP_F":0,"ELEVTYP_T":0},"geometry":{"type":"LineString","coordinates":[[-74.0802185521103,40.0853445056489],[-74.0799901571886,40.085729477747],[-74.0797111727103,40.0861803721561],[-74.079504559812,40.0865213045419],[-74.0793957042801,40.0867220582899],[-74.0791867851454,40.0871791448937]]}},{"type":"Feature","id":257553,"properties":{"OBJECTID":257553,"PRIMENAME":"Powhatan Avenue","ELEVTYP_F":0,"ELEVTYP_T":0},"geometry":{"type":"LineString","coordinates":[[-74.0844800039596,40.0778722882598],[-74.0857760712651,40.0776052796033],[-74.0862494909728,40.0775040220957]]}},{"type":"Feature","id":257645,"properties":{"OBJECTID":257645,"PRIMENAME":"Unnamed Segment","ELEVTYP_F":0,"ELEVTYP_T":0},"geometry":{"type":"LineString","coordinates":[[-74.0729821887177,40.0802310933655],[-74.0729741047219,40.0801979639878],[-74.0731988237286,40.0795979152693]]}},{"type":"Feature","id":257691,"properties":{"OBJECTID":257691,"PRIMENAME":"Bay Avenue","ELEVTYP_F":0,"ELEVTYP_T":0},"geometry":{"type":"LineString","coordinates":[[-74.0544866844221,40.0701371788019],[-74.0545159840783,40.0702087795941],[-74.054666138549,40.0705925483403],[-74.0547061943203,40.0707299690395],[-74.054727839217,40.0708301464026],[-74.0547386147789,40.070893110328],[-74.054738186642,40.0709588593719],[-74.0547367004655,40.071011371347]]}},{"type":"Feature","id":257744,"properties":{"OBJECTID":257744,"PRIMENAME":"Trenton Avenue","ELEVTYP_F":0,"ELEVTYP_T":0},"geometry":{"type":"LineString","coordinates":[[-74.0616974014202,40.0895025952913],[-74.062422428553,40.0895411073324]]}},{"type":"Feature","id":258000,"properties":{"OBJECTID":258000,"PRIMENAME":"Treeneedle Road","ELEVTYP_F":0,"ELEVTYP_T":0},"geometry":{"type":"LineString","coordinates":[[-74.0840474592946,40.0755712748098],[-74.084029065128,40.0755937549422],[-74.0839766489279,40.0756393309948],[-74.083904545766,40.0756841779065]]}},{"type":"Feature","id":258002,"properties":{"OBJECTID":258002,"PRIMENAME":"River Avenue","ELEVTYP_F":0,"ELEVTYP_T":0},"geometry":{"type":"LineString","coordinates":[[-74.0765185124992,40.0762262441741],[-74.0767811603539,40.0756169189216]]}},{"type":"Feature","id":258350,"properties":{"OBJECTID":258350,"PRIMENAME":"North Stream Parkway","ELEVTYP_F":0,"ELEVTYP_T":0},"geometry":{"type":"LineString","coordinates":[[-74.0825353982117,40.0769447904346],[-74.0826211958267,40.0766594886042],[-74.0827196100774,40.0763322318741]]}},{"type":"Feature","id":258363,"properties":{"OBJECTID":258363,"PRIMENAME":"Highland Drive","ELEVTYP_F":0,"ELEVTYP_T":0},"geometry":{"type":"LineString","coordinates":[[-74.083839056951,40.0808124483392],[-74.0840166390331,40.0807780005435],[-74.0840658747963,40.0807624467229],[-74.0840946708472,40.0807405326595],[-74.0841235817896,40.0806997314595],[-74.084132108584,40.0806494133054],[-74.0841283242916,40.0805959201444],[-74.0839752499341,40.0801737720973]]}},{"type":"Feature","id":258488,"properties":{"OBJECTID":258488,"PRIMENAME":"Lockhart Lane","ELEVTYP_F":0,"ELEVTYP_T":0},"geometry":{"type":"LineString","coordinates":[[-74.0662208099705,40.0846964883628],[-74.066095621534,40.0847169660164],[-74.0660396509525,40.0847339145454],[-74.065991077149,40.0847623115409],[-74.0659574066216,40.0847907913785],[-74.0659310976917,40.0848307195715],[-74.0652979069319,40.086010779518]]}},{"type":"Feature","id":258579,"properties":{"OBJECTID":258579,"PRIMENAME":"Catherine Street","ELEVTYP_F":0,"ELEVTYP_T":0},"geometry":{"type":"LineString","coordinates":[[-74.0611283947439,40.0819393477078],[-74.060502608003,40.0817924347335]]}},{"type":"Feature","id":258987,"properties":{"OBJECTID":258987,"PRIMENAME":"Jacob Court","ELEVTYP_F":0,"ELEVTYP_T":0},"geometry":{"type":"LineString","coordinates":[[-74.0791867851454,40.0871791448937],[-74.079126622038,40.0873107750713]]}},{"type":"Feature","id":259146,"properties":{"OBJECTID":259146,"PRIMENAME":"Woodland Road","ELEVTYP_F":0,"ELEVTYP_T":0},"geometry":{"type":"LineString","coordinates":[[-74.0539842256734,40.0924254069214],[-74.0539416127703,40.0922619790743],[-74.0538598006165,40.0919594875525]]}},{"type":"Feature","id":259530,"properties":{"OBJECTID":259530,"PRIMENAME":"Cedar Street","ELEVTYP_F":0,"ELEVTYP_T":0},"geometry":{"type":"LineString","coordinates":[[-74.0731988237286,40.0795979152693],[-74.0750280486683,40.0800195130784]]}},{"type":"Feature","id":259747,"properties":{"OBJECTID":259747,"PRIMENAME":"Garrison Drive","ELEVTYP_F":0,"ELEVTYP_T":0},"geometry":{"type":"LineString","coordinates":[[-74.0829734265898,40.0809989547605],[-74.0838345479775,40.080813310317],[-74.083839056951,40.0808124483392]]}},{"type":"Feature","id":259752,"properties":{"OBJECTID":259752,"PRIMENAME":"Beaver Dam Road","ELEVTYP_F":0,"ELEVTYP_T":0},"geometry":{"type":"LineString","coordinates":[[-74.0710006156208,40.0742516852974],[-74.0707012098604,40.0745666171472],[-74.0704728282144,40.0748174416545],[-74.070447224918,40.0748455600644]]}},{"type":"Feature","id":259857,"properties":{"OBJECTID":259857,"PRIMENAME":"Maple Street","ELEVTYP_F":0,"ELEVTYP_T":0},"geometry":{"type":"LineString","coordinates":[[-74.0757685557237,40.0781302628106],[-74.075636303168,40.0780994700767],[-74.073929379935,40.0777015299541]]}},{"type":"Feature","id":259975,"properties":{"OBJECTID":259975,"PRIMENAME":"Hemlock Lane","ELEVTYP_F":0,"ELEVTYP_T":0},"geometry":{"type":"LineString","coordinates":[[-74.0762316932824,40.0746286537618],[-74.0735071930489,40.0738894985341]]}},{"type":"Feature","id":260196,"properties":{"OBJECTID":260196,"PRIMENAME":"Herbertsville Road","ELEVTYP_F":0,"ELEVTYP_T":0},"geometry":{"type":"LineString","coordinates":[[-74.0702132679076,40.0833896096166],[-74.0713258719715,40.0834572310133]]}},{"type":"Feature","id":260555,"properties":{"OBJECTID":260555,"PRIMENAME":"Sunset Drive","ELEVTYP_F":0,"ELEVTYP_T":0},"geometry":{"type":"LineString","coordinates":[[-74.0797533534943,40.0965478462698],[-74.0797264847183,40.0966328253467],[-74.0796948407154,40.0967327772874],[-74.0796817042829,40.0968518766123],[-74.079656156065,40.0969661806493],[-74.0795871171021,40.0970898534439],[-74.0795118645076,40.0972182529807],[-74.0794181635508,40.0973180065629],[-74.0794121426346,40.0973263305019]]}},{"type":"Feature","id":261066,"properties":{"OBJECTID":261066,"PRIMENAME":"Lincoln Avenue","ELEVTYP_F":0,"ELEVTYP_T":0},"geometry":{"type":"LineString","coordinates":[[-74.0551034031062,40.0948248577019],[-74.0554287121858,40.0940477018367]]}},{"type":"Feature","id":261075,"properties":{"OBJECTID":261075,"PRIMENAME":"Hardenbergh Avenue","ELEVTYP_F":0,"ELEVTYP_T":0},"geometry":{"type":"LineString","coordinates":[[-74.081163471274,40.0816197848436],[-74.0815484290573,40.0826867717362],[-74.0816032225529,40.0828614068821],[-74.0816102713562,40.0829243547586],[-74.0816024172684,40.0829929592029],[-74.0815646157105,40.083084324072],[-74.0814820007042,40.0831984235495],[-74.0807993467797,40.0840281153385],[-74.0798467600726,40.0851599901917]]}},{"type":"Feature","id":261234,"properties":{"OBJECTID":261234,"PRIMENAME":"River Avenue","ELEVTYP_F":0,"ELEVTYP_T":0},"geometry":{"type":"LineString","coordinates":[[-74.0752715003461,40.0793982609355],[-74.0755217762839,40.0787594372633]]}},{"type":"Feature","id":261769,"properties":{"OBJECTID":261769,"PRIMENAME":"Estelle Avenue","ELEVTYP_F":0,"ELEVTYP_T":0},"geometry":{"type":"LineString","coordinates":[[-74.0644369332469,40.0858408506968],[-74.0648367322519,40.084798034709]]}},{"type":"Feature","id":262160,"properties":{"OBJECTID":262160,"PRIMENAME":"Cedar Lane","ELEVTYP_F":0,"ELEVTYP_T":0},"geometry":{"type":"LineString","coordinates":[[-74.0827912546721,40.0978258713727],[-74.0827909054372,40.0978830549721],[-74.0827658871566,40.097911570796],[-74.0826350277605,40.097996890152],[-74.0821493345526,40.0982572887202],[-74.0819999744701,40.0983282385432],[-74.0818821299291,40.0983837893431]]}},{"type":"Feature","id":262369,"properties":{"OBJECTID":262369,"PRIMENAME":"Roe Avenue","ELEVTYP_F":0,"ELEVTYP_T":0},"geometry":{"type":"LineString","coordinates":[[-74.0622504648366,40.0721574628915],[-74.0622524997037,40.0724926468574],[-74.0622419545244,40.0729787486278]]}},{"type":"Feature","id":262459,"properties":{"OBJECTID":262459,"PRIMENAME":"Little Hill Road","ELEVTYP_F":0,"ELEVTYP_T":0},"geometry":{"type":"LineString","coordinates":[[-74.0805802792182,40.0682614107579],[-74.0808030004902,40.0683429560911]]}},{"type":"Feature","id":262481,"properties":{"OBJECTID":262481,"PRIMENAME":"Partridge Run","ELEVTYP_F":0,"ELEVTYP_T":0},"geometry":{"type":"LineString","coordinates":[[-74.0561230105464,40.0725289245244],[-74.056232453612,40.072547380206],[-74.0575824720365,40.0728517020417],[-74.0589024622153,40.0731430724371]]}},{"type":"Feature","id":262642,"properties":{"OBJECTID":262642,"PRIMENAME":"Curtis Avenue","ELEVTYP_F":0,"ELEVTYP_T":0},"geometry":{"type":"LineString","coordinates":[[-74.0773248783369,40.0824447571816],[-74.0770699354974,40.0831106088152]]}},{"type":"Feature","id":262741,"properties":{"OBJECTID":262741,"PRIMENAME":"Sleepy Hollow Road","ELEVTYP_F":0,"ELEVTYP_T":0},"geometry":{"type":"LineString","coordinates":[[-74.0820104823367,40.0751227226859],[-74.0819278945584,40.0753450970099],[-74.0816361454178,40.0761273937155]]}},{"type":"Feature","id":262903,"properties":{"OBJECTID":262903,"PRIMENAME":"Bridge Avenue","ELEVTYP_F":0,"ELEVTYP_T":0},"geometry":{"type":"LineString","coordinates":[[-74.0872872444663,40.0784845363368],[-74.0871409551842,40.0781791473027],[-74.086988804645,40.0778978406443],[-74.0868892726101,40.0777512463774],[-74.0868399245529,40.0776785627229],[-74.0867254429083,40.0775214795516],[-74.0865546588831,40.0773119199577],[-74.08653455582,40.0772872538583],[-74.0863052189051,40.077046988294],[-74.0861329716432,40.0768808299902],[-74.0860724724994,40.0768329274897]]}},{"type":"Feature","id":263067,"properties":{"OBJECTID":263067,"PRIMENAME":"FR RT 88 EB to RT 35 NB","ELEVTYP_F":0,"ELEVTYP_T":0},"geometry":{"type":"LineString","coordinates":[[-74.0483337517817,40.0807431750187],[-74.0482800924673,40.080744593834],[-74.0482264401567,40.0807461611852]]}},{"type":"Feature","id":263090,"properties":{"OBJECTID":263090,"PRIMENAME":"Smith Circle","ELEVTYP_F":0,"ELEVTYP_T":0},"geometry":{"type":"LineString","coordinates":[[-74.0901171084788,40.0843497224354],[-74.0901992934914,40.0845856119735],[-74.0902716188381,40.0847310946435],[-74.0907300864382,40.0855759674435],[-74.0909049406497,40.0859092073332],[-74.0909651942098,40.0860358971872],[-74.0910071960529,40.0861484663569],[-74.0910371302386,40.0862469637162],[-74.0910427008654,40.0863313197465],[-74.091036065052,40.0864249665605],[-74.0910109806897,40.0865373267808],[-74.0909614931632,40.0866542664145],[-74.0908937055924,40.086771142297],[-74.0908138894893,40.0868551967416],[-74.0907096432041,40.0869484986918],[-74.0906178992603,40.0869950375374],[-74.0905077921127,40.0870461778857],[-74.0903365983533,40.0871158527314],[-74.089658265816,40.0873383205408],[-74.0895412129119,40.0873734570754],[-74.0893955704587,40.0874076419022],[-74.0892557807161,40.0874433640645]]}},{"type":"Feature","id":263516,"properties":{"OBJECTID":263516,"PRIMENAME":"Middle Avenue","ELEVTYP_F":0,"ELEVTYP_T":0},"geometry":{"type":"LineString","coordinates":[[-74.0680146546197,40.06649078941],[-74.0664019816807,40.0665076056967]]}},{"type":"Feature","id":263527,"properties":{"OBJECTID":263527,"PRIMENAME":"Western Avenue","ELEVTYP_F":0,"ELEVTYP_T":0},"geometry":{"type":"LineString","coordinates":[[-74.0512268293576,40.0744161646507],[-74.0512570237539,40.0743008216802],[-74.0513719076174,40.0738619793446]]}},{"type":"Feature","id":263721,"properties":{"OBJECTID":263721,"PRIMENAME":"Delaware Avenue","ELEVTYP_F":0,"ELEVTYP_T":0},"geometry":{"type":"LineString","coordinates":[[-74.0490634587594,40.0787669739665],[-74.0482188949734,40.0784809702029]]}},{"type":"Feature","id":264551,"properties":{"OBJECTID":264551,"PRIMENAME":"Beaver Dam Road","ELEVTYP_F":0,"ELEVTYP_T":0},"geometry":{"type":"LineString","coordinates":[[-74.0700678363083,40.0754007401897],[-74.070060974805,40.0754136594993],[-74.0700291768104,40.0754735123924],[-74.0700268080417,40.0754789861249]]}},{"type":"Feature","id":264805,"properties":{"OBJECTID":264805,"PRIMENAME":"Manorside Drive","ELEVTYP_F":0,"ELEVTYP_T":0},"geometry":{"type":"LineString","coordinates":[[-74.088441598682,40.0652357037009],[-74.0882078449667,40.0649452407857]]}},{"type":"Feature","id":264812,"properties":{"OBJECTID":264812,"PRIMENAME":"Cherry Blossom Lane","ELEVTYP_F":0,"ELEVTYP_T":0},"geometry":{"type":"LineString","coordinates":[[-74.0808030004902,40.0683429560911],[-74.0817919031312,40.0669224477377]]}},{"type":"Feature","id":265232,"properties":{"OBJECTID":265232,"PRIMENAME":"Deborah Avenue","ELEVTYP_F":0,"ELEVTYP_T":0},"geometry":{"type":"LineString","coordinates":[[-74.075989291809,40.0688380184741],[-74.0758132674736,40.0690577408712],[-74.0754159079157,40.0695081108406]]}},{"type":"Feature","id":265414,"properties":{"OBJECTID":265414,"PRIMENAME":"Waters Edge Court","ELEVTYP_F":0,"ELEVTYP_T":0},"geometry":{"type":"LineString","coordinates":[[-74.0927635973555,40.075456884779],[-74.0926214824714,40.0754795284611],[-74.0925097578718,40.0754877281512],[-74.0917948922289,40.0755109352548]]}},{"type":"Feature","id":265817,"properties":{"OBJECTID":265817,"PRIMENAME":"Middle Avenue","ELEVTYP_F":0,"ELEVTYP_T":0},"geometry":{"type":"LineString","coordinates":[[-74.0716971137746,40.0661088601252],[-74.070695971235,40.0661121827681],[-74.0704269943857,40.0661163197057]]}},{"type":"Feature","id":265943,"properties":{"OBJECTID":265943,"PRIMENAME":"Little Hill Road","ELEVTYP_F":0,"ELEVTYP_T":0},"geometry":{"type":"LineString","coordinates":[[-74.0856253697358,40.0699159713749],[-74.0857018496985,40.0699319755433],[-74.0858306219811,40.069969168128],[-74.0859592396514,40.0700319190433],[-74.0860730467978,40.0700974450823],[-74.0862088547315,40.0701885257546],[-74.0863151813892,40.0702738455328],[-74.086403143003,40.0703590176861],[-74.0864726462499,40.0704414335101],[-74.0865383159823,40.0705492577288],[-74.0865928935402,40.0706655241727],[-74.0866253676263,40.0707732298766],[-74.0866395427431,40.0708696133928],[-74.0866351965921,40.0709856155112],[-74.0866087475189,40.0710931100551],[-74.0865675225504,40.0712033800435],[-74.0865154628956,40.0712852520633],[-74.086433750488,40.0713897490451],[-74.0863077478606,40.0715025444429],[-74.086181883342,40.0715984557673],[-74.0861039893446,40.0716801524478],[-74.0860445649226,40.0717564244356],[-74.085970197622,40.0718694039495],[-74.0859177392108,40.0720051096963],[-74.0856584344531,40.072845047796],[-74.0856092943789,40.0730402291095]]}},{"type":"Feature","id":265968,"properties":{"OBJECTID":265968,"PRIMENAME":"Riverview Drive","ELEVTYP_F":0,"ELEVTYP_T":0},"geometry":{"type":"LineString","coordinates":[[-74.0758667030404,40.0975305574363],[-74.0751244057447,40.097035190749],[-74.0746599516396,40.0967229640418]]}},{"type":"Feature","id":266175,"properties":{"OBJECTID":266175,"PRIMENAME":"FR RT 88 WB to CO 549","ELEVTYP_F":0,"ELEVTYP_T":0},"geometry":{"type":"LineString","coordinates":[[-74.0684675376452,40.0828386679187],[-74.0685926114184,40.08282517864],[-74.0687181300715,40.0828143999997],[-74.068843994065,40.0828063405457],[-74.0689701035855,40.0828010066693],[-74.0690311430135,40.0828008451764],[-74.0690921275391,40.0828028399203],[-74.0691529281375,40.0828069866805],[-74.0692134161732,40.0828132766838],[-74.0692561040669,40.0828251685457],[-74.0692968960929,40.0828404916897],[-74.0693278513813,40.0828551043343],[-74.069357068284,40.0828716949341],[-74.0693843331678,40.0828901421794],[-74.0694094466715,40.0829103111852],[-74.0694256959809,40.0829297694065],[-74.0694393108005,40.0829503859974],[-74.0694501526157,40.082971951212],[-74.0694581111228,40.0829942456533],[-74.0694631053518,40.0830170425052],[-74.0694650844902,40.08304010984],[-74.0694640283996,40.0830632129778],[-74.0694599478214,40.0830861168745],[-74.0694537735411,40.0831043540371],[-74.0694453584648,40.0831220544664],[-74.0694347796277,40.0831390561216],[-74.0694221338737,40.0831552033589],[-74.0694075369687,40.083170348356],[-74.0693911225409,40.0831843524658],[-74.0693730408578,40.0831970874855],[-74.06935345745,40.0832084368305],[-74.0693131910266,40.0832242097977],[-74.069270812028,40.0832362834179],[-74.0692179766308,40.0832456612525],[-74.0691639559446,40.0832492964648],[-74.069027785465,40.0832437541464],[-74.0688921453867,40.0832329941728]]}},{"type":"Feature","id":266305,"properties":{"OBJECTID":266305,"PRIMENAME":"Nicholas Road","ELEVTYP_F":0,"ELEVTYP_T":0},"geometry":{"type":"LineString","coordinates":[[-74.0882096304661,40.0628149557204],[-74.0878719422535,40.0627486166156],[-74.0877576128602,40.0627261563124]]}},{"type":"Feature","id":266566,"properties":{"OBJECTID":266566,"PRIMENAME":"Rue Avenue","ELEVTYP_F":0,"ELEVTYP_T":0},"geometry":{"type":"LineString","coordinates":[[-74.0596136452734,40.085360989029],[-74.0594958797544,40.0857266014917]]}},{"type":"Feature","id":266598,"properties":{"OBJECTID":266598,"PRIMENAME":"Osborn Avenue","ELEVTYP_F":0,"ELEVTYP_T":0},"geometry":{"type":"LineString","coordinates":[[-74.0700852841234,40.0840140785487],[-74.0702132679076,40.0833896096166]]}},{"type":"Feature","id":266673,"properties":{"OBJECTID":266673,"PRIMENAME":"Bennett Avenue","ELEVTYP_F":0,"ELEVTYP_T":0},"geometry":{"type":"LineString","coordinates":[[-74.0743029261866,40.0688194253205],[-74.0741732118306,40.0688315223161],[-74.07367789579,40.0688697266528],[-74.0732179191091,40.0689021306866]]}},{"type":"Feature","id":266805,"properties":{"OBJECTID":266805,"PRIMENAME":"Holly Avenue","ELEVTYP_F":0,"ELEVTYP_T":0},"geometry":{"type":"LineString","coordinates":[[-74.0502483285335,40.0717411459108],[-74.0501336228934,40.0722133073546]]}},{"type":"Feature","id":267041,"properties":{"OBJECTID":267041,"PRIMENAME":"Canal Drive","ELEVTYP_F":0,"ELEVTYP_T":0},"geometry":{"type":"LineString","coordinates":[[-74.0622504648366,40.0721574628915],[-74.06205752122,40.0721316133063],[-74.0616855949784,40.0720872706255],[-74.0614474500392,40.0720720654354],[-74.0613730168481,40.0720717836414]]}},{"type":"Feature","id":267230,"properties":{"OBJECTID":267230,"PRIMENAME":"Dock Place","ELEVTYP_F":0,"ELEVTYP_T":0},"geometry":{"type":"LineString","coordinates":[[-74.0798345730409,40.0678899009578],[-74.0798388669104,40.0679529219722],[-74.0798388975788,40.0680061270585],[-74.0798287730448,40.0680313746591],[-74.0790426845642,40.0689214378725]]}},{"type":"Feature","id":267365,"properties":{"OBJECTID":267365,"PRIMENAME":"Maxson Avenue","ELEVTYP_F":0,"ELEVTYP_T":0},"geometry":{"type":"LineString","coordinates":[[-74.0726321546276,40.0835364277777],[-74.0724674345129,40.0843237261504]]}},{"type":"Feature","id":267399,"properties":{"OBJECTID":267399,"PRIMENAME":"Lawrence Avenue","ELEVTYP_F":0,"ELEVTYP_T":0},"geometry":{"type":"LineString","coordinates":[[-74.0647794162394,40.0870073318949],[-74.0645654737324,40.0870504528425],[-74.0644462198946,40.0870700178885],[-74.0643791685219,40.0870754482227],[-74.0643158885908,40.0870723829644],[-74.064248928053,40.087063565517],[-74.0642006252974,40.0870490808165],[-74.0632415348583,40.0868167018611],[-74.061906913513,40.0865056691109]]}},{"type":"Feature","id":267573,"properties":{"OBJECTID":267573,"PRIMENAME":"Delaware Avenue","ELEVTYP_F":0,"ELEVTYP_T":0},"geometry":{"type":"LineString","coordinates":[[-74.0498956206583,40.0790487495726],[-74.0490634587594,40.0787669739665]]}},{"type":"Feature","id":267768,"properties":{"OBJECTID":267768,"PRIMENAME":"River Avenue","ELEVTYP_F":0,"ELEVTYP_T":0},"geometry":{"type":"LineString","coordinates":[[-74.0789972552039,40.0705834559839],[-74.0791471829079,40.0703470801254],[-74.0791927186993,40.0702815218227]]}},{"type":"Feature","id":267847,"properties":{"OBJECTID":267847,"PRIMENAME":"Beaver Dam Road","ELEVTYP_F":0,"ELEVTYP_T":0},"geometry":{"type":"LineString","coordinates":[[-74.0723291538593,40.0612937241179],[-74.0723395066611,40.0614094225374],[-74.0723418279132,40.0616324894205],[-74.0723521493578,40.0623646241393],[-74.0723586490232,40.0631024541702],[-74.0723734354667,40.0642452558215],[-74.0723837740387,40.0650442885419],[-74.0723859830722,40.0651310219773]]}},{"type":"Feature","id":268234,"properties":{"OBJECTID":268234,"PRIMENAME":"Pinetree Place","ELEVTYP_F":0,"ELEVTYP_T":0},"geometry":{"type":"LineString","coordinates":[[-74.0863056661865,40.0880921745726],[-74.0861400070908,40.0883975750414],[-74.0854144528269,40.0895474369456]]}},{"type":"Feature","id":268353,"properties":{"OBJECTID":268353,"PRIMENAME":"Carroll Fox Road","ELEVTYP_F":0,"ELEVTYP_T":0},"geometry":{"type":"LineString","coordinates":[[-74.0855858811133,40.0607410861386],[-74.0853563062955,40.0608088149526],[-74.0849498027362,40.0609474816611],[-74.0846476529162,40.0610579410954],[-74.0843056931913,40.0611930476776]]}},{"type":"Feature","id":268608,"properties":{"OBJECTID":268608,"PRIMENAME":"Acacia Avenue","ELEVTYP_F":0,"ELEVTYP_T":0},"geometry":{"type":"LineString","coordinates":[[-74.0854056300519,40.0805023535815],[-74.0857208916617,40.0813913454227],[-74.0858061631861,40.0816395796999]]}},{"type":"Feature","id":268917,"properties":{"OBJECTID":268917,"PRIMENAME":"Fleming Avenue","ELEVTYP_F":0,"ELEVTYP_T":0},"geometry":{"type":"LineString","coordinates":[[-74.0584005094118,40.0812951418036],[-74.0585260910343,40.0809751602401],[-74.0588848891898,40.0801758272154]]}},{"type":"Feature","id":268936,"properties":{"OBJECTID":268936,"PRIMENAME":"Mount Place","ELEVTYP_F":0,"ELEVTYP_T":0},"geometry":{"type":"LineString","coordinates":[[-74.0562134962242,40.070309238899],[-74.0562238557704,40.0703096911008],[-74.0563020569733,40.0703071354299],[-74.0563727533842,40.0703102613715],[-74.0564992265259,40.070325048636],[-74.0572244365838,40.070419324184],[-74.0583885437781,40.0705667707751]]}},{"type":"Feature","id":269108,"properties":{"OBJECTID":269108,"PRIMENAME":"Osborn Avenue","ELEVTYP_F":0,"ELEVTYP_T":0},"geometry":{"type":"LineString","coordinates":[[-74.0698220431185,40.085299089421],[-74.0700852841234,40.0840140785487]]}},{"type":"Feature","id":269317,"properties":{"OBJECTID":269317,"PRIMENAME":"Claridge Court","ELEVTYP_F":0,"ELEVTYP_T":0},"geometry":{"type":"LineString","coordinates":[[-74.0783586964851,40.0844311929797],[-74.0782897415366,40.0845604381755],[-74.077954662349,40.0853776241546]]}},{"type":"Feature","id":269329,"properties":{"OBJECTID":269329,"PRIMENAME":"Yew Place","ELEVTYP_F":0,"ELEVTYP_T":0},"geometry":{"type":"LineString","coordinates":[[-74.0912933862325,40.0610034988004],[-74.0916115323293,40.0601446462481]]}},{"type":"Feature","id":269770,"properties":{"OBJECTID":269770,"PRIMENAME":"Curtis Avenue","ELEVTYP_F":0,"ELEVTYP_T":0},"geometry":{"type":"LineString","coordinates":[[-74.051950380637,40.097745458758],[-74.0517714971632,40.098305652531],[-74.051589103305,40.0988768352081]]}},{"type":"Feature","id":270477,"properties":{"OBJECTID":270477,"PRIMENAME":"Briarcliff Avenue","ELEVTYP_F":0,"ELEVTYP_T":0},"geometry":{"type":"LineString","coordinates":[[-74.0549863974649,40.0856348440519],[-74.05499983826,40.0856378742744],[-74.0556587294334,40.0857870857503]]}},{"type":"Feature","id":270508,"properties":{"OBJECTID":270508,"PRIMENAME":"Sudbury Road","ELEVTYP_F":0,"ELEVTYP_T":0},"geometry":{"type":"LineString","coordinates":[[-74.0886417781811,40.094369419593],[-74.0888697551398,40.0942348568524],[-74.088925846364,40.0941921749034],[-74.0889857596796,40.094132319494],[-74.0890270867607,40.0940781364172],[-74.0890609414018,40.0940182164316],[-74.0890725421371,40.0939496248941],[-74.0890618358371,40.0938695064306],[-74.089036240235,40.0937864520274],[-74.0889948726991,40.0937048791369],[-74.0889545857927,40.0936516971609],[-74.088903349614,40.0936001497971],[-74.0888666247947,40.0935728410875],[-74.0888217323252,40.0935483585662],[-74.0887765667919,40.0935335926192],[-74.0887288073102,40.0935223049226],[-74.0886790101272,40.0935169671445],[-74.0886357618733,40.0935162641433],[-74.0884971857674,40.0935204663397]]}},{"type":"Feature","id":270712,"properties":{"OBJECTID":270712,"PRIMENAME":"Moore Avenue","ELEVTYP_F":0,"ELEVTYP_T":0},"geometry":{"type":"LineString","coordinates":[[-74.0801652716642,40.0770743700108],[-74.0804813809453,40.0771476616687],[-74.0807691871376,40.0772188739199],[-74.0810394286857,40.0772857400355]]}},{"type":"Feature","id":270829,"properties":{"OBJECTID":270829,"PRIMENAME":"Ocean Road","ELEVTYP_F":0,"ELEVTYP_T":0},"geometry":{"type":"LineString","coordinates":[[-74.0625858779345,40.0840024755403],[-74.0624668099008,40.0839721463067],[-74.0622770455943,40.0839238079947],[-74.0616863415573,40.0837817284022]]}},{"type":"Feature","id":270886,"properties":{"OBJECTID":270886,"PRIMENAME":"Beaver Dam Road","ELEVTYP_F":0,"ELEVTYP_T":0},"geometry":{"type":"LineString","coordinates":[[-74.0681111394225,40.0808022086541],[-74.0680967670533,40.0808425655675],[-74.0679791995431,40.0811852921436],[-74.0679670458013,40.0812307912624]]}},{"type":"Feature","id":270934,"properties":{"OBJECTID":270934,"PRIMENAME":"River Road","ELEVTYP_F":0,"ELEVTYP_T":0},"geometry":{"type":"LineString","coordinates":[[-74.0695604726877,40.086549981976],[-74.0678451603184,40.0863317121215]]}},{"type":"Feature","id":271007,"properties":{"OBJECTID":271007,"PRIMENAME":"Dallas Street","ELEVTYP_F":0,"ELEVTYP_T":0},"geometry":{"type":"LineString","coordinates":[[-74.0498467622087,40.0808621984969],[-74.0507180876102,40.0793277371867]]}},{"type":"Feature","id":271411,"properties":{"OBJECTID":271411,"PRIMENAME":"Riviera Parkway","ELEVTYP_F":0,"ELEVTYP_T":0},"geometry":{"type":"LineString","coordinates":[[-74.0604193940591,40.0678934944912],[-74.0606757729235,40.0680659394965],[-74.0614936898815,40.0686563732919],[-74.0615996093001,40.0687164578003],[-74.0617300217373,40.0687797638858],[-74.0618768025666,40.0688368448768],[-74.0620318842033,40.068881411284],[-74.0621911391684,40.0689102905409],[-74.0632546159602,40.0690395182924]]}},{"type":"Feature","id":271429,"properties":{"OBJECTID":271429,"PRIMENAME":"Nowata Avenue","ELEVTYP_F":0,"ELEVTYP_T":0},"geometry":{"type":"LineString","coordinates":[[-74.0859616155903,40.0747234242212],[-74.0870722693361,40.074492842116],[-74.0884667191987,40.0742013089629]]}},{"type":"Feature","id":271891,"properties":{"OBJECTID":271891,"PRIMENAME":"Bay Boulevard","ELEVTYP_F":0,"ELEVTYP_T":0},"geometry":{"type":"LineString","coordinates":[[-74.0557857038358,40.0628753401656],[-74.0557825287914,40.0628748974593],[-74.0557260532693,40.0628894775332],[-74.0555669042831,40.0630234841998],[-74.055294648815,40.063252731132]]}},{"type":"Feature","id":272317,"properties":{"OBJECTID":272317,"PRIMENAME":"Evergreen Lane","ELEVTYP_F":0,"ELEVTYP_T":0},"geometry":{"type":"LineString","coordinates":[[-74.0691520840339,40.0647630542014],[-74.0678835405548,40.0647740054107]]}},{"type":"Feature","id":272732,"properties":{"OBJECTID":272732,"PRIMENAME":"Borden Avenue","ELEVTYP_F":0,"ELEVTYP_T":0},"geometry":{"type":"LineString","coordinates":[[-74.0571671102431,40.0842849976256],[-74.0569117672867,40.0851962621836]]}},{"type":"Feature","id":272824,"properties":{"OBJECTID":272824,"PRIMENAME":"Harrow Lane","ELEVTYP_F":0,"ELEVTYP_T":0},"geometry":{"type":"LineString","coordinates":[[-74.0845006642113,40.0918932736646],[-74.084226980511,40.0920376560852],[-74.084089079323,40.0921075230656],[-74.0839856989221,40.0921555513983],[-74.0838594232856,40.0921946859225],[-74.0837217099044,40.0922338053254],[-74.0835783213379,40.0922596730018],[-74.0834235583543,40.0922811060217],[-74.0832344798422,40.0922848464844],[-74.0829825540769,40.0922663420925],[-74.0826907110595,40.0922168906004]]}},{"type":"Feature","id":272989,"properties":{"OBJECTID":272989,"PRIMENAME":"Lynn Avenue","ELEVTYP_F":0,"ELEVTYP_T":0},"geometry":{"type":"LineString","coordinates":[[-74.0802773555964,40.079278334291],[-74.0804326885984,40.0788672934986],[-74.0806535689074,40.0782827891665]]}},{"type":"Feature","id":273065,"properties":{"OBJECTID":273065,"PRIMENAME":"Johnson Avenue","ELEVTYP_F":0,"ELEVTYP_T":0},"geometry":{"type":"LineString","coordinates":[[-74.0638456569009,40.0842058490121],[-74.0639154791446,40.0837657083529],[-74.0639601352516,40.0834774530648]]}},{"type":"Feature","id":273331,"properties":{"OBJECTID":273331,"PRIMENAME":"Maxson Avenue","ELEVTYP_F":0,"ELEVTYP_T":0},"geometry":{"type":"LineString","coordinates":[[-74.0728658207234,40.0824849002195],[-74.072775291218,40.0828623764433]]}},{"type":"Feature","id":273424,"properties":{"OBJECTID":273424,"PRIMENAME":"Hartford Place","ELEVTYP_F":0,"ELEVTYP_T":0},"geometry":{"type":"LineString","coordinates":[[-74.0793621239852,40.0625154741243],[-74.0793804267226,40.0618981079002],[-74.0793951220543,40.0614023909739]]}},{"type":"Feature","id":273509,"properties":{"OBJECTID":273509,"PRIMENAME":"Patterson Road","ELEVTYP_F":0,"ELEVTYP_T":0},"geometry":{"type":"LineString","coordinates":[[-74.0656359408233,40.0775484541248],[-74.065793049812,40.0771309303164]]}},{"type":"Feature","id":273882,"properties":{"OBJECTID":273882,"PRIMENAME":"Barnegat Boulevard","ELEVTYP_F":0,"ELEVTYP_T":0},"geometry":{"type":"LineString","coordinates":[[-74.063042778465,40.06971829732],[-74.0647216456156,40.0699242023211],[-74.0651984708797,40.0699805975016]]}},{"type":"Feature","id":273913,"properties":{"OBJECTID":273913,"PRIMENAME":"Little Hill Road","ELEVTYP_F":0,"ELEVTYP_T":0},"geometry":{"type":"LineString","coordinates":[[-74.0821593658073,40.0689055962471],[-74.0823847782777,40.0689976638594]]}},{"type":"Feature","id":274595,"properties":{"OBJECTID":274595,"PRIMENAME":"Moore Avenue","ELEVTYP_F":0,"ELEVTYP_T":0},"geometry":{"type":"LineString","coordinates":[[-74.0793105148497,40.0768761860528],[-74.0801652716642,40.0770743700108]]}},{"type":"Feature","id":274596,"properties":{"OBJECTID":274596,"PRIMENAME":"Rispo Drive","ELEVTYP_F":0,"ELEVTYP_T":0},"geometry":{"type":"LineString","coordinates":[[-74.0854056300519,40.0805023535815],[-74.0848736940628,40.0806080382494],[-74.0848490479836,40.0806173936987],[-74.0848325853625,40.0806330653119],[-74.0848201947023,40.0806487785374],[-74.0848200611389,40.0806707684901],[-74.0848240764234,40.0806865134923],[-74.085197530823,40.0817672008663]]}},{"type":"Feature","id":274682,"properties":{"OBJECTID":274682,"PRIMENAME":"Academy Drive","ELEVTYP_F":0,"ELEVTYP_T":0},"geometry":{"type":"LineString","coordinates":[[-74.0835683165952,40.0825984581073],[-74.083533685938,40.0825337908402],[-74.0832004412606,40.0816260607855],[-74.0829734265898,40.0809989547605]]}},{"type":"Feature","id":274734,"properties":{"OBJECTID":274734,"PRIMENAME":"Briarcliff Avenue","ELEVTYP_F":0,"ELEVTYP_T":0},"geometry":{"type":"LineString","coordinates":[[-74.0547904856397,40.0855906743042],[-74.0549863974649,40.0856348440519]]}},{"type":"Feature","id":274759,"properties":{"OBJECTID":274759,"PRIMENAME":"Barton Avenue","ELEVTYP_F":0,"ELEVTYP_T":0},"geometry":{"type":"LineString","coordinates":[[-74.076722372103,40.0790399820145],[-74.0769722179848,40.0784104586414]]}},{"type":"Feature","id":274792,"properties":{"OBJECTID":274792,"PRIMENAME":"Herbertsville Road","ELEVTYP_F":0,"ELEVTYP_T":0},"geometry":{"type":"LineString","coordinates":[[-74.0831934975517,40.0867970065051],[-74.083446986964,40.0869190965855]]}},{"type":"Feature","id":274845,"properties":{"OBJECTID":274845,"PRIMENAME":"Old Bridge Avenue","ELEVTYP_F":0,"ELEVTYP_T":0},"geometry":{"type":"LineString","coordinates":[[-74.0626219140971,40.0730268370184],[-74.0622419545244,40.0729787486278]]}},{"type":"Feature","id":274865,"properties":{"OBJECTID":274865,"PRIMENAME":"Barton Avenue","ELEVTYP_F":0,"ELEVTYP_T":0},"geometry":{"type":"LineString","coordinates":[[-74.0776838123035,40.0764983870233],[-74.0776828772356,40.0764935513913],[-74.0776645072357,40.0764591679812],[-74.0776461352845,40.0764133367402],[-74.0776425775726,40.0763875999488],[-74.0776465592787,40.0763447054029],[-74.0783280371879,40.0744940952513],[-74.078487481587,40.074066652937]]}},{"type":"Feature","id":274876,"properties":{"OBJECTID":274876,"PRIMENAME":"Barton Avenue","ELEVTYP_F":0,"ELEVTYP_T":0},"geometry":{"type":"LineString","coordinates":[[-74.0762249752196,40.0802957937178],[-74.0763660758013,40.0799375519108],[-74.0764712156271,40.0796726830326]]}},{"type":"Feature","id":275017,"properties":{"OBJECTID":275017,"PRIMENAME":"Harbor Road","ELEVTYP_F":0,"ELEVTYP_T":0},"geometry":{"type":"LineString","coordinates":[[-74.078484121252,40.0622696507977],[-74.0785253784248,40.0622712284985],[-74.0786034642077,40.0622800781621],[-74.0786964308679,40.0622918641153],[-74.0787856816991,40.0623036364845],[-74.078867465513,40.0623211190777],[-74.0789640616038,40.062347167023],[-74.0790680528789,40.062384716626],[-74.0791942689201,40.0624395321446],[-74.079338976848,40.0625029532688],[-74.0793621239852,40.0625154741243]]}},{"type":"Feature","id":275121,"properties":{"OBJECTID":275121,"PRIMENAME":"Rue Mirador","ELEVTYP_F":0,"ELEVTYP_T":0},"geometry":{"type":"LineString","coordinates":[[-74.0587119975867,40.0666917442698],[-74.0588955929718,40.0665413131073],[-74.0591484139098,40.0663164729567],[-74.0593014433152,40.0661791578367]]}},{"type":"Feature","id":275252,"properties":{"OBJECTID":275252,"PRIMENAME":"Leone Drive","ELEVTYP_F":0,"ELEVTYP_T":0},"geometry":{"type":"LineString","coordinates":[[-74.0908205040923,40.06496524574],[-74.0908145963717,40.065044907651],[-74.0908133044188,40.0652608503594],[-74.0908331283133,40.065489002714],[-74.0908596449596,40.0657629970934]]}},{"type":"Feature","id":275902,"properties":{"OBJECTID":275902,"PRIMENAME":"Laura Herbert Drive","ELEVTYP_F":0,"ELEVTYP_T":0},"geometry":{"type":"LineString","coordinates":[[-74.0721007235335,40.0785075685916],[-74.0721761360903,40.078272491384]]}},{"type":"Feature","id":275988,"properties":{"OBJECTID":275988,"PRIMENAME":"Herbertsville Road","ELEVTYP_F":0,"ELEVTYP_T":0},"geometry":{"type":"LineString","coordinates":[[-74.0876623003191,40.0889489647305],[-74.0877546489247,40.0890754957135],[-74.0880069830029,40.089392159926],[-74.0882914585217,40.0897671657618],[-74.0885258141198,40.0900649656679]]}},{"type":"Feature","id":276232,"properties":{"OBJECTID":276232,"PRIMENAME":"Riviera Parkway","ELEVTYP_F":0,"ELEVTYP_T":0},"geometry":{"type":"LineString","coordinates":[[-74.0569738286596,40.0654509500325],[-74.0571190011806,40.0655617024466],[-74.0578555261278,40.0660921942697],[-74.0587119975867,40.0666917442698]]}},{"type":"Feature","id":276523,"properties":{"OBJECTID":276523,"PRIMENAME":"Comanche Avenue","ELEVTYP_F":0,"ELEVTYP_T":0},"geometry":{"type":"LineString","coordinates":[[-74.0889013887844,40.0762487489641],[-74.0888837601495,40.0761258326093],[-74.0887932455891,40.0755542099641]]}},{"type":"Feature","id":276646,"properties":{"OBJECTID":276646,"PRIMENAME":"South Street","ELEVTYP_F":0,"ELEVTYP_T":0},"geometry":{"type":"LineString","coordinates":[[-74.0585759570721,40.0761310156239],[-74.0593309978592,40.0762311290752],[-74.0594706563644,40.0762533759629]]}},{"type":"Feature","id":277215,"properties":{"OBJECTID":277215,"PRIMENAME":"Barbara Drive","ELEVTYP_F":0,"ELEVTYP_T":0},"geometry":{"type":"LineString","coordinates":[[-74.0786489135946,40.086199408811],[-74.0787046921392,40.0859176958253],[-74.0787594328131,40.085763580142],[-74.0788030106057,40.0856810775387],[-74.0791079048026,40.0851034997281],[-74.0792313805866,40.0848614827218]]}},{"type":"Feature","id":277477,"properties":{"OBJECTID":277477,"PRIMENAME":"Rogers Road","ELEVTYP_F":0,"ELEVTYP_T":0},"geometry":{"type":"LineString","coordinates":[[-74.0663583882036,40.0755851263902],[-74.0667050884144,40.0756325175606],[-74.0694462341237,40.0760088265102],[-74.0696731020659,40.076041075757],[-74.0697136005424,40.0760452621959],[-74.0697467928604,40.0760463735377],[-74.0698137135372,40.076042970648]]}},{"type":"Feature","id":277598,"properties":{"OBJECTID":277598,"PRIMENAME":"Chatham Lane","ELEVTYP_F":0,"ELEVTYP_T":0},"geometry":{"type":"LineString","coordinates":[[-74.0864181089902,40.0927524178255],[-74.0864123227521,40.0927516288761],[-74.0863229978869,40.0927513099091],[-74.0862037729322,40.0927594766639],[-74.0860882326412,40.0927790772321],[-74.085976340441,40.0928101385146],[-74.085841969192,40.0928639878792],[-74.085666407967,40.0929548613032]]}},{"type":"Feature","id":277689,"properties":{"OBJECTID":277689,"PRIMENAME":"Spruce Street","ELEVTYP_F":0,"ELEVTYP_T":0},"geometry":{"type":"LineString","coordinates":[[-74.0764712156271,40.0796726830326],[-74.0781313231488,40.0800517744325]]}},{"type":"Feature","id":277958,"properties":{"OBJECTID":277958,"PRIMENAME":"Leone Drive","ELEVTYP_F":0,"ELEVTYP_T":0},"geometry":{"type":"LineString","coordinates":[[-74.0909987884136,40.063497578421],[-74.0908318858166,40.0648127692748],[-74.0908205040923,40.06496524574]]}},{"type":"Feature","id":278019,"properties":{"OBJECTID":278019,"PRIMENAME":"Arch Place","ELEVTYP_F":0,"ELEVTYP_T":0},"geometry":{"type":"LineString","coordinates":[[-74.0886978132292,40.0614528931454],[-74.0887481279082,40.0615763095586],[-74.0887950060589,40.0617127540345],[-74.0888454484347,40.0618387783699],[-74.0889763075431,40.0621091363866]]}},{"type":"Feature","id":278485,"properties":{"OBJECTID":278485,"PRIMENAME":"Bradford Drive","ELEVTYP_F":0,"ELEVTYP_T":0},"geometry":{"type":"LineString","coordinates":[[-74.0649970862681,40.0876812177522],[-74.0651388666714,40.0882165107146],[-74.0651610235898,40.0882451719441],[-74.0651981767704,40.0882596143929],[-74.0652391005484,40.0882655063023],[-74.0652725911246,40.0882656319935],[-74.0666704531879,40.0880077585388],[-74.0667263911254,40.0879908095963],[-74.0667600798299,40.0879652118351],[-74.06677152185,40.0879252008554],[-74.0667224377196,40.0874417320514],[-74.0667125466676,40.0873669673359]]}},{"type":"Feature","id":278755,"properties":{"OBJECTID":278755,"PRIMENAME":"Sunset Avenue","ELEVTYP_F":0,"ELEVTYP_T":0},"geometry":{"type":"LineString","coordinates":[[-74.0822092611904,40.0715705248227],[-74.0814088522365,40.0737239498839],[-74.081024963149,40.0747185644392],[-74.0809911216612,40.0748177129683]]}},{"type":"Feature","id":278782,"properties":{"OBJECTID":278782,"PRIMENAME":"West Lake Avenue","ELEVTYP_F":0,"ELEVTYP_T":0},"geometry":{"type":"LineString","coordinates":[[-74.0485550230513,40.0719790027426],[-74.0484381123785,40.0724533776893]]}},{"type":"Feature","id":279214,"properties":{"OBJECTID":279214,"PRIMENAME":"Cambridge Drive","ELEVTYP_F":0,"ELEVTYP_T":0},"geometry":{"type":"LineString","coordinates":[[-74.0821567665659,40.0813177900783],[-74.0821719384728,40.0812091698461],[-74.0821875639426,40.0810973150545],[-74.0821800177814,40.081051413723],[-74.0820190418817,40.0805788849775]]}},{"type":"Feature","id":279245,"properties":{"OBJECTID":279245,"PRIMENAME":"River Road","ELEVTYP_F":0,"ELEVTYP_T":0},"geometry":{"type":"LineString","coordinates":[[-74.0825102759829,40.0900572713464],[-74.0823845318241,40.089945660082],[-74.0823030099471,40.0898795886148],[-74.0822251894069,40.0898221230407],[-74.0821473338177,40.0897646572875],[-74.0820619738094,40.0897185842803],[-74.0819728776736,40.0896696434343],[-74.0818763307463,40.0896292682276],[-74.0818010069178,40.0896019827609]]}},{"type":"Feature","id":279285,"properties":{"OBJECTID":279285,"PRIMENAME":"Bay Avenue","ELEVTYP_F":0,"ELEVTYP_T":0},"geometry":{"type":"LineString","coordinates":[[-74.051752096368,40.0904404411217],[-74.0517653808915,40.0908237105378],[-74.0517822785019,40.0910811484356],[-74.0518050894398,40.0915816805168]]}},{"type":"Feature","id":279489,"properties":{"OBJECTID":279489,"PRIMENAME":"Metcalfe Street","ELEVTYP_F":0,"ELEVTYP_T":0},"geometry":{"type":"LineString","coordinates":[[-74.0479834794511,40.0676501471431],[-74.0480381819204,40.0674289499742],[-74.0480495193386,40.0674003881369],[-74.0480719834993,40.0673804623314]]}},{"type":"Feature","id":279681,"properties":{"OBJECTID":279681,"PRIMENAME":"East Drive","ELEVTYP_F":0,"ELEVTYP_T":0},"geometry":{"type":"LineString","coordinates":[[-74.0683703362835,40.0626846224252],[-74.0684040420366,40.0626259982993],[-74.0684403878906,40.06257921644],[-74.068478507805,40.0625457282434],[-74.0685263725131,40.0625194683836],[-74.0686345429473,40.0624826994612],[-74.0687613105891,40.0624431444551],[-74.0688694279614,40.062414940734],[-74.068947673888,40.062403784035],[-74.0690183985896,40.0624012189652],[-74.0690666851901,40.0624156746116],[-74.0690962130913,40.0624529561622],[-74.0691182371765,40.0625016576437],[-74.0691184894496,40.0625367884272]]}},{"type":"Feature","id":280074,"properties":{"OBJECTID":280074,"PRIMENAME":"Borden Avenue","ELEVTYP_F":0,"ELEVTYP_T":0},"geometry":{"type":"LineString","coordinates":[[-74.057215709532,40.0838817695833],[-74.0572136975995,40.0838907832283],[-74.0572093884339,40.0839765586099],[-74.0571974778955,40.0840937381978],[-74.0571818889139,40.0841995099622],[-74.0571671102431,40.0842849976256]]}},{"type":"Feature","id":280126,"properties":{"OBJECTID":280126,"PRIMENAME":"Bay Avenue","ELEVTYP_F":0,"ELEVTYP_T":0},"geometry":{"type":"LineString","coordinates":[[-74.0526932394556,40.0846388668324],[-74.0526730609607,40.0846931997293],[-74.0526389377869,40.0848000233511],[-74.0526046445554,40.0849073723082],[-74.0525359195393,40.0851236602725],[-74.0524031652264,40.0855414477197],[-74.0520912151578,40.0865554316888],[-74.0520569382444,40.086675407311],[-74.0520491852215,40.0867239966776],[-74.0520372673923,40.0868354922707],[-74.0520313573581,40.0868973766686]]}},{"type":"Feature","id":280165,"properties":{"OBJECTID":280165,"PRIMENAME":"Bridge Avenue","ELEVTYP_F":0,"ELEVTYP_T":0},"geometry":{"type":"LineString","coordinates":[[-74.0793302489591,40.0743195679931],[-74.0791839350404,40.0742751115399],[-74.078596278123,40.0740985649382],[-74.078487481587,40.074066652937]]}},{"type":"Feature","id":280279,"properties":{"OBJECTID":280279,"PRIMENAME":"Del Dor Drive","ELEVTYP_F":0,"ELEVTYP_T":0},"geometry":{"type":"LineString","coordinates":[[-74.062947034375,40.0754787741319],[-74.0628377321916,40.075263075171]]}},{"type":"Feature","id":280314,"properties":{"OBJECTID":280314,"PRIMENAME":"Benedict Street","ELEVTYP_F":0,"ELEVTYP_T":0},"geometry":{"type":"LineString","coordinates":[[-74.0625858779345,40.0840024755403],[-74.0625415768564,40.0840164734428],[-74.0625182420956,40.0840271197731],[-74.0624996017194,40.084041352372],[-74.0624885708546,40.0840615438673],[-74.0620987713296,40.0850730104135],[-74.0618681194452,40.0856269115801],[-74.0617695747067,40.0858953603224]]}},{"type":"Feature","id":280789,"properties":{"OBJECTID":280789,"PRIMENAME":"Laurel Avenue","ELEVTYP_F":0,"ELEVTYP_T":0},"geometry":{"type":"LineString","coordinates":[[-74.0495693492705,40.0906190395318],[-74.051752096368,40.0904404411217]]}},{"type":"Feature","id":281132,"properties":{"OBJECTID":281132,"PRIMENAME":"18th Avenue","ELEVTYP_F":0,"ELEVTYP_T":0},"geometry":{"type":"LineString","coordinates":[[-74.092397939248,40.0978943361897],[-74.0921494254792,40.0979591290011],[-74.0909745852886,40.0982723997427],[-74.0909111748204,40.0982950713717],[-74.0908625813325,40.0983149130922],[-74.0908503499816,40.0983217331527]]}},{"type":"Feature","id":281841,"properties":{"OBJECTID":281841,"PRIMENAME":"Riviera Parkway","ELEVTYP_F":0,"ELEVTYP_T":0},"geometry":{"type":"LineString","coordinates":[[-74.0709385638353,40.0697437179715],[-74.0713667645625,40.0697220209854],[-74.0720922931573,40.0696852544351]]}},{"type":"Feature","id":281884,"properties":{"OBJECTID":281884,"PRIMENAME":"Bennett Avenue","ELEVTYP_F":0,"ELEVTYP_T":0},"geometry":{"type":"LineString","coordinates":[[-74.0732179191091,40.0689021306866],[-74.0721237256699,40.0689791635142]]}},{"type":"Feature","id":282011,"properties":{"OBJECTID":282011,"PRIMENAME":"Barclay Drive","ELEVTYP_F":0,"ELEVTYP_T":0},"geometry":{"type":"LineString","coordinates":[[-74.0893379594763,40.0848074305068],[-74.0897364546136,40.085554717988],[-74.0897661890159,40.0856101582562]]}},{"type":"Feature","id":282043,"properties":{"OBJECTID":282043,"PRIMENAME":"Adelaide Road","ELEVTYP_F":0,"ELEVTYP_T":0},"geometry":{"type":"LineString","coordinates":[[-74.0890107029543,40.0883235593577],[-74.0884454444925,40.0885857174265]]}},{"type":"Feature","id":282380,"properties":{"OBJECTID":282380,"PRIMENAME":"Albert E Clifton Avenue","ELEVTYP_F":0,"ELEVTYP_T":0},"geometry":{"type":"LineString","coordinates":[[-74.0708514249162,40.0802796082544],[-74.0708043821384,40.0806511779906],[-74.0707853670693,40.080725504797],[-74.0707587227655,40.0808025495439],[-74.0701837984121,40.0822503300768],[-74.0701080772228,40.0824530652848],[-74.0700929211373,40.0824930637536],[-74.0700896998001,40.0825279716624],[-74.070095549452,40.0825582197242],[-74.0701493548021,40.0826805857699]]}},{"type":"Feature","id":284243,"properties":{"OBJECTID":284243,"PRIMENAME":"Comanche Avenue","ELEVTYP_F":0,"ELEVTYP_T":0},"geometry":{"type":"LineString","coordinates":[[-74.089019512375,40.0770729015517],[-74.0889013887844,40.0762487489641]]}},{"type":"Feature","id":284542,"properties":{"OBJECTID":284542,"PRIMENAME":"Oriole Way","ELEVTYP_F":0,"ELEVTYP_T":0},"geometry":{"type":"LineString","coordinates":[[-74.0733177522811,40.0651228717106],[-74.072648001052,40.0651287300636]]}},{"type":"Feature","id":284890,"properties":{"OBJECTID":284890,"PRIMENAME":"East Drive","ELEVTYP_F":0,"ELEVTYP_T":0},"geometry":{"type":"LineString","coordinates":[[-74.0691184894496,40.0625367884272],[-74.0691222093681,40.0630564479743]]}},{"type":"Feature","id":285239,"properties":{"OBJECTID":285239,"PRIMENAME":"Oriole Way","ELEVTYP_F":0,"ELEVTYP_T":0},"geometry":{"type":"LineString","coordinates":[[-74.0742148628555,40.0651032765422],[-74.0733177522811,40.0651228717106]]}},{"type":"Feature","id":286447,"properties":{"OBJECTID":286447,"PRIMENAME":"Lakewood Road","ELEVTYP_F":0,"ELEVTYP_T":0},"geometry":{"type":"LineString","coordinates":[[-74.0839752499341,40.0801737720973],[-74.0829426547711,40.080389685192],[-74.0822107785022,40.0805385896767]]}},{"type":"Feature","id":286862,"properties":{"OBJECTID":286862,"PRIMENAME":"McLean Avenue","ELEVTYP_F":0,"ELEVTYP_T":0},"geometry":{"type":"LineString","coordinates":[[-74.0489209440217,40.0935273974006],[-74.0493827051617,40.0935494827167]]}},{"type":"Feature","id":286863,"properties":{"OBJECTID":286863,"PRIMENAME":"Sycamore Lane","ELEVTYP_F":0,"ELEVTYP_T":0},"geometry":{"type":"LineString","coordinates":[[-74.0664915006552,40.0980848002208],[-74.0665572430451,40.0981184024169],[-74.0669010906675,40.0982943072376]]}},{"type":"Feature","id":287292,"properties":{"OBJECTID":287292,"PRIMENAME":"Riverview Drive","ELEVTYP_F":0,"ELEVTYP_T":0},"geometry":{"type":"LineString","coordinates":[[-74.0735236177853,40.0959835636109],[-74.0734431285981,40.0959471117028],[-74.0733068161849,40.0959084771002],[-74.0731932719392,40.0959046820925]]}},{"type":"Feature","id":287421,"properties":{"OBJECTID":287421,"PRIMENAME":"Murray Road","ELEVTYP_F":0,"ELEVTYP_T":0},"geometry":{"type":"LineString","coordinates":[[-74.0692080859638,40.082292306011],[-74.0692351417992,40.0822638276362],[-74.0692550942898,40.0822282677145],[-74.0693231678492,40.082059793108],[-74.0693798567458,40.0819227661645],[-74.069425412832,40.0817828137917],[-74.0694446099068,40.0816856463266],[-74.0694526562101,40.0815884374136],[-74.069442567703,40.0814311199981],[-74.0694318497402,40.0813510274634],[-74.0694134824174,40.0813109044724]]}},{"type":"Feature","id":287835,"properties":{"OBJECTID":287835,"PRIMENAME":"Catherine Street","ELEVTYP_F":0,"ELEVTYP_T":0},"geometry":{"type":"LineString","coordinates":[[-74.0632266929704,40.0824390194917],[-74.0620272726299,40.0821528488431]]}},{"type":"Feature","id":288009,"properties":{"OBJECTID":288009,"PRIMENAME":"Onafria Drive","ELEVTYP_F":0,"ELEVTYP_T":0},"geometry":{"type":"LineString","coordinates":[[-74.0766772015645,40.0726333628957],[-74.0770036127598,40.0719501740699]]}},{"type":"Feature","id":288634,"properties":{"OBJECTID":288634,"PRIMENAME":"Monmouth Court","ELEVTYP_F":0,"ELEVTYP_T":0},"geometry":{"type":"LineString","coordinates":[[-74.0774113270679,40.0689923126893],[-74.078658250929,40.0696146069046]]}},{"type":"Feature","id":289054,"properties":{"OBJECTID":289054,"PRIMENAME":"FR RT 35 NB to RT 35 SB","ELEVTYP_F":0,"ELEVTYP_T":0},"geometry":{"type":"LineString","coordinates":[[-74.0493023552816,40.0960682115582],[-74.0493255305394,40.0961022003923],[-74.0493534348816,40.0961340244419],[-74.0493857294356,40.0961632972255],[-74.049422022011,40.0961896632449],[-74.0494384000618,40.0961998669197],[-74.0494559618383,40.0962088346262],[-74.0494745497439,40.0962164858891],[-74.0494939969733,40.0962227520471],[-74.0495141290094,40.0962275768684],[-74.0495347651899,40.0962309170555],[-74.049555720328,40.0962327426341],[-74.0495768063748,40.0962330372215],[-74.0497321065735,40.0962263423689],[-74.0498870277351,40.0962156573787],[-74.0499377220349,40.0962112750245],[-74.0499881980464,40.0962055978758],[-74.0500383997131,40.0961986322376],[-74.0500882712831,40.0961903858454],[-74.0501191602058,40.0961786238899],[-74.0501473245392,40.096163351726],[-74.0501720934081,40.0961449331382],[-74.0501928768187,40.0961238068589],[-74.0502243497409,40.0960824513965],[-74.0502509023109,40.0960391078373],[-74.0502723235596,40.0959941205764],[-74.0502884432903,40.0959478470685]]}},{"type":"Feature","id":289193,"properties":{"OBJECTID":289193,"PRIMENAME":"Patterson Road","ELEVTYP_F":0,"ELEVTYP_T":0},"geometry":{"type":"LineString","coordinates":[[-74.0663583882036,40.0755851263902],[-74.0664198134137,40.0754169859869],[-74.0664426013278,40.0753455831957],[-74.0664616545281,40.0752770216223],[-74.0664733482014,40.0751912742843],[-74.0664740373738,40.0750825892214],[-74.0664763780822,40.0749050036432]]}},{"type":"Feature","id":289554,"properties":{"OBJECTID":289554,"PRIMENAME":"FR NJ 70 EB to CR 634","ELEVTYP_F":0,"ELEVTYP_T":0},"geometry":{"type":"LineString","coordinates":[[-74.09017987265,40.0955591753278],[-74.0900783867494,40.0955745041143],[-74.0899763453631,40.0955874768847],[-74.0898738412074,40.095598081852],[-74.0897709674188,40.0956063093804],[-74.0896725748866,40.0956095987693],[-74.0895188939307,40.0956104440359],[-74.0890606472557,40.095606305403],[-74.0889946544067,40.0956074703412],[-74.0889288513779,40.0956114844048],[-74.0888634465547,40.095618334882],[-74.0887986470615,40.0956280000786],[-74.0884977442869,40.0956767009971],[-74.0883600028175,40.0956979524684]]}},{"type":"Feature","id":289744,"properties":{"OBJECTID":289744,"PRIMENAME":"Mistletoe Avenue","ELEVTYP_F":0,"ELEVTYP_T":0},"geometry":{"type":"LineString","coordinates":[[-74.0872047042629,40.0814293942543],[-74.0873595095193,40.0815685841147],[-74.0878124041655,40.0820065373703]]}},{"type":"Feature","id":289803,"properties":{"OBJECTID":289803,"PRIMENAME":"Riverview Drive","ELEVTYP_F":0,"ELEVTYP_T":0},"geometry":{"type":"LineString","coordinates":[[-74.0691194413892,40.0981487164657],[-74.0690288221368,40.0981994692007],[-74.0689352850934,40.0982706089419],[-74.0687667631659,40.0984129572643],[-74.0684482437554,40.0987358547053],[-74.0682255403436,40.0989718351665]]}},{"type":"Feature","id":290705,"properties":{"OBJECTID":290705,"PRIMENAME":"Cedar Road","ELEVTYP_F":0,"ELEVTYP_T":0},"geometry":{"type":"LineString","coordinates":[[-74.0689459730316,40.0851990876064],[-74.0688404636483,40.0856920014825],[-74.0688169489854,40.0857312264781],[-74.0687841953578,40.085756114082]]}},{"type":"Feature","id":290826,"properties":{"OBJECTID":290826,"PRIMENAME":"North Manetta Drive","ELEVTYP_F":0,"ELEVTYP_T":0},"geometry":{"type":"LineString","coordinates":[[-74.0486122839892,40.0834511704222],[-74.0487074817344,40.0834447275937]]}},{"type":"Feature","id":291739,"properties":{"OBJECTID":291739,"PRIMENAME":"FR RIVER AVE to RT 35 SB","ELEVTYP_F":0,"ELEVTYP_T":0},"geometry":{"type":"LineString","coordinates":[[-74.050324028036,40.0962005532127],[-74.0500510244708,40.0962877553087]]}},{"type":"Feature","id":292259,"properties":{"OBJECTID":292259,"PRIMENAME":"Patterson Road","ELEVTYP_F":0,"ELEVTYP_T":0},"geometry":{"type":"LineString","coordinates":[[-74.0664763780822,40.0749050036432],[-74.0664855013821,40.0742102243734]]}},{"type":"Feature","id":292489,"properties":{"OBJECTID":292489,"PRIMENAME":"Nicholas Road","ELEVTYP_F":0,"ELEVTYP_T":0},"geometry":{"type":"LineString","coordinates":[[-74.0917474425143,40.0629722469809],[-74.0916403035624,40.0629557991712],[-74.0913355181331,40.0628918288602],[-74.0910864375975,40.0628394481803],[-74.0910046690726,40.0628248564913],[-74.0909340129498,40.0628160134952],[-74.0908633032564,40.0628100542966],[-74.0907889140251,40.0628040811579],[-74.0906177357304,40.0627977660036],[-74.0904577049536,40.0627972004175],[-74.0902567130855,40.0627993449596],[-74.0900407367399,40.0628157391892],[-74.0897242034865,40.0628460800197],[-74.0894187338576,40.0628964726661],[-74.0892995099015,40.0629132083526],[-74.0891989883395,40.0629214446107],[-74.0890984138983,40.0629267713448],[-74.0889979790914,40.0629264150932],[-74.0888974911143,40.0629232033585],[-74.0888081668389,40.0629171759517],[-74.088622211717,40.0629022127597]]}},{"type":"Feature","id":292735,"properties":{"OBJECTID":292735,"PRIMENAME":"Barnegat Boulevard","ELEVTYP_F":0,"ELEVTYP_T":0},"geometry":{"type":"LineString","coordinates":[[-74.055294648815,40.063252731132],[-74.0554855813806,40.0632374585002],[-74.0555750149725,40.0632206712756],[-74.0556421555961,40.0631980052064],[-74.0556827522103,40.0631787428093],[-74.0557019022882,40.0631696552753],[-74.0557579513322,40.0631326984988],[-74.0558290500788,40.0630729037114],[-74.0558890535667,40.0630102111433],[-74.0559116642124,40.0629617323064],[-74.0559008138627,40.0629158993489],[-74.0558523528245,40.0628846359747],[-74.0557857038358,40.0628753401656]]}},{"type":"Feature","id":292800,"properties":{"OBJECTID":292800,"PRIMENAME":"Laurel Drive","ELEVTYP_F":0,"ELEVTYP_T":0},"geometry":{"type":"LineString","coordinates":[[-74.0685928320065,40.0661444251612],[-74.0686124035353,40.0659929281129],[-74.0686428164698,40.0658900918646],[-74.0686955607551,40.0657873387444],[-74.0687566653432,40.0656677052597],[-74.0687608533556,40.0656609124915]]}},{"type":"Feature","id":293057,"properties":{"OBJECTID":293057,"PRIMENAME":"Laura Herbert Road","ELEVTYP_F":0,"ELEVTYP_T":0},"geometry":{"type":"LineString","coordinates":[[-74.0719648968226,40.0781592081348],[-74.0719611844566,40.0781738541072],[-74.0719659106053,40.0781952297174],[-74.0719760288995,40.0782115750612],[-74.0720036245794,40.0782391301592],[-74.0720189893962,40.078251046357],[-74.0720414824269,40.0782602435721],[-74.0720849682497,40.0782669387426],[-74.0721761360903,40.078272491384]]}},{"type":"Feature","id":293132,"properties":{"OBJECTID":293132,"PRIMENAME":"Unnamed Segment","ELEVTYP_F":0,"ELEVTYP_T":0},"geometry":{"type":"LineString","coordinates":[[-74.0632721259686,40.0800898593156],[-74.0634398449448,40.0795415289043]]}},{"type":"Feature","id":293168,"properties":{"OBJECTID":293168,"PRIMENAME":"Burnt Tavern Road","ELEVTYP_F":0,"ELEVTYP_T":0},"geometry":{"type":"LineString","coordinates":[[-74.062005922022,40.0799127807514],[-74.0618152515085,40.0797742176102],[-74.0616327506143,40.0796380457848]]}},{"type":"Feature","id":293169,"properties":{"OBJECTID":293169,"PRIMENAME":"River Avenue","ELEVTYP_F":0,"ELEVTYP_T":0},"geometry":{"type":"LineString","coordinates":[[-74.0779330758291,40.0729674390501],[-74.0785366802247,40.0715867901469]]}},{"type":"Feature","id":293546,"properties":{"OBJECTID":293546,"PRIMENAME":"Eutaw Avenue","ELEVTYP_F":0,"ELEVTYP_T":0},"geometry":{"type":"LineString","coordinates":[[-74.0844800039596,40.0778722882598],[-74.0842336309438,40.0772079693419]]}},{"type":"Feature","id":293690,"properties":{"OBJECTID":293690,"PRIMENAME":"Riverwood Avenue","ELEVTYP_F":0,"ELEVTYP_T":0},"geometry":{"type":"LineString","coordinates":[[-74.086126437177,40.0820566681685],[-74.0867882129484,40.0816751794375],[-74.0872047042629,40.0814293942543]]}},{"type":"Feature","id":293836,"properties":{"OBJECTID":293836,"PRIMENAME":"Rue Rivoli","ELEVTYP_F":0,"ELEVTYP_T":0},"geometry":{"type":"LineString","coordinates":[[-74.0650520315606,40.0706834813467],[-74.0651984708797,40.0699805975016]]}},{"type":"Feature","id":294414,"properties":{"OBJECTID":294414,"PRIMENAME":"Eisenhower Drive","ELEVTYP_F":0,"ELEVTYP_T":0},"geometry":{"type":"LineString","coordinates":[[-74.0903222083476,40.0890272279178],[-74.0900973609101,40.0889116779907],[-74.089822645602,40.0887614428321],[-74.0895972204805,40.0886412233988],[-74.0894317322898,40.0885456490582],[-74.0893542700951,40.0884992257073],[-74.0892874879727,40.0884419958358],[-74.0892242413205,40.0883793436848],[-74.0891540682853,40.0882976956495],[-74.0891372161279,40.088264884902]]}},{"type":"Feature","id":294813,"properties":{"OBJECTID":294813,"PRIMENAME":"Bridge Avenue","ELEVTYP_F":0,"ELEVTYP_T":0},"geometry":{"type":"LineString","coordinates":[[-74.0766844751911,40.0735998805971],[-74.0762296783948,40.0734888816601],[-74.0752499471312,40.0732497620984],[-74.0750117702078,40.0731927194898],[-74.0748811486939,40.0731597080515],[-74.0747581593857,40.0731178841655],[-74.0746162142474,40.0730670961889],[-74.0744741981941,40.073010405527],[-74.0743245008477,40.0729478661792],[-74.0741876681208,40.0728852090963]]}},{"type":"Feature","id":295057,"properties":{"OBJECTID":295057,"PRIMENAME":"Miller Road","ELEVTYP_F":0,"ELEVTYP_T":0},"geometry":{"type":"LineString","coordinates":[[-74.0683773543094,40.0800558425762],[-74.0690881209896,40.0801983347778],[-74.0691370262878,40.0802129845192],[-74.0691745663815,40.080233385232],[-74.0692018241231,40.080246416953]]}},{"type":"Feature","id":295412,"properties":{"OBJECTID":295412,"PRIMENAME":"Atlantic Avenue","ELEVTYP_F":0,"ELEVTYP_T":0},"geometry":{"type":"LineString","coordinates":[[-74.0561558293722,40.0877289954693],[-74.0564782291537,40.087745467324],[-74.0568727605599,40.0877669906042],[-74.0572077837339,40.0877768643139],[-74.057539072639,40.0877895509635],[-74.0579484734441,40.0878111543961],[-74.0581122227848,40.0878203447442],[-74.0582536316503,40.0878351870752],[-74.0583800643583,40.0878556825261],[-74.0585288721246,40.0878762631146],[-74.058829240342,40.0879281137049]]}},{"type":"Feature","id":295484,"properties":{"OBJECTID":295484,"PRIMENAME":"Little Hill Road","ELEVTYP_F":0,"ELEVTYP_T":0},"geometry":{"type":"LineString","coordinates":[[-74.0808030004902,40.0683429560911],[-74.0813763625576,40.0685885124749]]}},{"type":"Feature","id":295673,"properties":{"OBJECTID":295673,"PRIMENAME":"Riverwood Avenue","ELEVTYP_F":0,"ELEVTYP_T":0},"geometry":{"type":"LineString","coordinates":[[-74.0858031151589,40.0822488103609],[-74.086126437177,40.0820566681685]]}},{"type":"Feature","id":295791,"properties":{"OBJECTID":295791,"PRIMENAME":"Bancroft Road","ELEVTYP_F":0,"ELEVTYP_T":0},"geometry":{"type":"LineString","coordinates":[[-74.0842752929354,40.060898391923],[-74.0844273052526,40.0608475723587],[-74.0846965619942,40.0607407019565],[-74.0848169747501,40.0607041806482],[-74.0848524306214,40.0606961816167]]}},{"type":"Feature","id":295870,"properties":{"OBJECTID":295870,"PRIMENAME":"Sherman Avenue","ELEVTYP_F":0,"ELEVTYP_T":0},"geometry":{"type":"LineString","coordinates":[[-74.0593168125892,40.0815140021487],[-74.0592171113302,40.0817728079915],[-74.0587469827927,40.0830864636337]]}},{"type":"Feature","id":295941,"properties":{"OBJECTID":295941,"PRIMENAME":"Bay Boulevard","ELEVTYP_F":0,"ELEVTYP_T":0},"geometry":{"type":"LineString","coordinates":[[-74.055294648815,40.063252731132],[-74.0547118793811,40.0637434983368],[-74.0545881860552,40.0638745793378],[-74.0545055879384,40.0639772112451],[-74.0544492362072,40.0640656409883],[-74.0544264768591,40.0641313312459],[-74.0544242874328,40.0641548507912]]}},{"type":"Feature","id":295974,"properties":{"OBJECTID":295974,"PRIMENAME":"Riverwood Pike","ELEVTYP_F":0,"ELEVTYP_T":0},"geometry":{"type":"LineString","coordinates":[[-74.05643993098,40.0911582165613],[-74.0564181270367,40.0909529438824],[-74.0563276149372,40.0901614659728]]}},{"type":"Feature","id":296371,"properties":{"OBJECTID":296371,"PRIMENAME":"Burnt Tavern Road","ELEVTYP_F":0,"ELEVTYP_T":0},"geometry":{"type":"LineString","coordinates":[[-74.0590409779703,40.0783337095173],[-74.0589507467833,40.0783048969065],[-74.0588429806594,40.0782655991311],[-74.0588319125581,40.0782615624065],[-74.0586610314471,40.0782036985797],[-74.0585310110911,40.0781603220548],[-74.0584010107032,40.0781140614399],[-74.0582635768895,40.0780678011567],[-74.0582236569012,40.0780513139539]]}},{"type":"Feature","id":296505,"properties":{"OBJECTID":296505,"PRIMENAME":"FR RT 35 NB to RT 35 SB","ELEVTYP_F":0,"ELEVTYP_T":0},"geometry":{"type":"LineString","coordinates":[[-74.0486122839892,40.0834511704222],[-74.0485919155695,40.083498327463],[-74.0485668897121,40.0835441427983],[-74.048537354406,40.0835883454853],[-74.0485034843089,40.0836306741174],[-74.0484808994087,40.0836533453574],[-74.0484556642196,40.0836743026641],[-74.048427998034,40.0836933639178],[-74.0483981412704,40.0837103634754],[-74.048366353384,40.0837251536097],[-74.0483329106124,40.0837376057939],[-74.0482981035744,40.0837476118175],[-74.0482622347451,40.0837550847277],[-74.0481430846008,40.083765728504],[-74.0480236272684,40.0837740978419],[-74.047903936326,40.0837801875864],[-74.0477840854956,40.0837839939867],[-74.0477389259288,40.0837804369027],[-74.0476942008135,40.0837744625452],[-74.0476501291787,40.0837661001723],[-74.0476069268532,40.0837553907363],[-74.0475648054079,40.0837423866839],[-74.0475239711204,40.0837271516987],[-74.0474846239642,40.0837097603899],[-74.0474469566298,40.0836902979265],[-74.0473825737855,40.0836468027206],[-74.0473232476877,40.0835992535679],[-74.0472808791661,40.0835596877963],[-74.0472420176044,40.0835180521476],[-74.0472070475834,40.0834749293366],[-74.0471765785612,40.0834298365404],[-74.0471507974424,40.0833830503828],[-74.0471298623723,40.0833348578749]]}},{"type":"Feature","id":296520,"properties":{"OBJECTID":296520,"PRIMENAME":"Hollywood Boulevard","ELEVTYP_F":0,"ELEVTYP_T":0},"geometry":{"type":"LineString","coordinates":[[-74.0631131289589,40.0711568647785],[-74.0631323660362,40.0712165651008],[-74.0631401786803,40.0712800665035],[-74.0631386330077,40.071410244354],[-74.0631338064606,40.072165683597],[-74.0631322449366,40.0722757650756]]}},{"type":"Feature","id":296664,"properties":{"OBJECTID":296664,"PRIMENAME":"Shady Glen Avenue","ELEVTYP_F":0,"ELEVTYP_T":0},"geometry":{"type":"LineString","coordinates":[[-74.0813352791087,40.0714177228306],[-74.0822092611904,40.0715705248227]]}},{"type":"Feature","id":296746,"properties":{"OBJECTID":296746,"PRIMENAME":"River Road","ELEVTYP_F":0,"ELEVTYP_T":0},"geometry":{"type":"LineString","coordinates":[[-74.080016111673,40.089014368911],[-74.0794128181009,40.0888139133791],[-74.0792866501465,40.0887723305159]]}},{"type":"Feature","id":296803,"properties":{"OBJECTID":296803,"PRIMENAME":"Pacific Avenue","ELEVTYP_F":0,"ELEVTYP_T":0},"geometry":{"type":"LineString","coordinates":[[-74.0722037460122,40.0855843356196],[-74.0709129290938,40.0854209098843]]}},{"type":"Feature","id":296884,"properties":{"OBJECTID":296884,"PRIMENAME":"Herbertsville Road","ELEVTYP_F":0,"ELEVTYP_T":0},"geometry":{"type":"LineString","coordinates":[[-74.0847024379596,40.0875244166371],[-74.0849719165538,40.0876278920439],[-74.0852319240487,40.0877194464742]]}},{"type":"Feature","id":296893,"properties":{"OBJECTID":296893,"PRIMENAME":"Polhemus Street","ELEVTYP_F":0,"ELEVTYP_T":0},"geometry":{"type":"LineString","coordinates":[[-74.0562746665986,40.0825113201585],[-74.0564939239741,40.0820002682436],[-74.0565054642921,40.08194027225],[-74.0564872694472,40.0818801353941],[-74.0564505679439,40.0817970861085],[-74.0564472037627,40.0817427155204],[-74.0564700042449,40.0816713148366],[-74.0567500760188,40.0809631894064],[-74.0567540524316,40.0809231778303],[-74.0567477242535,40.0808850209828]]}},{"type":"Feature","id":296984,"properties":{"OBJECTID":296984,"PRIMENAME":"Bay Avenue","ELEVTYP_F":0,"ELEVTYP_T":0},"geometry":{"type":"LineString","coordinates":[[-74.0542314721118,40.0693154553823],[-74.0542941002833,40.0694215009399],[-74.0543344177289,40.0695131576072],[-74.0543672259682,40.0696219706269],[-74.0543916831561,40.0697731400013]]}},{"type":"Feature","id":297102,"properties":{"OBJECTID":297102,"PRIMENAME":"Midwood Drive","ELEVTYP_F":0,"ELEVTYP_T":0},"geometry":{"type":"LineString","coordinates":[[-74.0874815936273,40.0640427942302],[-74.0872923460199,40.0639927314625]]}},{"type":"Feature","id":297138,"properties":{"OBJECTID":297138,"PRIMENAME":"Elgin Parkway","ELEVTYP_F":0,"ELEVTYP_T":0},"geometry":{"type":"LineString","coordinates":[[-74.0849215509828,40.0627651163864],[-74.0849194205854,40.0627866326923],[-74.0848965461059,40.0628761853257],[-74.0846921279385,40.0634247927438]]}},{"type":"Feature","id":297177,"properties":{"OBJECTID":297177,"PRIMENAME":"Eileen Way","ELEVTYP_F":0,"ELEVTYP_T":0},"geometry":{"type":"LineString","coordinates":[[-74.0635540395305,40.0647816329602],[-74.0619564187949,40.0648365768764]]}},{"type":"Feature","id":297317,"properties":{"OBJECTID":297317,"PRIMENAME":"Hollywood Boulevard","ELEVTYP_F":0,"ELEVTYP_T":0},"geometry":{"type":"LineString","coordinates":[[-74.0631322449366,40.0722757650756],[-74.06312609482,40.0727071141111],[-74.0631211050346,40.0728335455635],[-74.0631247482191,40.0729178678869],[-74.0631369569282,40.0729924769981],[-74.0631576825411,40.0730541599352],[-74.0631702785219,40.0730962383272]]}},{"type":"Feature","id":297467,"properties":{"OBJECTID":297467,"PRIMENAME":"Laguna Drive","ELEVTYP_F":0,"ELEVTYP_T":0},"geometry":{"type":"LineString","coordinates":[[-74.0704053042582,40.0682610514433],[-74.0703569506504,40.0683134727261],[-74.0702888982276,40.0683618128309],[-74.0702208664479,40.0684066663811],[-74.0701529009816,40.0684411423282],[-74.0701000515784,40.0684640346459]]}},{"type":"Feature","id":297774,"properties":{"OBJECTID":297774,"PRIMENAME":"Joseph Street","ELEVTYP_F":0,"ELEVTYP_T":0},"geometry":{"type":"LineString","coordinates":[[-74.0576980949654,40.0760304283865],[-74.0573865574995,40.077579217679]]}},{"type":"Feature","id":298305,"properties":{"OBJECTID":298305,"PRIMENAME":"Old Farm Road","ELEVTYP_F":0,"ELEVTYP_T":0},"geometry":{"type":"LineString","coordinates":[[-74.0614665373311,40.0807679936694],[-74.0613482892997,40.0807451340287],[-74.0613093729632,40.0807376117875],[-74.0609947564541,40.0806808255553],[-74.0609556097829,40.0806737607752],[-74.0606822457069,40.0806119150207],[-74.0605491804335,40.0805856595025]]}},{"type":"Feature","id":298651,"properties":{"OBJECTID":298651,"PRIMENAME":"Catherine Street","ELEVTYP_F":0,"ELEVTYP_T":0},"geometry":{"type":"LineString","coordinates":[[-74.060502608003,40.0817924347335],[-74.0602460639509,40.0817321892503]]}},{"type":"Feature","id":299008,"properties":{"OBJECTID":299008,"PRIMENAME":"Dorsett Dock Road","ELEVTYP_F":0,"ELEVTYP_T":0},"geometry":{"type":"LineString","coordinates":[[-74.0816411967371,40.0659278490871],[-74.0817280234832,40.0654545389433]]}},{"type":"Feature","id":299189,"properties":{"OBJECTID":299189,"PRIMENAME":"Mossbank Road","ELEVTYP_F":0,"ELEVTYP_T":0},"geometry":{"type":"LineString","coordinates":[[-74.0862081043085,40.0729048559368],[-74.0859752080334,40.073201754772]]}},{"type":"Feature","id":299645,"properties":{"OBJECTID":299645,"PRIMENAME":"Impatiens Court","ELEVTYP_F":0,"ELEVTYP_T":0},"geometry":{"type":"LineString","coordinates":[[-74.091563542675,40.0920786446198],[-74.0912281181729,40.0919442509074]]}},{"type":"Feature","id":299990,"properties":{"OBJECTID":299990,"PRIMENAME":"Robin Hood Road","ELEVTYP_F":0,"ELEVTYP_T":0},"geometry":{"type":"LineString","coordinates":[[-74.0875337411165,40.063340697187],[-74.0878375385115,40.063408462306],[-74.0880345759747,40.0634520452567],[-74.0881906856964,40.0634869167807],[-74.0883096508406,40.0635073530519],[-74.0884658449082,40.0635222110351]]}},{"type":"Feature","id":300510,"properties":{"OBJECTID":300510,"PRIMENAME":"Carroll Fox Road","ELEVTYP_F":0,"ELEVTYP_T":0},"geometry":{"type":"LineString","coordinates":[[-74.0916115323293,40.0601446462481],[-74.0915272651867,40.0601301010609],[-74.0912150588909,40.0600603668185],[-74.0908395469908,40.0599961456227],[-74.0905830296347,40.0599523293336],[-74.0904156427784,40.0599345794298],[-74.0901700685485,40.059925146283],[-74.0899133632962,40.0599127891862],[-74.0897905672262,40.0599066449599],[-74.089780185867,40.0599069270496],[-74.0896975160333,40.0599091697716],[-74.0896044132735,40.0599202887747],[-74.089526157208,40.0599400250301],[-74.089447744648,40.0599797741605],[-74.0893693179267,40.0600281158344],[-74.0893244000699,40.0600708387983],[-74.0892868975194,40.0601164702612],[-74.0892568444401,40.0601649833307],[-74.0892379214322,40.0602163910616],[-74.0892263956171,40.0602735354332],[-74.0892260520577,40.0603307473719],[-74.0892256743797,40.0603936407839],[-74.0892484265589,40.0605256077659]]}},{"type":"Feature","id":300678,"properties":{"OBJECTID":300678,"PRIMENAME":"Cole Drive","ELEVTYP_F":0,"ELEVTYP_T":0},"geometry":{"type":"LineString","coordinates":[[-74.0702788382216,40.0963281333314],[-74.0703636478709,40.0962743371316],[-74.0705132614337,40.096170048859]]}},{"type":"Feature","id":300738,"properties":{"OBJECTID":300738,"PRIMENAME":"Edgar Road","ELEVTYP_F":0,"ELEVTYP_T":0},"geometry":{"type":"LineString","coordinates":[[-74.0716860371283,40.0735310216185],[-74.0711448523861,40.0734527820207]]}},{"type":"Feature","id":300790,"properties":{"OBJECTID":300790,"PRIMENAME":"Loveland Place","ELEVTYP_F":0,"ELEVTYP_T":0},"geometry":{"type":"LineString","coordinates":[[-74.0610731111003,40.0709062471186],[-74.0607199500061,40.0708732275131]]}},{"type":"Feature","id":300919,"properties":{"OBJECTID":300919,"PRIMENAME":"Blaze Drive","ELEVTYP_F":0,"ELEVTYP_T":0},"geometry":{"type":"LineString","coordinates":[[-74.0694199643124,40.0697844803844],[-74.0694086403803,40.0696307275112],[-74.0693713645258,40.0690074278603]]}},{"type":"Feature","id":301110,"properties":{"OBJECTID":301110,"PRIMENAME":"Rue Rivoli","ELEVTYP_F":0,"ELEVTYP_T":0},"geometry":{"type":"LineString","coordinates":[[-74.0649018649033,40.0714043612057],[-74.0650520315606,40.0706834813467]]}},{"type":"Feature","id":301124,"properties":{"OBJECTID":301124,"PRIMENAME":"Honeysuckle Lane","ELEVTYP_F":0,"ELEVTYP_T":0},"geometry":{"type":"LineString","coordinates":[[-74.0842714749525,40.0711725694942],[-74.0833286838055,40.0709881283571]]}},{"type":"Feature","id":301178,"properties":{"OBJECTID":301178,"PRIMENAME":"Chestnut Street","ELEVTYP_F":0,"ELEVTYP_T":0},"geometry":{"type":"LineString","coordinates":[[-74.0783687860789,40.0794120189054],[-74.0792281807786,40.0795986130731]]}},{"type":"Feature","id":301473,"properties":{"OBJECTID":301473,"PRIMENAME":"Arnold Avenue","ELEVTYP_F":0,"ELEVTYP_T":0},"geometry":{"type":"LineString","coordinates":[[-74.0615509418212,40.0868983021401],[-74.0610442348322,40.0874975797432]]}},{"type":"Feature","id":301780,"properties":{"OBJECTID":301780,"PRIMENAME":"Seagull Terrace","ELEVTYP_F":0,"ELEVTYP_T":0},"geometry":{"type":"LineString","coordinates":[[-74.0691412060656,40.0640679243688],[-74.0678956959625,40.0640828055596],[-74.0678195238363,40.0640707988805]]}},{"type":"Feature","id":301824,"properties":{"OBJECTID":301824,"PRIMENAME":"Anchor Court","ELEVTYP_F":0,"ELEVTYP_T":0},"geometry":{"type":"LineString","coordinates":[[-74.053217444659,40.0645016867596],[-74.0532683009784,40.0646804114936],[-74.0533210900812,40.0648202696433],[-74.0533781556286,40.0649346671854],[-74.0534558101403,40.0650587265536],[-74.0535212952745,40.0651478172139],[-74.0536073697959,40.0652465138235],[-74.0537140752115,40.0653484747013],[-74.0537923487084,40.0654125021837]]}},{"type":"Feature","id":301926,"properties":{"OBJECTID":301926,"PRIMENAME":"Dorset Dock Road","ELEVTYP_F":0,"ELEVTYP_T":0},"geometry":{"type":"LineString","coordinates":[[-74.0710006156208,40.0742516852974],[-74.0712711618055,40.0742929334676],[-74.071947960685,40.0744012128083],[-74.0724091186777,40.0744772591458],[-74.0726247972559,40.0745038067563],[-74.0727550330277,40.0745128518384],[-74.0728037855191,40.0745114671208]]}},{"type":"Feature","id":301995,"properties":{"OBJECTID":301995,"PRIMENAME":"Dorset Dock Road","ELEVTYP_F":0,"ELEVTYP_T":0},"geometry":{"type":"LineString","coordinates":[[-74.0768089909936,40.0697176522482],[-74.0770959219886,40.0693721305772]]}},{"type":"Feature","id":302356,"properties":{"OBJECTID":302356,"PRIMENAME":"Dorset Dock Road","ELEVTYP_F":0,"ELEVTYP_T":0},"geometry":{"type":"LineString","coordinates":[[-74.0762499887129,40.0703908212062],[-74.0768089909936,40.0697176522482]]}},{"type":"Feature","id":302453,"properties":{"OBJECTID":302453,"PRIMENAME":"Patterson Road","ELEVTYP_F":0,"ELEVTYP_T":0},"geometry":{"type":"LineString","coordinates":[[-74.0664946874551,40.0735110525685],[-74.0664956479726,40.0734383323095],[-74.0665022799292,40.0728150325497]]}},{"type":"Feature","id":302770,"properties":{"OBJECTID":302770,"PRIMENAME":"Rispo Drive","ELEVTYP_F":0,"ELEVTYP_T":0},"geometry":{"type":"LineString","coordinates":[[-74.085197530823,40.0817672008663],[-74.0853030759975,40.0820725841208]]}},{"type":"Feature","id":303076,"properties":{"OBJECTID":303076,"PRIMENAME":"Highland Drive","ELEVTYP_F":0,"ELEVTYP_T":0},"geometry":{"type":"LineString","coordinates":[[-74.083839056951,40.0808124483392],[-74.0843048932871,40.0821090053843],[-74.0843046672256,40.0821461761833],[-74.0842821388795,40.0821775844756]]}},{"type":"Feature","id":303176,"properties":{"OBJECTID":303176,"PRIMENAME":"Atlantic Avenue","ELEVTYP_F":0,"ELEVTYP_T":0},"geometry":{"type":"LineString","coordinates":[[-74.0477491212217,40.0880955110449],[-74.0481677130441,40.0880619770366],[-74.048957510013,40.087993567093],[-74.0492182809012,40.0879732781117]]}},{"type":"Feature","id":303282,"properties":{"OBJECTID":303282,"PRIMENAME":"Laura Herbert Drive","ELEVTYP_F":0,"ELEVTYP_T":0},"geometry":{"type":"LineString","coordinates":[[-74.0721761360903,40.078272491384],[-74.0721885292847,40.0782339100064],[-74.0721991490502,40.0781929892817],[-74.0722015252994,40.0781673841318],[-74.0721930435556,40.0781349584631],[-74.0721741460918,40.0781166595366],[-74.0721540644471,40.0781047259388],[-74.0721268126101,40.0780964163659],[-74.0720947847487,40.0780917405573],[-74.0720627125194,40.0780943403789],[-74.0720341954358,40.0780997256604],[-74.0720127621688,40.0781096666943],[-74.0719913230479,40.0781205417219],[-74.0719769618992,40.078136905604],[-74.0719661675767,40.0781541887611],[-74.0719648968226,40.0781592081348]]}},{"type":"Feature","id":303312,"properties":{"OBJECTID":303312,"PRIMENAME":"Shore Boulevard","ELEVTYP_F":0,"ELEVTYP_T":0},"geometry":{"type":"LineString","coordinates":[[-74.055155035598,40.0669908614833],[-74.0553127235432,40.0671276348265],[-74.0568776691281,40.0682314305219]]}},{"type":"Feature","id":303375,"properties":{"OBJECTID":303375,"PRIMENAME":"Barclay Drive","ELEVTYP_F":0,"ELEVTYP_T":0},"geometry":{"type":"LineString","coordinates":[[-74.0897661890159,40.0856101582562],[-74.0901160394307,40.0862624588426],[-74.0901266681522,40.086290032428],[-74.0901340373167,40.0863187194447],[-74.090133278214,40.0863498762229],[-74.0901275884852,40.0863749205678],[-74.0901176675333,40.086402173751],[-74.0901028680231,40.0864263626272],[-74.0900840280888,40.0864447997915],[-74.0900599963911,40.0864590177492],[-74.0900049285622,40.0864869073576],[-74.0894765717394,40.0866503744726]]}},{"type":"Feature","id":303570,"properties":{"OBJECTID":303570,"PRIMENAME":"Maple Avenue","ELEVTYP_F":0,"ELEVTYP_T":0},"geometry":{"type":"LineString","coordinates":[[-74.0615509418212,40.0868983021401],[-74.0607034437951,40.0866834547642],[-74.0606291050096,40.086666014642]]}},{"type":"Feature","id":303582,"properties":{"OBJECTID":303582,"PRIMENAME":"Chadwick Court","ELEVTYP_F":0,"ELEVTYP_T":0},"geometry":{"type":"LineString","coordinates":[[-74.0575545224429,40.0810857136498],[-74.0571718977602,40.0819794718132]]}},{"type":"Feature","id":303595,"properties":{"OBJECTID":303595,"PRIMENAME":"Seagull Terrace","ELEVTYP_F":0,"ELEVTYP_T":0},"geometry":{"type":"LineString","coordinates":[[-74.0678195238363,40.0640707988805],[-74.0678131695941,40.0640697862128],[-74.0677224859916,40.064047238535],[-74.0676400797831,40.0640152229399],[-74.0675536856521,40.0639641111619],[-74.0674302134201,40.0639002061109],[-74.0673602414534,40.0638682088202],[-74.067302551381,40.0638489679766],[-74.0672241703774,40.0638359645932],[-74.0671498375767,40.063832529961],[-74.0670507804871,40.0638289749679],[-74.0665676475098,40.0638271684973]]}},{"type":"Feature","id":304142,"properties":{"OBJECTID":304142,"PRIMENAME":"Holly Avenue","ELEVTYP_F":0,"ELEVTYP_T":0},"geometry":{"type":"LineString","coordinates":[[-74.0501336228934,40.0722133073546],[-74.0500213758319,40.0726755948781]]}},{"type":"Feature","id":304216,"properties":{"OBJECTID":304216,"PRIMENAME":"Sea Point Drive","ELEVTYP_F":0,"ELEVTYP_T":0},"geometry":{"type":"LineString","coordinates":[[-74.0776201940822,40.0655577202885],[-74.07703888698,40.0653336969089],[-74.0772124576946,40.0651241062687],[-74.0772847375984,40.0649063611126],[-74.0777648308464,40.0642891194196]]}},{"type":"Feature","id":304232,"properties":{"OBJECTID":304232,"PRIMENAME":"Tyler Street","ELEVTYP_F":0,"ELEVTYP_T":0},"geometry":{"type":"LineString","coordinates":[[-74.0532582253082,40.0817933845496],[-74.0538295427233,40.0803886115073]]}},{"type":"Feature","id":304272,"properties":{"OBJECTID":304272,"PRIMENAME":"Mossbank Road","ELEVTYP_F":0,"ELEVTYP_T":0},"geometry":{"type":"LineString","coordinates":[[-74.083904545766,40.0756841779065],[-74.0839060324781,40.0756219470758],[-74.0839138487618,40.0755590247278],[-74.083934391018,40.0754910555593]]}},{"type":"Feature","id":304389,"properties":{"OBJECTID":304389,"PRIMENAME":"Meli Drive","ELEVTYP_F":0,"ELEVTYP_T":0},"geometry":{"type":"LineString","coordinates":[[-74.0637906190814,40.076734341287],[-74.063435886547,40.0763437459305]]}},{"type":"Feature","id":304472,"properties":{"OBJECTID":304472,"PRIMENAME":"Club Drive","ELEVTYP_F":0,"ELEVTYP_T":0},"geometry":{"type":"LineString","coordinates":[[-74.0477340967063,40.0686616213112],[-74.0477704641828,40.0685117309778],[-74.0479834794511,40.0676501471431]]}},{"type":"Feature","id":304635,"properties":{"OBJECTID":304635,"PRIMENAME":"North Stream Parkway","ELEVTYP_F":0,"ELEVTYP_T":0},"geometry":{"type":"LineString","coordinates":[[-74.0827196100774,40.0763322318741],[-74.0829218736036,40.0756596427243],[-74.0829948235538,40.0754174384497]]}},{"type":"Feature","id":304994,"properties":{"OBJECTID":304994,"PRIMENAME":"Osborn Avenue","ELEVTYP_F":0,"ELEVTYP_T":0},"geometry":{"type":"LineString","coordinates":[[-74.0695604726877,40.086549981976],[-74.0697677274607,40.0855641677483],[-74.0698220431185,40.085299089421]]}},{"type":"Feature","id":305352,"properties":{"OBJECTID":305352,"PRIMENAME":"Herbertsville Road","ELEVTYP_F":0,"ELEVTYP_T":0},"geometry":{"type":"LineString","coordinates":[[-74.0808638496624,40.0856498154686],[-74.0816252493488,40.0860299670961]]}},{"type":"Feature","id":305723,"properties":{"OBJECTID":305723,"PRIMENAME":"River Road","ELEVTYP_F":0,"ELEVTYP_T":0},"geometry":{"type":"LineString","coordinates":[[-74.0811983262893,40.0894048604983],[-74.0805944006369,40.0892070992055],[-74.0805785338729,40.0892018069344]]}},{"type":"Feature","id":306076,"properties":{"OBJECTID":306076,"PRIMENAME":"Bay Boulevard","ELEVTYP_F":0,"ELEVTYP_T":0},"geometry":{"type":"LineString","coordinates":[[-74.0563555626128,40.0659650346597],[-74.0580957937216,40.0671966489357]]}},{"type":"Feature","id":306105,"properties":{"OBJECTID":306105,"PRIMENAME":"Oriole Way","ELEVTYP_F":0,"ELEVTYP_T":0},"geometry":{"type":"LineString","coordinates":[[-74.0763573164985,40.0667999447788],[-74.0766256650517,40.0664704713758],[-74.0769105792885,40.0661426493555],[-74.0769332292892,40.0660912573171],[-74.0769446958966,40.0660398244367],[-74.0769412982428,40.0659883372763],[-74.0769230011934,40.0659367957064],[-74.0768898222865,40.0658880549891],[-74.0768231107828,40.065842074009],[-74.0767870912166,40.0658263504935],[-74.0761138712759,40.0655324710003]]}},{"type":"Feature","id":306339,"properties":{"OBJECTID":306339,"PRIMENAME":"FR RT 88 WB to RT 88 EB","ELEVTYP_F":0,"ELEVTYP_T":0},"geometry":{"type":"LineString","coordinates":[[-74.0500588828773,40.0812950533448],[-74.0500746262026,40.081285578665],[-74.0500899116392,40.0812756714524],[-74.0501047190586,40.0812653447535],[-74.0501190289619,40.0812546121668],[-74.0501328225055,40.0812434878255],[-74.0501460815257,40.0812319863785],[-74.0501587885625,40.0812201229717],[-74.0501709268832,40.0812079132271],[-74.0501799114741,40.0811964321822],[-74.0501880574027,40.0811845877084],[-74.050195339834,40.0811724159175],[-74.0502017365655,40.0811599539193],[-74.0502072280952,40.0811472397081],[-74.0502117976808,40.0811343120475],[-74.050215431391,40.0811212103516],[-74.0502181181479,40.0811079745652],[-74.0502191364443,40.0810932289907],[-74.0502188632175,40.0810784641755],[-74.0502172997019,40.0810637467923],[-74.0502144529587,40.0810491432992],[-74.0502114837226,40.081038305376],[-74.0502078073608,40.0810275961403],[-74.050203433213,40.0810170427975],[-74.0501983723913,40.0810066721566],[-74.0501926377521,40.0809965105628],[-74.050186243864,40.0809865838299],[-74.0501792069697,40.0809769171753],[-74.0501715449456,40.0809675351556]]}},{"type":"Feature","id":306619,"properties":{"OBJECTID":306619,"PRIMENAME":"Franklin Street","ELEVTYP_F":0,"ELEVTYP_T":0},"geometry":{"type":"LineString","coordinates":[[-74.0565640803737,40.0763753254029],[-74.0553265316063,40.0764140843057]]}},{"type":"Feature","id":307216,"properties":{"OBJECTID":307216,"PRIMENAME":"Main Avenue","ELEVTYP_F":0,"ELEVTYP_T":0},"geometry":{"type":"LineString","coordinates":[[-74.0916998964436,40.0963377290029],[-74.0918986221499,40.0962050900958],[-74.0928295593972,40.0955735400944],[-74.093583148059,40.0950730252787]]}},{"type":"Feature","id":307435,"properties":{"OBJECTID":307435,"PRIMENAME":"Brainard Place","ELEVTYP_F":0,"ELEVTYP_T":0},"geometry":{"type":"LineString","coordinates":[[-74.0746599516396,40.0967229640418],[-74.0747366974515,40.0966431924311],[-74.0756736415651,40.0956695446083],[-74.0757915823687,40.0955513240685],[-74.0761240644596,40.0952180524925]]}},{"type":"Feature","id":307443,"properties":{"OBJECTID":307443,"PRIMENAME":"Adelaide Road","ELEVTYP_F":0,"ELEVTYP_T":0},"geometry":{"type":"LineString","coordinates":[[-74.0891372161279,40.088264884902],[-74.0890107029543,40.0883235593577]]}},{"type":"Feature","id":307615,"properties":{"OBJECTID":307615,"PRIMENAME":"Roberts Drive","ELEVTYP_F":0,"ELEVTYP_T":0},"geometry":{"type":"LineString","coordinates":[[-74.0701073016203,40.0740120289391],[-74.0699502905307,40.074692038621]]}},{"type":"Feature","id":307618,"properties":{"OBJECTID":307618,"PRIMENAME":"Acacia Avenue","ELEVTYP_F":0,"ELEVTYP_T":0},"geometry":{"type":"LineString","coordinates":[[-74.0858061631861,40.0816395796999],[-74.0858496774235,40.0817662124361],[-74.0858821637532,40.0818135204004],[-74.0859268867535,40.0818703437861],[-74.086126437177,40.0820566681685]]}},{"type":"Feature","id":307693,"properties":{"OBJECTID":307693,"PRIMENAME":"Beaver Dam Road","ELEVTYP_F":0,"ELEVTYP_T":0},"geometry":{"type":"LineString","coordinates":[[-74.0698137135372,40.076042970648],[-74.0696239386165,40.0765729915261],[-74.0695145972784,40.0768831084538]]}},{"type":"Feature","id":308039,"properties":{"OBJECTID":308039,"PRIMENAME":"Bay Avenue","ELEVTYP_F":0,"ELEVTYP_T":0},"geometry":{"type":"LineString","coordinates":[[-74.0520313573581,40.0868973766686],[-74.0519892914977,40.0873386052111],[-74.0519477719577,40.0877618823293]]}},{"type":"Feature","id":308264,"properties":{"OBJECTID":308264,"PRIMENAME":"Oak Tree Road","ELEVTYP_F":0,"ELEVTYP_T":0},"geometry":{"type":"LineString","coordinates":[[-74.0721372921833,40.07026034679],[-74.0755958765045,40.0711808373908]]}},{"type":"Feature","id":308324,"properties":{"OBJECTID":308324,"PRIMENAME":"Forman Avenue","ELEVTYP_F":0,"ELEVTYP_T":0},"geometry":{"type":"LineString","coordinates":[[-74.0518627456189,40.0886276170714],[-74.0503106820734,40.0887507965567],[-74.0493288560761,40.0888260462858]]}},{"type":"Feature","id":308511,"properties":{"OBJECTID":308511,"PRIMENAME":"5th Street","ELEVTYP_F":0,"ELEVTYP_T":0},"geometry":{"type":"LineString","coordinates":[[-74.0720396813853,40.0588480822597],[-74.072101158245,40.0593419820193],[-74.0721372860359,40.0596322288901],[-74.0721398111436,40.0596533676542]]}},{"type":"Feature","id":309090,"properties":{"OBJECTID":309090,"PRIMENAME":"Northwest Drive","ELEVTYP_F":0,"ELEVTYP_T":0},"geometry":{"type":"LineString","coordinates":[[-74.0620027848041,40.0668470716991],[-74.0623704810594,40.0658561914078],[-74.062389389486,40.065804787193],[-74.0624230699629,40.0657791914504],[-74.0624715403507,40.0657650714699],[-74.0634283504455,40.0657257709429],[-74.0635066202354,40.0657117907398],[-74.0635588796251,40.0656862088195],[-74.063585182296,40.0656463080216],[-74.0635966027554,40.0656091793428],[-74.0636006475036,40.0655519824074],[-74.0635540395305,40.0647816329602]]}},{"type":"Feature","id":309130,"properties":{"OBJECTID":309130,"PRIMENAME":"Rue Mirador","ELEVTYP_F":0,"ELEVTYP_T":0},"geometry":{"type":"LineString","coordinates":[[-74.0595764963701,40.0647404621316],[-74.0596026072202,40.064528028787],[-74.0596095331349,40.0644790239547]]}},{"type":"Feature","id":309361,"properties":{"OBJECTID":309361,"PRIMENAME":"Allen Street","ELEVTYP_F":0,"ELEVTYP_T":0},"geometry":{"type":"LineString","coordinates":[[-74.0724674345129,40.0843237261504],[-74.0726554600759,40.0843476731234],[-74.0737570816948,40.0844828483704]]}},{"type":"Feature","id":309384,"properties":{"OBJECTID":309384,"PRIMENAME":"Roberts Drive","ELEVTYP_F":0,"ELEVTYP_T":0},"geometry":{"type":"LineString","coordinates":[[-74.0699502905307,40.074692038621],[-74.0697965097835,40.075358086635]]}},{"type":"Feature","id":309491,"properties":{"OBJECTID":309491,"PRIMENAME":"Riverwood Avenue","ELEVTYP_F":0,"ELEVTYP_T":0},"geometry":{"type":"LineString","coordinates":[[-74.0872047042629,40.0814293942543],[-74.0874294843367,40.0812967446766],[-74.0874910732034,40.0812655298052],[-74.0875608408655,40.0812468906799],[-74.0877577234443,40.0812003996441],[-74.0881637816828,40.0811074593695],[-74.0883553817913,40.0810655330655]]}},{"type":"Feature","id":309530,"properties":{"OBJECTID":309530,"PRIMENAME":"North Manetta Drive","ELEVTYP_F":0,"ELEVTYP_T":0},"geometry":{"type":"LineString","coordinates":[[-74.0487074817344,40.0834447275937],[-74.0488351534294,40.0834360882816],[-74.049048408406,40.083422481448],[-74.0491486220611,40.0834160875056],[-74.0492417239798,40.0834164498183],[-74.0493495835362,40.0834225789565],[-74.0494724514926,40.0834345055771],[-74.049561597851,40.0834548656323],[-74.049676790909,40.0834924850649]]}},{"type":"Feature","id":309787,"properties":{"OBJECTID":309787,"PRIMENAME":"Charleston Street","ELEVTYP_F":0,"ELEVTYP_T":0},"geometry":{"type":"LineString","coordinates":[[-74.0481013474262,40.0786884673349],[-74.0482188949734,40.0784809702029]]}},{"type":"Feature","id":309889,"properties":{"OBJECTID":309889,"PRIMENAME":"River Road","ELEVTYP_F":0,"ELEVTYP_T":0},"geometry":{"type":"LineString","coordinates":[[-74.088293338834,40.0956245740123],[-74.0878715187624,40.0951636178496],[-74.087611340185,40.0948757793456],[-74.0874151248709,40.0946574321587],[-74.0873659171336,40.0946122439256],[-74.0872928001977,40.0945450971973],[-74.0872814714083,40.0945334117944]]}},{"type":"Feature","id":310749,"properties":{"OBJECTID":310749,"PRIMENAME":"Lynn Avenue","ELEVTYP_F":0,"ELEVTYP_T":0},"geometry":{"type":"LineString","coordinates":[[-74.0806535689074,40.0782827891665],[-74.0809675232642,40.0774519038819],[-74.0809979490884,40.0773713811119],[-74.0810394286857,40.0772857400355]]}},{"type":"Feature","id":311149,"properties":{"OBJECTID":311149,"PRIMENAME":"Davis Avenue","ELEVTYP_F":0,"ELEVTYP_T":0},"geometry":{"type":"LineString","coordinates":[[-74.0630286124369,40.0895679115436],[-74.0630865611776,40.0895106425821],[-74.0631273604763,40.0894355751958],[-74.0633180008752,40.0890465142816]]}},{"type":"Feature","id":311379,"properties":{"OBJECTID":311379,"PRIMENAME":"Delaware Avenue","ELEVTYP_F":0,"ELEVTYP_T":0},"geometry":{"type":"LineString","coordinates":[[-74.0530149413599,40.0801108841739],[-74.0521902190483,40.079829653325]]}},{"type":"Feature","id":311629,"properties":{"OBJECTID":311629,"PRIMENAME":"Cottage Place","ELEVTYP_F":0,"ELEVTYP_T":0},"geometry":{"type":"LineString","coordinates":[[-74.0563362196542,40.0785179429408],[-74.056411077171,40.0781792582016],[-74.0564359985249,40.0780665003595]]}},{"type":"Feature","id":312070,"properties":{"OBJECTID":312070,"PRIMENAME":"Front Street","ELEVTYP_F":0,"ELEVTYP_T":0},"geometry":{"type":"LineString","coordinates":[[-74.0652979069319,40.086010779518],[-74.0654320312335,40.0860299234843],[-74.0665443131382,40.0861713572258]]}},{"type":"Feature","id":312078,"properties":{"OBJECTID":312078,"PRIMENAME":"Johnson Avenue","ELEVTYP_F":0,"ELEVTYP_T":0},"geometry":{"type":"LineString","coordinates":[[-74.0640792226621,40.0826424466433],[-74.0642333303802,40.0817908521544],[-74.0642832321827,40.0815651280644]]}},{"type":"Feature","id":312226,"properties":{"OBJECTID":312226,"PRIMENAME":"Clark Street","ELEVTYP_F":0,"ELEVTYP_T":0},"geometry":{"type":"LineString","coordinates":[[-74.0597626054179,40.0901081590837],[-74.0597743320427,40.0905110406151]]}},{"type":"Feature","id":312321,"properties":{"OBJECTID":312321,"PRIMENAME":"Beach Boulevard","ELEVTYP_F":0,"ELEVTYP_T":0},"geometry":{"type":"LineString","coordinates":[[-74.0650520315606,40.0706834813467],[-74.062909339794,40.0704243574023]]}},{"type":"Feature","id":312332,"properties":{"OBJECTID":312332,"PRIMENAME":"Morning Glory Court","ELEVTYP_F":0,"ELEVTYP_T":0},"geometry":{"type":"LineString","coordinates":[[-74.0917030694534,40.0883976060616],[-74.091618247164,40.0883482751626],[-74.0915330898043,40.0883151960147],[-74.091455618337,40.0882940582706],[-74.09135480735,40.0882787962224],[-74.0912539428868,40.0882724822771],[-74.0911607981948,40.088278111651],[-74.0910675470194,40.0882956540327],[-74.0909547630081,40.088339977008],[-74.0908613154451,40.0883902983292],[-74.0907834145247,40.088440701517],[-74.0907248697063,40.0885000953003],[-74.0905942932987,40.0886771360261],[-74.09052533917,40.0887706273538]]}},{"type":"Feature","id":312364,"properties":{"OBJECTID":312364,"PRIMENAME":"Chatham Lane","ELEVTYP_F":0,"ELEVTYP_T":0},"geometry":{"type":"LineString","coordinates":[[-74.0877042290025,40.0930153525715],[-74.0876059624536,40.0930189676112],[-74.0874831078689,40.0930185301618],[-74.0873602859047,40.0930066719286],[-74.0872412871914,40.0929833523776],[-74.0870814616981,40.0929313082309],[-74.0868622602708,40.0928561835484],[-74.0867321951209,40.092812837657],[-74.0866243668065,40.092786702132],[-74.0865202213768,40.0927663170587],[-74.0864181089902,40.0927524178255]]}},{"type":"Feature","id":312382,"properties":{"OBJECTID":312382,"PRIMENAME":"Dwight Avenue","ELEVTYP_F":0,"ELEVTYP_T":0},"geometry":{"type":"LineString","coordinates":[[-74.0767811603539,40.0756169189216],[-74.0759207529088,40.075383852254],[-74.075901884573,40.0753780178385]]}},{"type":"Feature","id":312387,"properties":{"OBJECTID":312387,"PRIMENAME":"Smith Drive","ELEVTYP_F":0,"ELEVTYP_T":0},"geometry":{"type":"LineString","coordinates":[[-74.0893629096065,40.0897678120234],[-74.0891439024084,40.0894952759035],[-74.0888088146101,40.0890486234609]]}},{"type":"Feature","id":312669,"properties":{"OBJECTID":312669,"PRIMENAME":"Bridge Avenue","ELEVTYP_F":0,"ELEVTYP_T":0},"geometry":{"type":"LineString","coordinates":[[-74.0548463616982,40.0718728871452],[-74.0547544306263,40.0718555440663]]}},{"type":"Feature","id":312688,"properties":{"OBJECTID":312688,"PRIMENAME":"Unnamed Segment","ELEVTYP_F":0,"ELEVTYP_T":0},"geometry":{"type":"LineString","coordinates":[[-74.070447224918,40.0748455600644],[-74.0714746192266,40.0752891739201]]}},{"type":"Feature","id":312736,"properties":{"OBJECTID":312736,"PRIMENAME":"Riverwood Pike","ELEVTYP_F":0,"ELEVTYP_T":0},"geometry":{"type":"LineString","coordinates":[[-74.0564470968711,40.0912256913658],[-74.05643993098,40.0911582165613]]}},{"type":"Feature","id":312938,"properties":{"OBJECTID":312938,"PRIMENAME":"Kickapoo Avenue","ELEVTYP_F":0,"ELEVTYP_T":0},"geometry":{"type":"LineString","coordinates":[[-74.0861947476954,40.0753833403094],[-74.086344911256,40.0753538699628],[-74.0871462955377,40.0751822912095],[-74.0886765636819,40.0748716935597]]}},{"type":"Feature","id":313017,"properties":{"OBJECTID":313017,"PRIMENAME":"Herbertsville Road","ELEVTYP_F":0,"ELEVTYP_T":0},"geometry":{"type":"LineString","coordinates":[[-74.0852319240487,40.0877194464742],[-74.085599798129,40.0878533621192]]}},{"type":"Feature","id":313454,"properties":{"OBJECTID":313454,"PRIMENAME":"Ocean Road","ELEVTYP_F":0,"ELEVTYP_T":0},"geometry":{"type":"LineString","coordinates":[[-74.0577841757616,40.0828654730966],[-74.0575265629602,40.082798903664]]}},{"type":"Feature","id":313497,"properties":{"OBJECTID":313497,"PRIMENAME":"Bridge Avenue","ELEVTYP_F":0,"ELEVTYP_T":0},"geometry":{"type":"LineString","coordinates":[[-74.0523631041795,40.0715362719902],[-74.0522001333049,40.0715123889414],[-74.0521904988575,40.0715109313056],[-74.0512890665822,40.0713744801836],[-74.0503736585997,40.0712396223845]]}},{"type":"Feature","id":313695,"properties":{"OBJECTID":313695,"PRIMENAME":"Cohocton Avenue","ELEVTYP_F":0,"ELEVTYP_T":0},"geometry":{"type":"LineString","coordinates":[[-74.0842336309438,40.0772079693419],[-74.0853430188873,40.0769903433156],[-74.0860724724994,40.0768329274897]]}},{"type":"Feature","id":313701,"properties":{"OBJECTID":313701,"PRIMENAME":"East Drive","ELEVTYP_F":0,"ELEVTYP_T":0},"geometry":{"type":"LineString","coordinates":[[-74.0691222093681,40.0630564479743],[-74.0690334097112,40.0629731816075],[-74.0689112049086,40.0628726596427],[-74.0687851394105,40.0627949648272],[-74.0686886561781,40.0627517235434],[-74.0685772203614,40.0627169921183],[-74.0684582808499,40.0626936534608],[-74.0683703362835,40.0626846224252]]}},{"type":"Feature","id":313762,"properties":{"OBJECTID":313762,"PRIMENAME":"River Avenue","ELEVTYP_F":0,"ELEVTYP_T":0},"geometry":{"type":"LineString","coordinates":[[-74.0788038784451,40.0709755272174],[-74.0789536292541,40.0706521780825],[-74.0789972552039,40.0705834559839]]}},{"type":"Feature","id":314057,"properties":{"OBJECTID":314057,"PRIMENAME":"Clarks Landing","ELEVTYP_F":0,"ELEVTYP_T":0},"geometry":{"type":"LineString","coordinates":[[-74.0572642338645,40.0911968933162],[-74.0572103238017,40.091769515175],[-74.0570931344869,40.0920153629551],[-74.057054082376,40.0922872826983],[-74.0570645459589,40.0923990156123],[-74.0567180800865,40.0923490034074]]}},{"type":"Feature","id":314060,"properties":{"OBJECTID":314060,"PRIMENAME":"Lakewood Road","ELEVTYP_F":0,"ELEVTYP_T":0},"geometry":{"type":"LineString","coordinates":[[-74.0899363438434,40.078940598787],[-74.0888314983938,40.0791703460182]]}},{"type":"Feature","id":314199,"properties":{"OBJECTID":314199,"PRIMENAME":"Pine Bluff Avenue","ELEVTYP_F":0,"ELEVTYP_T":0},"geometry":{"type":"LineString","coordinates":[[-74.0649970862681,40.0876812177522],[-74.0648032732949,40.0877119239242],[-74.0646803011533,40.0877257648506],[-74.0645611189367,40.0877339095057],[-74.0644158992223,40.0877390739187],[-74.0643005449829,40.0877243371098],[-74.0641741106834,40.0877038481125],[-74.0640216036796,40.0876804056574],[-74.0638876440693,40.087668453605],[-74.0637089901324,40.0876592152854],[-74.0632636346021,40.0876427675089]]}},{"type":"Feature","id":315011,"properties":{"OBJECTID":315011,"PRIMENAME":"Clematis Place","ELEVTYP_F":0,"ELEVTYP_T":0},"geometry":{"type":"LineString","coordinates":[[-74.0875337411165,40.063340697187],[-74.0875342137695,40.0633394910361],[-74.0877576128602,40.0627261563124]]}},{"type":"Feature","id":315373,"properties":{"OBJECTID":315373,"PRIMENAME":"Manorside Drive","ELEVTYP_F":0,"ELEVTYP_T":0},"geometry":{"type":"LineString","coordinates":[[-74.0882078449667,40.0649452407857],[-74.0874815936273,40.0640427942302]]}},{"type":"Feature","id":315486,"properties":{"OBJECTID":315486,"PRIMENAME":"Lakewood Road","ELEVTYP_F":0,"ELEVTYP_T":0},"geometry":{"type":"LineString","coordinates":[[-74.0875351789013,40.0794406258578],[-74.0869776012234,40.0795569354694],[-74.0868628792775,40.0795808649372],[-74.0864065664345,40.0796760486457]]}},{"type":"Feature","id":315549,"properties":{"OBJECTID":315549,"PRIMENAME":"Beaver Dam Road","ELEVTYP_F":0,"ELEVTYP_T":0},"geometry":{"type":"LineString","coordinates":[[-74.0723859830722,40.0651310219773],[-74.0723930729325,40.0654087100877]]}},{"type":"Feature","id":315724,"properties":{"OBJECTID":315724,"PRIMENAME":"Harding Place","ELEVTYP_F":0,"ELEVTYP_T":0},"geometry":{"type":"LineString","coordinates":[[-74.0633180008752,40.0890465142816],[-74.0639429268639,40.0888857423388],[-74.0641579589476,40.088829586448]]}},{"type":"Feature","id":315903,"properties":{"OBJECTID":315903,"PRIMENAME":"Beaver Dam Road","ELEVTYP_F":0,"ELEVTYP_T":0},"geometry":{"type":"LineString","coordinates":[[-74.0688782500536,40.0786533944243],[-74.0687903297219,40.0788976757178],[-74.0685042938871,40.0796998354835]]}},{"type":"Feature","id":315958,"properties":{"OBJECTID":315958,"PRIMENAME":"Eastham Lane","ELEVTYP_F":0,"ELEVTYP_T":0},"geometry":{"type":"LineString","coordinates":[[-74.0905953743623,40.0934335446883],[-74.0899812143193,40.094251836626]]}},{"type":"Feature","id":316276,"properties":{"OBJECTID":316276,"PRIMENAME":"Bridge Avenue","ELEVTYP_F":0,"ELEVTYP_T":0},"geometry":{"type":"LineString","coordinates":[[-74.0905563067769,40.0827721353711],[-74.0907630431795,40.0828673233989]]}},{"type":"Feature","id":316646,"properties":{"OBJECTID":316646,"PRIMENAME":"Sunset Avenue","ELEVTYP_F":0,"ELEVTYP_T":0},"geometry":{"type":"LineString","coordinates":[[-74.0809911216612,40.0748177129683],[-74.0809520392917,40.0749321615368],[-74.0807336713156,40.0755240867999],[-74.0801652716642,40.0770743700108]]}},{"type":"Feature","id":316923,"properties":{"OBJECTID":316923,"PRIMENAME":"Ocean Road","ELEVTYP_F":0,"ELEVTYP_T":0},"geometry":{"type":"LineString","coordinates":[[-74.0562746665986,40.0825113201585],[-74.0558369942867,40.0824015327226],[-74.0552227531295,40.0822556505958]]}},{"type":"Feature","id":317012,"properties":{"OBJECTID":317012,"PRIMENAME":"Park Avenue","ELEVTYP_F":0,"ELEVTYP_T":0},"geometry":{"type":"LineString","coordinates":[[-74.054859497861,40.0729082567255],[-74.0531784436658,40.0726601334811]]}},{"type":"Feature","id":317539,"properties":{"OBJECTID":317539,"PRIMENAME":"Sudbury Road","ELEVTYP_F":0,"ELEVTYP_T":0},"geometry":{"type":"LineString","coordinates":[[-74.0891650795976,40.0949853753892],[-74.0891004059958,40.0949452840925],[-74.0890487418609,40.0949052389148],[-74.0888167099245,40.0946502547947],[-74.0887233619363,40.0945278391787],[-74.088678349554,40.0944579208008],[-74.0886535094856,40.0944038874811],[-74.0886417781811,40.094369419593]]}},{"type":"Feature","id":317798,"properties":{"OBJECTID":317798,"PRIMENAME":"Shady Glen Avenue","ELEVTYP_F":0,"ELEVTYP_T":0},"geometry":{"type":"LineString","coordinates":[[-74.0822092611904,40.0715705248227],[-74.0831404675595,40.0717333554285]]}},{"type":"Feature","id":318107,"properties":{"OBJECTID":318107,"PRIMENAME":"North Stream Parkway","ELEVTYP_F":0,"ELEVTYP_T":0},"geometry":{"type":"LineString","coordinates":[[-74.0840504400288,40.0718924238765],[-74.0841300355184,40.0716432144558],[-74.0842714749525,40.0711725694942]]}},{"type":"Feature","id":318735,"properties":{"OBJECTID":318735,"PRIMENAME":"Trenton Avenue","ELEVTYP_F":0,"ELEVTYP_T":0},"geometry":{"type":"LineString","coordinates":[[-74.0606110389498,40.0894424746382],[-74.0609594496123,40.0894619149034]]}},{"type":"Feature","id":318979,"properties":{"OBJECTID":318979,"PRIMENAME":"River Road","ELEVTYP_F":0,"ELEVTYP_T":0},"geometry":{"type":"LineString","coordinates":[[-74.0888589383494,40.0962580043937],[-74.0888087307905,40.0962016536707]]}},{"type":"Feature","id":319266,"properties":{"OBJECTID":319266,"PRIMENAME":"Grove Street","ELEVTYP_F":0,"ELEVTYP_T":0},"geometry":{"type":"LineString","coordinates":[[-74.0511975623896,40.0926334447901],[-74.0536022735478,40.0924551229377],[-74.0539842256734,40.0924254069214]]}},{"type":"Feature","id":319421,"properties":{"OBJECTID":319421,"PRIMENAME":"Milton Boulevard","ELEVTYP_F":0,"ELEVTYP_T":0},"geometry":{"type":"LineString","coordinates":[[-74.0917164170221,40.0650253584069],[-74.0908205040923,40.06496524574]]}},{"type":"Feature","id":319475,"properties":{"OBJECTID":319475,"PRIMENAME":"Thoroughfare Road","ELEVTYP_F":0,"ELEVTYP_T":0},"geometry":{"type":"LineString","coordinates":[[-74.0842102354906,40.0620144366067],[-74.0841650770763,40.0620198201194],[-74.0839751661792,40.0620448622189],[-74.0837180356932,40.0620897029943],[-74.0835168005108,40.0621261515024],[-74.0833416653874,40.0621655487351],[-74.0831478284414,40.0622191814721],[-74.0830173007957,40.0622616218316],[-74.0828680528729,40.0623211240861],[-74.082771037994,40.0623636848222],[-74.0826067876106,40.0624460293093],[-74.0823714453838,40.062585302522],[-74.0822070717414,40.0626876603642],[-74.0820762620048,40.0627758350931],[-74.0820263544954,40.0628164692],[-74.0819153933474,40.06290681037]]}},{"type":"Feature","id":319850,"properties":{"OBJECTID":319850,"PRIMENAME":"Burnt Tavern Road","ELEVTYP_F":0,"ELEVTYP_T":0},"geometry":{"type":"LineString","coordinates":[[-74.0592492182305,40.078399333893],[-74.0592256179517,40.0783917341187],[-74.0590409779703,40.0783337095173]]}},{"type":"Feature","id":319934,"properties":{"OBJECTID":319934,"PRIMENAME":"Herbertsville Road","ELEVTYP_F":0,"ELEVTYP_T":0},"geometry":{"type":"LineString","coordinates":[[-74.0788083764942,40.0846478971828],[-74.0792313805866,40.0848614827218]]}},{"type":"Feature","id":320088,"properties":{"OBJECTID":320088,"PRIMENAME":"Catherine Street","ELEVTYP_F":0,"ELEVTYP_T":0},"geometry":{"type":"LineString","coordinates":[[-74.0567477242535,40.0808850209828],[-74.0561692149552,40.0807364262753]]}},{"type":"Feature","id":320120,"properties":{"OBJECTID":320120,"PRIMENAME":"Lincoln Avenue","ELEVTYP_F":0,"ELEVTYP_T":0},"geometry":{"type":"LineString","coordinates":[[-74.0561748452357,40.0917628944215],[-74.0562403295764,40.0912398887436]]}},{"type":"Feature","id":320261,"properties":{"OBJECTID":320261,"PRIMENAME":"Maple Street","ELEVTYP_F":0,"ELEVTYP_T":0},"geometry":{"type":"LineString","coordinates":[[-74.0769722179848,40.0784104586414],[-74.0757685557237,40.0781302628106]]}},{"type":"Feature","id":320349,"properties":{"OBJECTID":320349,"PRIMENAME":"Burnt Tavern Road","ELEVTYP_F":0,"ELEVTYP_T":0},"geometry":{"type":"LineString","coordinates":[[-74.0607244476703,40.0790500444088],[-74.0602691704008,40.078790339667],[-74.0601318996449,40.0787183304989],[-74.0600502850944,40.0786722554492],[-74.0599723840496,40.0786376431598],[-74.0599479294177,40.0786281344205]]}},{"type":"Feature","id":320688,"properties":{"OBJECTID":320688,"PRIMENAME":"Bridge Avenue","ELEVTYP_F":0,"ELEVTYP_T":0},"geometry":{"type":"LineString","coordinates":[[-74.0487971759009,40.0710071964244],[-74.0472203557074,40.0707790305006]]}},{"type":"Feature","id":320906,"properties":{"OBJECTID":320906,"PRIMENAME":"Barclay Drive","ELEVTYP_F":0,"ELEVTYP_T":0},"geometry":{"type":"LineString","coordinates":[[-74.0889661863524,40.0867971257376],[-74.0888152938159,40.0868071319329],[-74.088070962985,40.0868424282338]]}},{"type":"Feature","id":320941,"properties":{"OBJECTID":320941,"PRIMENAME":"Cedar Avenue","ELEVTYP_F":0,"ELEVTYP_T":0},"geometry":{"type":"LineString","coordinates":[[-74.0504926396739,40.0971416688359],[-74.0504164257013,40.0971307205851]]}},{"type":"Feature","id":321035,"properties":{"OBJECTID":321035,"PRIMENAME":"Willow Drive","ELEVTYP_F":0,"ELEVTYP_T":0},"geometry":{"type":"LineString","coordinates":[[-74.0486716405881,40.0715111331092],[-74.0502483285335,40.0717411459108]]}},{"type":"Feature","id":321221,"properties":{"OBJECTID":321221,"PRIMENAME":"Pettijohn Road","ELEVTYP_F":0,"ELEVTYP_T":0},"geometry":{"type":"LineString","coordinates":[[-74.0867093184394,40.0731182822351],[-74.0862081043085,40.0729048559368]]}},{"type":"Feature","id":321237,"properties":{"OBJECTID":321237,"PRIMENAME":"FR RIVER AVE SB to RAMP Y101400","ELEVTYP_F":0,"ELEVTYP_T":0},"geometry":{"type":"LineString","coordinates":[[-74.0506589755254,40.0962064924908],[-74.0506473501799,40.0961973821984],[-74.0506349018528,40.0961889375385],[-74.0506216950045,40.0961812022395],[-74.0506077980231,40.0961742163563],[-74.0505932828704,40.0961680160633],[-74.0505782247089,40.096162633467],[-74.0505627015131,40.0961580964395],[-74.0505467936655,40.0961544284745],[-74.0505305835401,40.0961516485655],[-74.0505141550763,40.0961497711074],[-74.0504975933442,40.0961488058221],[-74.0504809841037,40.096148757708],[-74.0504644133609,40.0961496270142],[-74.0504479669225,40.0961514092394],[-74.0504317299514,40.0961540951547],[-74.0504157865262,40.0961576708519]]}},{"type":"Feature","id":321663,"properties":{"OBJECTID":321663,"PRIMENAME":"Orchard Avenue","ELEVTYP_F":0,"ELEVTYP_T":0},"geometry":{"type":"LineString","coordinates":[[-74.0554287121858,40.0940477018367],[-74.0540181235727,40.0936777013879]]}},{"type":"Feature","id":322045,"properties":{"OBJECTID":322045,"PRIMENAME":"Leonard Road","ELEVTYP_F":0,"ELEVTYP_T":0},"geometry":{"type":"LineString","coordinates":[[-74.0646274293553,40.0739518123107],[-74.0646318542641,40.0732569055602]]}},{"type":"Feature","id":322175,"properties":{"OBJECTID":322175,"PRIMENAME":"Burnt Tavern Road","ELEVTYP_F":0,"ELEVTYP_T":0},"geometry":{"type":"LineString","coordinates":[[-74.0613783676035,40.0794482327508],[-74.0612223472038,40.0793458725803],[-74.0611074653165,40.0792653567575],[-74.0608848967672,40.0791415776937],[-74.0607244476703,40.0790500444088]]}},{"type":"Feature","id":322334,"properties":{"OBJECTID":322334,"PRIMENAME":"Holly Avenue","ELEVTYP_F":0,"ELEVTYP_T":0},"geometry":{"type":"LineString","coordinates":[[-74.0497891820993,40.0736290761505],[-74.0496913169352,40.0740285515991]]}},{"type":"Feature","id":322337,"properties":{"OBJECTID":322337,"PRIMENAME":"Sunrise Avenue","ELEVTYP_F":0,"ELEVTYP_T":0},"geometry":{"type":"LineString","coordinates":[[-74.0793302489591,40.0743195679931],[-74.0790476325884,40.0750830038841],[-74.0784489127214,40.0766764072747]]}},{"type":"Feature","id":322340,"properties":{"OBJECTID":322340,"PRIMENAME":"Charles Street","ELEVTYP_F":0,"ELEVTYP_T":0},"geometry":{"type":"LineString","coordinates":[[-74.0582236569012,40.0780513139539],[-74.0582246713653,40.0780714131917],[-74.0582130782607,40.078134292318],[-74.0580477366617,40.0789520648794]]}},{"type":"Feature","id":322625,"properties":{"OBJECTID":322625,"PRIMENAME":"Maple Street","ELEVTYP_F":0,"ELEVTYP_T":0},"geometry":{"type":"LineString","coordinates":[[-74.0785998850867,40.0787893429367],[-74.0769722179848,40.0784104586414]]}},{"type":"Feature","id":322794,"properties":{"OBJECTID":322794,"PRIMENAME":"Acacia Avenue","ELEVTYP_F":0,"ELEVTYP_T":0},"geometry":{"type":"LineString","coordinates":[[-74.0852014102462,40.0799264504191],[-74.0854056300519,40.0805023535815]]}},{"type":"Feature","id":323065,"properties":{"OBJECTID":323065,"PRIMENAME":"Marcia Avenue","ELEVTYP_F":0,"ELEVTYP_T":0},"geometry":{"type":"LineString","coordinates":[[-74.0509601905301,40.0849901446665],[-74.0510018160558,40.0848389338946],[-74.0510058337695,40.0847931852993],[-74.050991267303,40.0847416542828],[-74.050961796255,40.0846957758779],[-74.050913667058,40.0846555625426],[-74.0508431651997,40.0846152624422],[-74.0497263185877,40.0843347203681]]}},{"type":"Feature","id":323238,"properties":{"OBJECTID":323238,"PRIMENAME":"Herbertsville Road","ELEVTYP_F":0,"ELEVTYP_T":0},"geometry":{"type":"LineString","coordinates":[[-74.0897757323238,40.0916521488698],[-74.0898806498896,40.0917880015488],[-74.0899559787091,40.0918630778908],[-74.0900254150989,40.0919193277835]]}},{"type":"Feature","id":323814,"properties":{"OBJECTID":323814,"PRIMENAME":"Bay Avenue","ELEVTYP_F":0,"ELEVTYP_T":0},"geometry":{"type":"LineString","coordinates":[[-74.0530205548197,40.0840071417573],[-74.0529659890689,40.084109550676],[-74.0528453700798,40.0843378798927],[-74.0527727586241,40.0844723674624],[-74.0527185222996,40.0845732400454],[-74.0526995836361,40.0846217862839],[-74.0526932394556,40.0846388668324]]}},{"type":"Feature","id":323978,"properties":{"OBJECTID":323978,"PRIMENAME":"Ridgefield Drive","ELEVTYP_F":0,"ELEVTYP_T":0},"geometry":{"type":"LineString","coordinates":[[-74.0556587294334,40.0857870857503],[-74.0561228989392,40.0845555330575],[-74.0561344566696,40.0844983923898],[-74.0561310750757,40.0844469048673],[-74.0561165233533,40.084392519348],[-74.0560869931988,40.0843552337166],[-74.0560350162489,40.0843292837307],[-74.0555109568923,40.0842014563539],[-74.0554587950161,40.0841984009989],[-74.0553991775515,40.0842096200002],[-74.0553581083012,40.0842265935359],[-74.0553243984604,40.0842550701279],[-74.0552944222361,40.0842864162377],[-74.0552680679833,40.084337789628],[-74.0550484245455,40.0848891669022],[-74.0549376491947,40.0851904444152]]}},{"type":"Feature","id":324127,"properties":{"OBJECTID":324127,"PRIMENAME":"Barbara Drive","ELEVTYP_F":0,"ELEVTYP_T":0},"geometry":{"type":"LineString","coordinates":[[-74.0757860415149,40.0862885605057],[-74.0762765227368,40.0864048354568],[-74.0767779722998,40.0865333924175],[-74.0780173761094,40.08683827868],[-74.0781965089553,40.0868857941164],[-74.078287568548,40.0869108334477],[-74.0783482121574,40.0869185758867],[-74.0783999571904,40.0869201368808],[-74.0784366816642,40.0869114581603],[-74.078461891044,40.0868922777848],[-74.0784886601171,40.0868635764555],[-74.0785151680076,40.0868194191887],[-74.0785307644127,40.0867767858178],[-74.0785602629074,40.0866473690679],[-74.0786489135946,40.086199408811]]}},{"type":"Feature","id":324156,"properties":{"OBJECTID":324156,"PRIMENAME":"FR ARNOLD RD CO 633 to RT 88 WB","ELEVTYP_F":0,"ELEVTYP_T":0},"geometry":{"type":"LineString","coordinates":[[-74.0635999416203,40.084798625847],[-74.0638912032059,40.0845441233349],[-74.0639518812998,40.0844911028171],[-74.0640342897593,40.084414214638],[-74.0640940703275,40.0843715306161],[-74.0641613380081,40.0843374673391],[-74.0642323044683,40.0843062731319],[-74.06430693319,40.0842779748713],[-74.0645157325046,40.0842272854277],[-74.0647359365359,40.0841422941528]]}},{"type":"Feature","id":324305,"properties":{"OBJECTID":324305,"PRIMENAME":"Unnamed Segment","ELEVTYP_F":0,"ELEVTYP_T":0},"geometry":{"type":"LineString","coordinates":[[-74.057215709532,40.0838817695833],[-74.0561789547666,40.0836693413575],[-74.056090955961,40.0839442413642]]}},{"type":"Feature","id":324364,"properties":{"OBJECTID":324364,"PRIMENAME":"Sudbury Road","ELEVTYP_F":0,"ELEVTYP_T":0},"geometry":{"type":"LineString","coordinates":[[-74.0885041658439,40.0901427085639],[-74.0885645242527,40.0901141548579]]}},{"type":"Feature","id":324428,"properties":{"OBJECTID":324428,"PRIMENAME":"Riverview Drive","ELEVTYP_F":0,"ELEVTYP_T":0},"geometry":{"type":"LineString","coordinates":[[-74.0724183646184,40.0962334585904],[-74.0723483363226,40.0962733906945]]}},{"type":"Feature","id":324823,"properties":{"OBJECTID":324823,"PRIMENAME":"Ivy Road","ELEVTYP_F":0,"ELEVTYP_T":0},"geometry":{"type":"LineString","coordinates":[[-74.0837436539026,40.0695512352986],[-74.0832316578391,40.070287668221],[-74.0828365761909,40.0708559268433],[-74.0828106556713,40.0708756271762],[-74.0827773559044,40.0708925006672],[-74.0827368004995,40.0708980100678],[-74.0826888995357,40.0708949823279]]}},{"type":"Feature","id":324971,"properties":{"OBJECTID":324971,"PRIMENAME":"Robin Hood Road","ELEVTYP_F":0,"ELEVTYP_T":0},"geometry":{"type":"LineString","coordinates":[[-74.0849215509828,40.0627651163864],[-74.0850313436391,40.0627836019755],[-74.0852291657464,40.0628274888364],[-74.0853064138769,40.0628446272979],[-74.0868080070072,40.0631788824932],[-74.0875337411165,40.063340697187]]}},{"type":"Feature","id":325081,"properties":{"OBJECTID":325081,"PRIMENAME":"Kickapoo Avenue","ELEVTYP_F":0,"ELEVTYP_T":0},"geometry":{"type":"LineString","coordinates":[[-74.0844500505407,40.0758743008796],[-74.084518329189,40.0757705804459],[-74.0845483073102,40.0757420810079],[-74.084575772719,40.0757269154361],[-74.0846083188869,40.0757108898988],[-74.0846527906745,40.0756966913854],[-74.0848168105099,40.0756629628794],[-74.085181981932,40.075601375557],[-74.0854801649762,40.0755366651843],[-74.0858156714333,40.0754577844638],[-74.0861947476954,40.0753833403094]]}},{"type":"Feature","id":325343,"properties":{"OBJECTID":325343,"PRIMENAME":"Hardenbergh Avenue","ELEVTYP_F":0,"ELEVTYP_T":0},"geometry":{"type":"LineString","coordinates":[[-74.0808748477034,40.0808197980562],[-74.081163471274,40.0816197848436]]}},{"type":"Feature","id":325766,"properties":{"OBJECTID":325766,"PRIMENAME":"North Stream Parkway","ELEVTYP_F":0,"ELEVTYP_T":0},"geometry":{"type":"LineString","coordinates":[[-74.0819526080773,40.079818549113],[-74.0817898438746,40.079364599315],[-74.0817790782186,40.0792959275949],[-74.0817796905825,40.0791958357213],[-74.0817800019705,40.0791449386472]]}},{"type":"Feature","id":326182,"properties":{"OBJECTID":326182,"PRIMENAME":"Beaver Dam Road","ELEVTYP_F":0,"ELEVTYP_T":0},"geometry":{"type":"LineString","coordinates":[[-74.070447224918,40.0748455600644],[-74.0704313295364,40.0748630178233],[-74.0703075732292,40.0750112724615],[-74.0702324712233,40.0751110889057],[-74.0701534739388,40.0752394689668],[-74.0700678363083,40.0754007401897]]}},{"type":"Feature","id":326376,"properties":{"OBJECTID":326376,"PRIMENAME":"Beaver Dam Road","ELEVTYP_F":0,"ELEVTYP_T":0},"geometry":{"type":"LineString","coordinates":[[-74.0681407518289,40.0826497358291],[-74.0681642253377,40.0826894826429],[-74.068288280002,40.0828929341677]]}},{"type":"Feature","id":326460,"properties":{"OBJECTID":326460,"PRIMENAME":"Wilson Road","ELEVTYP_F":0,"ELEVTYP_T":0},"geometry":{"type":"LineString","coordinates":[[-74.0699502905307,40.074692038621],[-74.0664855013821,40.0742102243734]]}},{"type":"Feature","id":326567,"properties":{"OBJECTID":326567,"PRIMENAME":"Beaver Dam Road","ELEVTYP_F":0,"ELEVTYP_T":0},"geometry":{"type":"LineString","coordinates":[[-74.0722540520744,40.0723595496753],[-74.0722405300095,40.0724704382901],[-74.0722024010304,40.0726132737401],[-74.0721380243038,40.0727931838966],[-74.0720812595291,40.0729388335924],[-74.0720284430521,40.0730530356861],[-74.0719795040431,40.0731415012266],[-74.0719118567473,40.0732442015422],[-74.0718292379019,40.0733582663867],[-74.0717092038324,40.0735065363268],[-74.0716860371283,40.0735310216185]]}},{"type":"Feature","id":326612,"properties":{"OBJECTID":326612,"PRIMENAME":"Midwood Drive","ELEVTYP_F":0,"ELEVTYP_T":0},"geometry":{"type":"LineString","coordinates":[[-74.090003571898,40.0641696576689],[-74.0897025830754,40.0642108158507],[-74.0895541617235,40.0642281617381]]}},{"type":"Feature","id":326700,"properties":{"OBJECTID":326700,"PRIMENAME":"Moore Avenue","ELEVTYP_F":0,"ELEVTYP_T":0},"geometry":{"type":"LineString","coordinates":[[-74.0765185124992,40.0762262441741],[-74.0776838123035,40.0764983870233]]}},{"type":"Feature","id":326893,"properties":{"OBJECTID":326893,"PRIMENAME":"Riverwood Avenue","ELEVTYP_F":0,"ELEVTYP_T":0},"geometry":{"type":"LineString","coordinates":[[-74.0841923781425,40.0831910257937],[-74.0855477509349,40.0824003546632],[-74.0855632943643,40.0823912853491],[-74.0858031151589,40.0822488103609]]}},{"type":"Feature","id":326962,"properties":{"OBJECTID":326962,"PRIMENAME":"Evergreen Lane","ELEVTYP_F":0,"ELEVTYP_T":0},"geometry":{"type":"LineString","coordinates":[[-74.0678835405548,40.0647740054107],[-74.0665656839976,40.0647853626158]]}},{"type":"Feature","id":327005,"properties":{"OBJECTID":327005,"PRIMENAME":"FR RT 35 SB to RT 35 NB","ELEVTYP_F":0,"ELEVTYP_T":0},"geometry":{"type":"LineString","coordinates":[[-74.0500510244708,40.0962877553087],[-74.0500231183711,40.0962839698754],[-74.0499949042264,40.0962819368047],[-74.0498695089409,40.0962974548481],[-74.0498247488551,40.0963061277201],[-74.0497809463899,40.0963173187421],[-74.0497383413874,40.0963309666373],[-74.0496971671331,40.0963469966763],[-74.0496719928315,40.0963581452],[-74.0496478834471,40.0963706048864],[-74.0496249545739,40.0963843159972],[-74.0496033161454,40.0963992127942],[-74.0495830719087,40.0964152238541],[-74.0495643189265,40.0964322724115],[-74.0495471471117,40.0964502767263],[-74.0495316387966,40.0964691504762],[-74.0495071225581,40.0965017141146],[-74.0494869819286,40.0965360016672],[-74.0494755979411,40.0965608442035],[-74.0494665147277,40.0965862395776],[-74.0494597771804,40.0966120622849],[-74.0494554185992,40.0966381847087],[-74.0494392419005,40.0967173317002],[-74.0494274392919,40.0967969333753],[-74.0494200319186,40.096876847226],[-74.0494170330572,40.0969569301848]]}},{"type":"Feature","id":327261,"properties":{"OBJECTID":327261,"PRIMENAME":"Chestnut Street","ELEVTYP_F":0,"ELEVTYP_T":0},"geometry":{"type":"LineString","coordinates":[[-74.0792281807786,40.0795986130731],[-74.0800853680707,40.079784754227]]}},{"type":"Feature","id":328060,"properties":{"OBJECTID":328060,"PRIMENAME":"Hyacinth Place","ELEVTYP_F":0,"ELEVTYP_T":0},"geometry":{"type":"LineString","coordinates":[[-74.0873481828169,40.0725859180301],[-74.0873156141044,40.072577089596],[-74.0872300320141,40.0725767846993],[-74.087144274329,40.0725993477541],[-74.0870918969899,40.07263921498]]}},{"type":"Feature","id":328479,"properties":{"OBJECTID":328479,"PRIMENAME":"Trenton Avenue","ELEVTYP_F":0,"ELEVTYP_T":0},"geometry":{"type":"LineString","coordinates":[[-74.0584404633116,40.0893226243831],[-74.0579829426978,40.0892899668246],[-74.057515323657,40.0892603438463]]}},{"type":"Feature","id":328516,"properties":{"OBJECTID":328516,"PRIMENAME":"Pocahontas Avenue","ELEVTYP_F":0,"ELEVTYP_T":0},"geometry":{"type":"LineString","coordinates":[[-74.0862114383949,40.0782288160071],[-74.0832536479576,40.0788374195598],[-74.0817800019705,40.0791449386472]]}},{"type":"Feature","id":328585,"properties":{"OBJECTID":328585,"PRIMENAME":"Thoroughfare Road","ELEVTYP_F":0,"ELEVTYP_T":0},"geometry":{"type":"LineString","coordinates":[[-74.0877227320136,40.0608486123707],[-74.0868835020207,40.0611383565314]]}},{"type":"Feature","id":328641,"properties":{"OBJECTID":328641,"PRIMENAME":"Bay Avenue","ELEVTYP_F":0,"ELEVTYP_T":0},"geometry":{"type":"LineString","coordinates":[[-74.0552677679406,40.0769352873058],[-74.0552643280177,40.0770520598135],[-74.0552526211226,40.0771378068197],[-74.0552332955823,40.0772464192992],[-74.0551870054368,40.077495022989],[-74.0551254790509,40.0777950688827],[-74.0549737473869,40.0785511783173]]}},{"type":"Feature","id":328857,"properties":{"OBJECTID":328857,"PRIMENAME":"Ocean Road","ELEVTYP_F":0,"ELEVTYP_T":0},"geometry":{"type":"LineString","coordinates":[[-74.0654369699705,40.0839379289469],[-74.0652503827834,40.0840029244548],[-74.0651103933139,40.0840523910323],[-74.0650078747401,40.0840770435643],[-74.0648634362937,40.0841123000227],[-74.0647359365359,40.0841422941528]]}},{"type":"Feature","id":329049,"properties":{"OBJECTID":329049,"PRIMENAME":"West End Drive","ELEVTYP_F":0,"ELEVTYP_T":0},"geometry":{"type":"LineString","coordinates":[[-74.0713929848744,40.0620579954742],[-74.0713692751288,40.061964538898],[-74.0713537955094,40.0618462130213],[-74.0713624911263,40.0617528493084],[-74.0713872934131,40.0616758657958],[-74.0713955397182,40.0616502687949],[-74.0714609164444,40.0615602437643]]}},{"type":"Feature","id":329079,"properties":{"OBJECTID":329079,"PRIMENAME":"Kilkare Parkway","ELEVTYP_F":0,"ELEVTYP_T":0},"geometry":{"type":"LineString","coordinates":[[-74.0647758301983,40.0762130792951],[-74.064328726521,40.0761221849892]]}},{"type":"Feature","id":329519,"properties":{"OBJECTID":329519,"PRIMENAME":"Orchard Lane","ELEVTYP_F":0,"ELEVTYP_T":0},"geometry":{"type":"LineString","coordinates":[[-74.091398273839,40.0900895121817],[-74.0914227988179,40.0898854847305],[-74.09150450613,40.0891983456688]]}},{"type":"Feature","id":329750,"properties":{"OBJECTID":329750,"PRIMENAME":"Herbertsville Road","ELEVTYP_F":0,"ELEVTYP_T":0},"geometry":{"type":"LineString","coordinates":[[-74.0818154334952,40.0861230882978],[-74.0823369221407,40.0863721855004]]}},{"type":"Feature","id":329795,"properties":{"OBJECTID":329795,"PRIMENAME":"Bridge Avenue","ELEVTYP_F":0,"ELEVTYP_T":0},"geometry":{"type":"LineString","coordinates":[[-74.0860724724994,40.0768329274897],[-74.0859530055618,40.0767383086764],[-74.0857575659251,40.0765898015813],[-74.0855622535371,40.0764442326735],[-74.0854165587461,40.0763550371228],[-74.0852817538941,40.0762794151046]]}},{"type":"Feature","id":329811,"properties":{"OBJECTID":329811,"PRIMENAME":"Grove Street","ELEVTYP_F":0,"ELEVTYP_T":0},"geometry":{"type":"LineString","coordinates":[[-74.0576956381324,40.0716760103343],[-74.0578863422378,40.0717183062143],[-74.0588264394905,40.0719267971279]]}},{"type":"Feature","id":330610,"properties":{"OBJECTID":330610,"PRIMENAME":"Leone Drive","ELEVTYP_F":0,"ELEVTYP_T":0},"geometry":{"type":"LineString","coordinates":[[-74.0908596449596,40.0657629970934],[-74.0908891144084,40.0660676282428],[-74.0909058811309,40.0662409570125]]}},{"type":"Feature","id":330687,"properties":{"OBJECTID":330687,"PRIMENAME":"Burnt Tavern Road","ELEVTYP_F":0,"ELEVTYP_T":0},"geometry":{"type":"LineString","coordinates":[[-74.0642832321827,40.0815651280644],[-74.0646585152953,40.0818391409155],[-74.0659909875712,40.0828120108579]]}},{"type":"Feature","id":331309,"properties":{"OBJECTID":331309,"PRIMENAME":"Fleming Avenue","ELEVTYP_F":0,"ELEVTYP_T":0},"geometry":{"type":"LineString","coordinates":[[-74.0577841757616,40.0828654730966],[-74.0584005094118,40.0812951418036]]}},{"type":"Feature","id":331714,"properties":{"OBJECTID":331714,"PRIMENAME":"West Lake Avenue","ELEVTYP_F":0,"ELEVTYP_T":0},"geometry":{"type":"LineString","coordinates":[[-74.0483209798867,40.0729286027675],[-74.0482187163214,40.0733435436871],[-74.0482148110394,40.0733721074735],[-74.0482258079316,40.0733950459965],[-74.0482480863776,40.0734036984724]]}},{"type":"Feature","id":331727,"properties":{"OBJECTID":331727,"PRIMENAME":"Cedar Street","ELEVTYP_F":0,"ELEVTYP_T":0},"geometry":{"type":"LineString","coordinates":[[-74.0762249752196,40.0802957937178],[-74.0778955235718,40.0806819547813]]}},{"type":"Feature","id":331840,"properties":{"OBJECTID":331840,"PRIMENAME":"Hollywood Road","ELEVTYP_F":0,"ELEVTYP_T":0},"geometry":{"type":"LineString","coordinates":[[-74.0722025045926,40.071008797475],[-74.075104591057,40.0717754577025]]}},{"type":"Feature","id":332263,"properties":{"OBJECTID":332263,"PRIMENAME":"Sudbury Road","ELEVTYP_F":0,"ELEVTYP_T":0},"geometry":{"type":"LineString","coordinates":[[-74.0878709484694,40.0924166697572],[-74.0877549923344,40.0922594854413],[-74.0876477673674,40.0921332591403],[-74.0874923535332,40.0919725438834],[-74.0866850153356,40.0912461934295],[-74.0865897659766,40.0911560545513],[-74.0865369788648,40.0910897040223],[-74.0864993365399,40.0910312588633],[-74.0864819493896,40.0909747531353],[-74.086479753104,40.0909183286552],[-74.0864876842093,40.0908599921309],[-74.086503239975,40.0908055801172],[-74.0865237655119,40.0907570070124],[-74.0865799128785,40.0906871741124],[-74.0866410425078,40.0906329256226],[-74.0867096781772,40.0905903705439],[-74.0867909327903,40.0905595289032],[-74.0869050950582,40.0905307536619],[-74.0872322716314,40.0904580154885],[-74.0874047075099,40.0904214861717]]}},{"type":"Feature","id":332278,"properties":{"OBJECTID":332278,"PRIMENAME":"Philadelphia Avenue","ELEVTYP_F":0,"ELEVTYP_T":0},"geometry":{"type":"LineString","coordinates":[[-74.0617695747067,40.0858953603224],[-74.0616617654204,40.0858749390411],[-74.0612452910943,40.085793253887],[-74.0609181139376,40.08572055329]]}},{"type":"Feature","id":332588,"properties":{"OBJECTID":332588,"PRIMENAME":"Bella Vista Road East","ELEVTYP_F":0,"ELEVTYP_T":0},"geometry":{"type":"LineString","coordinates":[[-74.0918706122407,40.0668307341744],[-74.0925301986577,40.0667986844445],[-74.0925424233588,40.0667979042036]]}},{"type":"Feature","id":332667,"properties":{"OBJECTID":332667,"PRIMENAME":"George Street","ELEVTYP_F":0,"ELEVTYP_T":0},"geometry":{"type":"LineString","coordinates":[[-74.0602460639509,40.0817321892503],[-74.0606506286862,40.0806935789383],[-74.0605491804335,40.0805856595025]]}},{"type":"Feature","id":333097,"properties":{"OBJECTID":333097,"PRIMENAME":"Summit Road","ELEVTYP_F":0,"ELEVTYP_T":0},"geometry":{"type":"LineString","coordinates":[[-74.0874859366811,40.0855748650704],[-74.0875877431576,40.0855724273106],[-74.0879567151085,40.0855586960576]]}},{"type":"Feature","id":333242,"properties":{"OBJECTID":333242,"PRIMENAME":"Lakewood Road","ELEVTYP_F":0,"ELEVTYP_T":0},"geometry":{"type":"LineString","coordinates":[[-74.0728658207234,40.0824849002195],[-74.0725984210546,40.0825468093422],[-74.0723328649211,40.0825994177921],[-74.0721277753207,40.08264156947],[-74.0719271756601,40.0826742936107]]}},{"type":"Feature","id":333265,"properties":{"OBJECTID":333265,"PRIMENAME":"Curtis Avenue","ELEVTYP_F":0,"ELEVTYP_T":0},"geometry":{"type":"LineString","coordinates":[[-74.0770699354974,40.0831106088152],[-74.0768089210317,40.0837923069302]]}},{"type":"Feature","id":333343,"properties":{"OBJECTID":333343,"PRIMENAME":"Sudbury Road","ELEVTYP_F":0,"ELEVTYP_T":0},"geometry":{"type":"LineString","coordinates":[[-74.0884971857674,40.0935204663397],[-74.0884705232031,40.093413167705],[-74.0884192906017,40.093295897574],[-74.0882040339784,40.0929512817994],[-74.088174755928,40.0929042606841]]}},{"type":"Feature","id":333682,"properties":{"OBJECTID":333682,"PRIMENAME":"Chicopee Avenue","ELEVTYP_F":0,"ELEVTYP_T":0},"geometry":{"type":"LineString","coordinates":[[-74.0870728878296,40.0737750520204],[-74.0881225678388,40.0735574331033]]}},{"type":"Feature","id":333691,"properties":{"OBJECTID":333691,"PRIMENAME":"Beaver Dam Road","ELEVTYP_F":0,"ELEVTYP_T":0},"geometry":{"type":"LineString","coordinates":[[-74.0689694517651,40.0783999706131],[-74.0688782500536,40.0786533944243]]}},{"type":"Feature","id":333781,"properties":{"OBJECTID":333781,"PRIMENAME":"Loveland Place","ELEVTYP_F":0,"ELEVTYP_T":0},"geometry":{"type":"LineString","coordinates":[[-74.0616127622577,40.0709566910855],[-74.0610731111003,40.0709062471186]]}},{"type":"Feature","id":333914,"properties":{"OBJECTID":333914,"PRIMENAME":"Bay Avenue","ELEVTYP_F":0,"ELEVTYP_T":0},"geometry":{"type":"LineString","coordinates":[[-74.0552364047293,40.0764169060596],[-74.055252643687,40.0765630194618],[-74.0552630681401,40.0766745743449],[-74.0552661324729,40.0767746801763],[-74.0552691049427,40.0768890886654],[-74.0552677679406,40.0769352873058]]}},{"type":"Feature","id":333954,"properties":{"OBJECTID":333954,"PRIMENAME":"Briar Road","ELEVTYP_F":0,"ELEVTYP_T":0},"geometry":{"type":"LineString","coordinates":[[-74.0687841953578,40.085756114082],[-74.068728345334,40.0857595026308],[-74.0683377960345,40.0856972665364],[-74.068296056638,40.0856792394546],[-74.0682636639105,40.0856469712191],[-74.0682452238183,40.0856182965014]]}},{"type":"Feature","id":334420,"properties":{"OBJECTID":334420,"PRIMENAME":"Arnold Avenue","ELEVTYP_F":0,"ELEVTYP_T":0},"geometry":{"type":"LineString","coordinates":[[-74.0511931531156,40.0916285888902],[-74.0507396466257,40.0916633440021],[-74.0497174611654,40.0917437103254]]}},{"type":"Feature","id":334539,"properties":{"OBJECTID":334539,"PRIMENAME":"South Manetta Drive","ELEVTYP_F":0,"ELEVTYP_T":0},"geometry":{"type":"LineString","coordinates":[[-74.0523715394466,40.0838544119058],[-74.0523927178734,40.0837804253072],[-74.0524005818557,40.0837146222887],[-74.0523971489253,40.0836603071831],[-74.0523716366109,40.0835830102604],[-74.0523384515747,40.0835256700445],[-74.0522682091217,40.083456737895],[-74.0521754781184,40.0834106702109],[-74.0520602100326,40.0833787624596],[-74.0518670365003,40.0833236585424],[-74.0502575486409,40.0829313473658],[-74.0501868581087,40.082925389527],[-74.0501160927743,40.0829307980928],[-74.0500564212327,40.0829449242743],[-74.0500041089629,40.0829704169288],[-74.0499592856396,40.0829874009908],[-74.0499144923601,40.0830215433424],[-74.0498732549681,40.0830586096306],[-74.0498469727061,40.0830985072513],[-74.0498245795804,40.0831436097691],[-74.0498129611631,40.0831670078389],[-74.049728799069,40.0833681710192],[-74.049676790909,40.0834924850649]]}},{"type":"Feature","id":334548,"properties":{"OBJECTID":334548,"PRIMENAME":"Oak Street","ELEVTYP_F":0,"ELEVTYP_T":0},"geometry":{"type":"LineString","coordinates":[[-74.0759766826626,40.080926144173],[-74.0765715631046,40.0810641851713],[-74.0776548983472,40.0813230982336]]}},{"type":"Feature","id":334964,"properties":{"OBJECTID":334964,"PRIMENAME":"Oak Street","ELEVTYP_F":0,"ELEVTYP_T":0},"geometry":{"type":"LineString","coordinates":[[-74.0747812906336,40.0806486849058],[-74.0759766826626,40.080926144173]]}},{"type":"Feature","id":335040,"properties":{"OBJECTID":335040,"PRIMENAME":"Rosewood Avenue","ELEVTYP_F":0,"ELEVTYP_T":0},"geometry":{"type":"LineString","coordinates":[[-74.0549150893975,40.0864036449038],[-74.0563991261121,40.0867385394716]]}},{"type":"Feature","id":335454,"properties":{"OBJECTID":335454,"PRIMENAME":"Curtis Avenue","ELEVTYP_F":0,"ELEVTYP_T":0},"geometry":{"type":"LineString","coordinates":[[-74.0793105148497,40.0768761860528],[-74.0790715884246,40.0775186847145]]}},{"type":"Feature","id":335523,"properties":{"OBJECTID":335523,"PRIMENAME":"Del Dor Drive","ELEVTYP_F":0,"ELEVTYP_T":0},"geometry":{"type":"LineString","coordinates":[[-74.0625046670291,40.0746057947158],[-74.0623174530328,40.0742475507705]]}},{"type":"Feature","id":335553,"properties":{"OBJECTID":335553,"PRIMENAME":"Joie Place","ELEVTYP_F":0,"ELEVTYP_T":0},"geometry":{"type":"LineString","coordinates":[[-74.0873442429047,40.0656778059715],[-74.0878591886725,40.0663319283053]]}},{"type":"Feature","id":335637,"properties":{"OBJECTID":335637,"PRIMENAME":"Birch Drive","ELEVTYP_F":0,"ELEVTYP_T":0},"geometry":{"type":"LineString","coordinates":[[-74.0731571922665,40.0972109056522],[-74.0732432269211,40.0972811180568],[-74.073404022752,40.0973722784099],[-74.0736884272003,40.0975449070587],[-74.073985231252,40.0977128042487],[-74.0740811139212,40.0977689969696]]}},{"type":"Feature","id":336584,"properties":{"OBJECTID":336584,"PRIMENAME":"Arnold Avenue","ELEVTYP_F":0,"ELEVTYP_T":0},"geometry":{"type":"LineString","coordinates":[[-74.0587868004029,40.0893473611456],[-74.0587441605271,40.0893582349009],[-74.0587118050813,40.08937601109],[-74.0586920399262,40.089392462582],[-74.0586770310403,40.0894151091344],[-74.0586756881235,40.0894171359784],[-74.0584877665444,40.0899091314741]]}},{"type":"Feature","id":336734,"properties":{"OBJECTID":336734,"PRIMENAME":"Wooddale Avenue","ELEVTYP_F":0,"ELEVTYP_T":0},"geometry":{"type":"LineString","coordinates":[[-74.0762316932824,40.0746286537618],[-74.0766844751911,40.0735998805971]]}},{"type":"Feature","id":336898,"properties":{"OBJECTID":336898,"PRIMENAME":"Old Farm Road","ELEVTYP_F":0,"ELEVTYP_T":0},"geometry":{"type":"LineString","coordinates":[[-74.0549506028596,40.079133335287],[-74.0548633365137,40.0791135171027]]}},{"type":"Feature","id":336908,"properties":{"OBJECTID":336908,"PRIMENAME":"Hyacinth Place","ELEVTYP_F":0,"ELEVTYP_T":0},"geometry":{"type":"LineString","coordinates":[[-74.0870918969899,40.07263921498],[-74.0870393995643,40.0727047785754],[-74.0867093184394,40.0731182822351]]}},{"type":"Feature","id":337238,"properties":{"OBJECTID":337238,"PRIMENAME":"Lakewood Road","ELEVTYP_F":0,"ELEVTYP_T":0},"geometry":{"type":"LineString","coordinates":[[-74.0822107785022,40.0805385896767],[-74.0820190418817,40.0805788849775]]}},{"type":"Feature","id":337383,"properties":{"OBJECTID":337383,"PRIMENAME":"Apple Place","ELEVTYP_F":0,"ELEVTYP_T":0},"geometry":{"type":"LineString","coordinates":[[-74.0856092943789,40.0730402291095],[-74.0855215591463,40.0730116928809],[-74.0854546789292,40.0729914401451],[-74.0853617134621,40.0729710669903],[-74.0847373893557,40.0728648104439]]}},{"type":"Feature","id":337461,"properties":{"OBJECTID":337461,"PRIMENAME":"River Avenue","ELEVTYP_F":0,"ELEVTYP_T":0},"geometry":{"type":"LineString","coordinates":[[-74.0775566489356,40.0738225526977],[-74.0777651068839,40.0733516387944],[-74.0779330758291,40.0729674390501]]}},{"type":"Feature","id":337732,"properties":{"OBJECTID":337732,"PRIMENAME":"Curtis Avenue","ELEVTYP_F":0,"ELEVTYP_T":0},"geometry":{"type":"LineString","coordinates":[[-74.0753875108411,40.0872964981719],[-74.0749424335001,40.0882431299089]]}},{"type":"Feature","id":337876,"properties":{"OBJECTID":337876,"PRIMENAME":"Sunset Drive","ELEVTYP_F":0,"ELEVTYP_T":0},"geometry":{"type":"LineString","coordinates":[[-74.0786546101955,40.0981208156938],[-74.0786188938482,40.0981561729792],[-74.0783812901574,40.0983913874804],[-74.0782251813063,40.0985528750026],[-74.0781626167028,40.0986289122432],[-74.0781310576268,40.0987145880816],[-74.0781305868216,40.0987908235164],[-74.0781362776706,40.0988766350159],[-74.0781667761231,40.0989625368608],[-74.0782222091142,40.0990342544502],[-74.07828370189,40.0991202961391],[-74.0783577000171,40.0992015529135],[-74.0784565306361,40.099273400433],[-74.0786112893532,40.0993889501913],[-74.078623316745,40.0993979305967],[-74.0787532491292,40.0994698910013],[-74.0788078590027,40.0995012210551]]}},{"type":"Feature","id":338050,"properties":{"OBJECTID":338050,"PRIMENAME":"Bridge Avenue","ELEVTYP_F":0,"ELEVTYP_T":0},"geometry":{"type":"LineString","coordinates":[[-74.0877859919942,40.0801176468329],[-74.0878095295654,40.0801718577686],[-74.0879009964953,40.0803596886793],[-74.0880884624133,40.0806771923887],[-74.0882302156946,40.0809007539947],[-74.0883553817913,40.0810655330655]]}},{"type":"Feature","id":338057,"properties":{"OBJECTID":338057,"PRIMENAME":"Sudbury Road","ELEVTYP_F":0,"ELEVTYP_T":0},"geometry":{"type":"LineString","coordinates":[[-74.0902122522709,40.0891632740551],[-74.0903222083476,40.0890272279178]]}},{"type":"Feature","id":338094,"properties":{"OBJECTID":338094,"PRIMENAME":"Herbertsville Road","ELEVTYP_F":0,"ELEVTYP_T":0},"geometry":{"type":"LineString","coordinates":[[-74.0792313805866,40.0848614827218],[-74.0794540876682,40.0849652676456],[-74.0798467600726,40.0851599901917]]}},{"type":"Feature","id":338345,"properties":{"OBJECTID":338345,"PRIMENAME":"Jackson Street","ELEVTYP_F":0,"ELEVTYP_T":0},"geometry":{"type":"LineString","coordinates":[[-74.0561230105464,40.0725289245244],[-74.0561689781916,40.0730333335274],[-74.0562182213724,40.0734296726366]]}},{"type":"Feature","id":338380,"properties":{"OBJECTID":338380,"PRIMENAME":"Meadow Point Road","ELEVTYP_F":0,"ELEVTYP_T":0},"geometry":{"type":"LineString","coordinates":[[-74.0825102759829,40.0900572713464],[-74.0824474054885,40.0900977298944],[-74.0823959094778,40.090142704953],[-74.0822860778632,40.0902814136134],[-74.0819995674344,40.0907057390441],[-74.0818612912448,40.0909115056265],[-74.0817647336199,40.0910551938738],[-74.0817035847415,40.0911586354962],[-74.0816752967196,40.0912193147258],[-74.0816610141729,40.0912693100844],[-74.0816467327721,40.0913193063456],[-74.0816418009911,40.0913657390094],[-74.0816414945768,40.0914157848401],[-74.0816435743945,40.0914241174454],[-74.0817079931939,40.0916821559784]]}},{"type":"Feature","id":338418,"properties":{"OBJECTID":338418,"PRIMENAME":"Eisenhower Drive","ELEVTYP_F":0,"ELEVTYP_T":0},"geometry":{"type":"LineString","coordinates":[[-74.0890130727802,40.0875056111333],[-74.0889996429484,40.0871890565281],[-74.0889661863524,40.0867971257376]]}},{"type":"Feature","id":339215,"properties":{"OBJECTID":339215,"PRIMENAME":"Park Drive","ELEVTYP_F":0,"ELEVTYP_T":0},"geometry":{"type":"LineString","coordinates":[[-74.0685795396878,40.0824946025047],[-74.0692080859638,40.082292306011]]}},{"type":"Feature","id":339337,"properties":{"OBJECTID":339337,"PRIMENAME":"Franklin Street","ELEVTYP_F":0,"ELEVTYP_T":0},"geometry":{"type":"LineString","coordinates":[[-74.0553265316063,40.0764140843057],[-74.0552364047293,40.0764169060596]]}},{"type":"Feature","id":339362,"properties":{"OBJECTID":339362,"PRIMENAME":"Chestnut Street","ELEVTYP_F":0,"ELEVTYP_T":0},"geometry":{"type":"LineString","coordinates":[[-74.076722372103,40.0790399820145],[-74.0776001207503,40.0792451033251],[-74.0783687860789,40.0794120189054]]}},{"type":"Feature","id":339895,"properties":{"OBJECTID":339895,"PRIMENAME":"Mattapan Avenue","ELEVTYP_F":0,"ELEVTYP_T":0},"geometry":{"type":"LineString","coordinates":[[-74.0827196100774,40.0763322318741],[-74.0830931635181,40.0764028410922],[-74.0836464078317,40.076502070615]]}},{"type":"Feature","id":339909,"properties":{"OBJECTID":339909,"PRIMENAME":"Dorset Dock Road","ELEVTYP_F":0,"ELEVTYP_T":0},"geometry":{"type":"LineString","coordinates":[[-74.0748205806827,40.0721192007103],[-74.075104591057,40.0717754577025]]}},{"type":"Feature","id":340042,"properties":{"OBJECTID":340042,"PRIMENAME":"Lincoln Avenue","ELEVTYP_F":0,"ELEVTYP_T":0},"geometry":{"type":"LineString","coordinates":[[-74.056042223889,40.0926003648946],[-74.0560643113899,40.0925402455555],[-74.0560844188034,40.0924767680526],[-74.0560968049025,40.0923860285613],[-74.0561126021321,40.0922597770808]]}},{"type":"Feature","id":340111,"properties":{"OBJECTID":340111,"PRIMENAME":"River Avenue","ELEVTYP_F":0,"ELEVTYP_T":0},"geometry":{"type":"LineString","coordinates":[[-74.0742056264925,40.0822117868768],[-74.0742052337745,40.0822059372334],[-74.0742094259158,40.0821181855099],[-74.0743092608083,40.0818595842488],[-74.0745128527767,40.081332217103],[-74.0745295934256,40.0812896163566]]}},{"type":"Feature","id":340639,"properties":{"OBJECTID":340639,"PRIMENAME":"Certainty Drive","ELEVTYP_F":0,"ELEVTYP_T":0},"geometry":{"type":"LineString","coordinates":[[-74.0594977845597,40.0653807950826],[-74.0593049096289,40.0653585106316],[-74.0591625220714,40.065330625609],[-74.0590335791625,40.0652958733448],[-74.0588602790714,40.0652301770872],[-74.0587137934772,40.0651509101538],[-74.0585141879574,40.0650200766677],[-74.0575874146525,40.0643662554336],[-74.0566117724263,40.0636917056676]]}},{"type":"Feature","id":340697,"properties":{"OBJECTID":340697,"PRIMENAME":"North Stream Parkway","ELEVTYP_F":0,"ELEVTYP_T":0},"geometry":{"type":"LineString","coordinates":[[-74.0846979319297,40.0697534210212],[-74.0847454900526,40.0695950214079],[-74.0849695264373,40.0688608740041],[-74.0852160479352,40.068106792219],[-74.0853929258843,40.0676297009789],[-74.0854468655789,40.067484210104]]}},{"type":"Feature","id":340962,"properties":{"OBJECTID":340962,"PRIMENAME":"Borden Avenue","ELEVTYP_F":0,"ELEVTYP_T":0},"geometry":{"type":"LineString","coordinates":[[-74.0575265629602,40.082798903664],[-74.0572596504926,40.0836936261621],[-74.0572328373045,40.083805065432],[-74.057215709532,40.0838817695833]]}},{"type":"Feature","id":341031,"properties":{"OBJECTID":341031,"PRIMENAME":"Ocean Road","ELEVTYP_F":0,"ELEVTYP_T":0},"geometry":{"type":"LineString","coordinates":[[-74.0602250341624,40.0834398065325],[-74.0598886902212,40.0833607543624],[-74.0594371792922,40.083252282592]]}},{"type":"Feature","id":341145,"properties":{"OBJECTID":341145,"PRIMENAME":"Rahway Drive","ELEVTYP_F":0,"ELEVTYP_T":0},"geometry":{"type":"LineString","coordinates":[[-74.0895541617235,40.0642281617381],[-74.0882078449667,40.0649452407857]]}},{"type":"Feature","id":341376,"properties":{"OBJECTID":341376,"PRIMENAME":"River Oaks Lane","ELEVTYP_F":0,"ELEVTYP_T":0},"geometry":{"type":"LineString","coordinates":[[-74.056042223889,40.0926003648946],[-74.0561273845315,40.092621173871]]}},{"type":"Feature","id":341464,"properties":{"OBJECTID":341464,"PRIMENAME":"Apple Place","ELEVTYP_F":0,"ELEVTYP_T":0},"geometry":{"type":"LineString","coordinates":[[-74.0847373893557,40.0728648104439],[-74.083807922311,40.0727066113839]]}},{"type":"Feature","id":341887,"properties":{"OBJECTID":341887,"PRIMENAME":"Cedar Avenue","ELEVTYP_F":0,"ELEVTYP_T":0},"geometry":{"type":"LineString","coordinates":[[-74.0520494898036,40.0974350787479],[-74.0505801021639,40.0971542242788],[-74.0504926396739,40.0971416688359]]}},{"type":"Feature","id":341951,"properties":{"OBJECTID":341951,"PRIMENAME":"Burnt Tavern Road","ELEVTYP_F":0,"ELEVTYP_T":0},"geometry":{"type":"LineString","coordinates":[[-74.0616327506143,40.0796380457848],[-74.0613783676035,40.0794482327508]]}},{"type":"Feature","id":342123,"properties":{"OBJECTID":342123,"PRIMENAME":"Bancroft Road","ELEVTYP_F":0,"ELEVTYP_T":0},"geometry":{"type":"LineString","coordinates":[[-74.0848524306214,40.0606961816167],[-74.0845892166969,40.0602668848603]]}},{"type":"Feature","id":342259,"properties":{"OBJECTID":342259,"PRIMENAME":"South Street","ELEVTYP_F":0,"ELEVTYP_T":0},"geometry":{"type":"LineString","coordinates":[[-74.060524364718,40.0764293727691],[-74.0613837623599,40.0765660279347]]}},{"type":"Feature","id":342291,"properties":{"OBJECTID":342291,"PRIMENAME":"Bay Avenue","ELEVTYP_F":0,"ELEVTYP_T":0},"geometry":{"type":"LineString","coordinates":[[-74.0548633365137,40.0791135171027],[-74.0548406550814,40.0792324124054],[-74.0548134107378,40.0794153105284],[-74.0548015173946,40.0795239514527],[-74.0547896035767,40.0796411308648],[-74.0547761761842,40.0798095872137]]}},{"type":"Feature","id":342403,"properties":{"OBJECTID":342403,"PRIMENAME":"Kenneth Road","ELEVTYP_F":0,"ELEVTYP_T":0},"geometry":{"type":"LineString","coordinates":[[-74.0664946874551,40.0735110525685],[-74.0646318542641,40.0732569055602]]}},{"type":"Feature","id":342413,"properties":{"OBJECTID":342413,"PRIMENAME":"Waterside Court","ELEVTYP_F":0,"ELEVTYP_T":0},"geometry":{"type":"LineString","coordinates":[[-74.0666033059526,40.0808925803897],[-74.0666327197501,40.0811800709608],[-74.0666509233548,40.0812402062769],[-74.0666804024774,40.0812917911557],[-74.066728212386,40.0813834713856],[-74.0668533662498,40.0816098521306],[-74.0668826836951,40.0816814497482],[-74.0669155730502,40.0817759563264],[-74.0670176315461,40.0820848323656],[-74.0670470752921,40.0821739425803]]}},{"type":"Feature","id":342811,"properties":{"OBJECTID":342811,"PRIMENAME":"McLean Avenue","ELEVTYP_F":0,"ELEVTYP_T":0},"geometry":{"type":"LineString","coordinates":[[-74.0529605236193,40.0937634514156],[-74.0539818269731,40.0938278400963]]}},{"type":"Feature","id":343105,"properties":{"OBJECTID":343105,"PRIMENAME":"Laura Herbert Drive","ELEVTYP_F":0,"ELEVTYP_T":0},"geometry":{"type":"LineString","coordinates":[[-74.0716849870813,40.0795511482976],[-74.0717156593844,40.0794698624342],[-74.0718342708894,40.0791761920587]]}},{"type":"Feature","id":343358,"properties":{"OBJECTID":343358,"PRIMENAME":"Herbertsville Road","ELEVTYP_F":0,"ELEVTYP_T":0},"geometry":{"type":"LineString","coordinates":[[-74.083446986964,40.0869190965855],[-74.0839531751742,40.0871647268573]]}},{"type":"Feature","id":343686,"properties":{"OBJECTID":343686,"PRIMENAME":"Cedar Road","ELEVTYP_F":0,"ELEVTYP_T":0},"geometry":{"type":"LineString","coordinates":[[-74.069147711802,40.0841989507417],[-74.0690833692062,40.0845178826401]]}},{"type":"Feature","id":343715,"properties":{"OBJECTID":343715,"PRIMENAME":"Trenton Avenue","ELEVTYP_F":0,"ELEVTYP_T":0},"geometry":{"type":"LineString","coordinates":[[-74.0593612508569,40.089372663096],[-74.0593333599523,40.0893742593044],[-74.0592867968938,40.0893726824858],[-74.0588642817844,40.0893435932188],[-74.0588284135997,40.0893462019269],[-74.0587868004029,40.0893473611456]]}},{"type":"Feature","id":343917,"properties":{"OBJECTID":343917,"PRIMENAME":"Unnamed Segment","ELEVTYP_F":0,"ELEVTYP_T":0},"geometry":{"type":"LineString","coordinates":[[-74.0579425546661,40.0910736312357],[-74.058041912362,40.0911855925082],[-74.0580297987205,40.0913287417941],[-74.0579771900038,40.09139154531],[-74.0578836587945,40.0920155186954]]}},{"type":"Feature","id":344450,"properties":{"OBJECTID":344450,"PRIMENAME":"Catherine Street","ELEVTYP_F":0,"ELEVTYP_T":0},"geometry":{"type":"LineString","coordinates":[[-74.0584005094118,40.0812951418036],[-74.0575545224429,40.0810857136498]]}},{"type":"Feature","id":344471,"properties":{"OBJECTID":344471,"PRIMENAME":"River Road","ELEVTYP_F":0,"ELEVTYP_T":0},"geometry":{"type":"LineString","coordinates":[[-74.0732138211838,40.0870065113947],[-74.0728417146145,40.0869596494817],[-74.071936262646,40.0868443258121]]}},{"type":"Feature","id":344600,"properties":{"OBJECTID":344600,"PRIMENAME":"Robin Hood Road","ELEVTYP_F":0,"ELEVTYP_T":0},"geometry":{"type":"LineString","coordinates":[[-74.0827132069248,40.0633043275868],[-74.082821666292,40.0632131885405],[-74.0829525281374,40.0631164484441],[-74.0831206527779,40.0630141030489],[-74.0832811706261,40.0629345996239],[-74.0834118049024,40.0628750290159],[-74.0835907801046,40.0628213154098],[-74.083777151729,40.0627733925547],[-74.083937389882,40.0627396515868],[-74.084123623792,40.0627202788489],[-74.0842762208557,40.0627151160961],[-74.0844883607114,40.062718732326],[-74.0846743680429,40.0627308480325],[-74.0848231455655,40.0627485395448],[-74.0849215509828,40.0627651163864]]}},{"type":"Feature","id":344616,"properties":{"OBJECTID":344616,"PRIMENAME":"Oakland Drive","ELEVTYP_F":0,"ELEVTYP_T":0},"geometry":{"type":"LineString","coordinates":[[-74.0926537540887,40.0647297465828],[-74.0925819851079,40.0647333924329],[-74.0917492788459,40.0646619100428]]}},{"type":"Feature","id":344850,"properties":{"OBJECTID":344850,"PRIMENAME":"Rue Avenue","ELEVTYP_F":0,"ELEVTYP_T":0},"geometry":{"type":"LineString","coordinates":[[-74.0602250341624,40.0834398065325],[-74.060225693467,40.0834428560783],[-74.0602312026841,40.0834699455063],[-74.060230989308,40.0835031081957],[-74.0602216167767,40.0835432092752],[-74.0601035829903,40.083884827915],[-74.0597921497164,40.0848154868037]]}},{"type":"Feature","id":344953,"properties":{"OBJECTID":344953,"PRIMENAME":"16th Avenue","ELEVTYP_F":0,"ELEVTYP_T":0},"geometry":{"type":"LineString","coordinates":[[-74.0920309055581,40.0970758200739],[-74.0918031381719,40.0972285350261],[-74.0915975399516,40.0973564830302],[-74.091530240848,40.0974020098375]]}},{"type":"Feature","id":345420,"properties":{"OBJECTID":345420,"PRIMENAME":"Lakewood Road","ELEVTYP_F":0,"ELEVTYP_T":0},"geometry":{"type":"LineString","coordinates":[[-74.0785377841678,40.0813087988455],[-74.0776395344544,40.081495969913]]}},{"type":"Feature","id":345486,"properties":{"OBJECTID":345486,"PRIMENAME":"Howe Street","ELEVTYP_F":0,"ELEVTYP_T":0},"geometry":{"type":"LineString","coordinates":[[-74.0576956381324,40.0716760103343],[-74.0578922906512,40.0716639494951],[-74.0579943881829,40.0716576865487],[-74.0580950000976,40.0716380290242],[-74.0581844092576,40.0716211847905],[-74.0582702457821,40.0715929610035],[-74.0583710046844,40.0715561455718],[-74.0584867383239,40.0715022568169],[-74.0590360448705,40.0711697770273]]}},{"type":"Feature","id":345940,"properties":{"OBJECTID":345940,"PRIMENAME":"Fernwood Avenue","ELEVTYP_F":0,"ELEVTYP_T":0},"geometry":{"type":"LineString","coordinates":[[-74.0813763625576,40.0685885124749],[-74.0801047301297,40.0704355217272]]}},{"type":"Feature","id":345998,"properties":{"OBJECTID":345998,"PRIMENAME":"Osborn Avenue","ELEVTYP_F":0,"ELEVTYP_T":0},"geometry":{"type":"LineString","coordinates":[[-74.0701493548021,40.0826805857699],[-74.0701969333689,40.0827530744349],[-74.0702316774128,40.0828206553264],[-74.0702711651569,40.0829351447741],[-74.0702828465783,40.0829985221249],[-74.0702845956108,40.0830386932081],[-74.0702739020228,40.0831421512502]]}},{"type":"Feature","id":346087,"properties":{"OBJECTID":346087,"PRIMENAME":"Woodview Road","ELEVTYP_F":0,"ELEVTYP_T":0},"geometry":{"type":"LineString","coordinates":[[-74.0704422947879,40.0989173468076],[-74.0704716480368,40.0988484663806],[-74.0705282896946,40.0987152544385],[-74.0706224002941,40.0985582968575],[-74.0707038019401,40.0984442018869],[-74.0708287246039,40.0983159921723],[-74.0709785164271,40.0981783208095],[-74.0711093308107,40.0981025401845],[-74.0714519969599,40.0978941214123],[-74.0720625286457,40.0975246086714],[-74.0721373478152,40.0974677002171],[-74.0721812279021,40.0973963474582],[-74.072194234734,40.0973058553722],[-74.0721843971375,40.0972670821349]]}},{"type":"Feature","id":346249,"properties":{"OBJECTID":346249,"PRIMENAME":"Bayberry Lane","ELEVTYP_F":0,"ELEVTYP_T":0},"geometry":{"type":"LineString","coordinates":[[-74.0479834794511,40.0676501471431],[-74.0471649245459,40.0675317291502]]}},{"type":"Feature","id":346906,"properties":{"OBJECTID":346906,"PRIMENAME":"Arnold Avenue","ELEVTYP_F":0,"ELEVTYP_T":0},"geometry":{"type":"LineString","coordinates":[[-74.0622819758103,40.0861118164012],[-74.061906913513,40.0865056691109]]}},{"type":"Feature","id":346946,"properties":{"OBJECTID":346946,"PRIMENAME":"Bridge Avenue","ELEVTYP_F":0,"ELEVTYP_T":0},"geometry":{"type":"LineString","coordinates":[[-74.0829948235538,40.0754174384497],[-74.0823680474313,40.0752297069387],[-74.0820104823367,40.0751227226859]]}},{"type":"Feature","id":347434,"properties":{"OBJECTID":347434,"PRIMENAME":"Burnt Tavern Road","ELEVTYP_F":0,"ELEVTYP_T":0},"geometry":{"type":"LineString","coordinates":[[-74.0642832321827,40.0815651280644],[-74.0642467777579,40.0815375035967],[-74.0642028025934,40.0815041818637]]}},{"type":"Feature","id":347627,"properties":{"OBJECTID":347627,"PRIMENAME":"Bradford Drive","ELEVTYP_F":0,"ELEVTYP_T":0},"geometry":{"type":"LineString","coordinates":[[-74.0667125466676,40.0873669673359],[-74.066658486642,40.0869582075727],[-74.0666151512989,40.086667563223]]}},{"type":"Feature","id":347859,"properties":{"OBJECTID":347859,"PRIMENAME":"Briarwood Lane","ELEVTYP_F":0,"ELEVTYP_T":0},"geometry":{"type":"LineString","coordinates":[[-74.0701000515784,40.0684640346459],[-74.0700871453368,40.068851735971],[-74.0701018116833,40.0688889620786],[-74.0701351310921,40.0689148095638],[-74.070187155791,40.0689321608286],[-74.0702540992187,40.0689410018018],[-74.0713368859857,40.0690021984149]]}},{"type":"Feature","id":347937,"properties":{"OBJECTID":347937,"PRIMENAME":"Belaire Court West","ELEVTYP_F":0,"ELEVTYP_T":0},"geometry":{"type":"LineString","coordinates":[[-74.0663483503404,40.068597804898],[-74.0663786710116,40.0685327999431],[-74.0663991679152,40.0684448058015],[-74.0664147842277,40.0683376049823],[-74.0664153184104,40.0682533532665],[-74.066390958167,40.0681728237219],[-74.066346626871,40.0680807445629],[-74.0662675778966,40.067969372225],[-74.0662380116407,40.0679156458538],[-74.0662242982938,40.0678523693165],[-74.066223939191,40.0677738795996],[-74.0662398429834,40.067688834266],[-74.0663309389025,40.0674104146572]]}},{"type":"Feature","id":348061,"properties":{"OBJECTID":348061,"PRIMENAME":"Barnegat Boulevard","ELEVTYP_F":0,"ELEVTYP_T":0},"geometry":{"type":"LineString","coordinates":[[-74.0614295406338,40.0698667290924],[-74.0615007612565,40.0698438346208],[-74.0617654789708,40.0697762033477],[-74.0620710710141,40.069720145893],[-74.0624369677192,40.0696440011449]]}},{"type":"Feature","id":348326,"properties":{"OBJECTID":348326,"PRIMENAME":"Belaire Court West","ELEVTYP_F":0,"ELEVTYP_T":0},"geometry":{"type":"LineString","coordinates":[[-74.0663483503404,40.068597804898],[-74.0662530184659,40.068693232423],[-74.0661578556595,40.0687617837634],[-74.0660677919199,40.0688150630257],[-74.0659727996424,40.0688568750197],[-74.0658779280708,40.0688794701608],[-74.0657581759986,40.0688981836452],[-74.0656484419855,40.0689092480355],[-74.065523832382,40.0689049645367],[-74.0654241892248,40.0688969312941]]}},{"type":"Feature","id":348370,"properties":{"OBJECTID":348370,"PRIMENAME":"Bayberry Lane","ELEVTYP_F":0,"ELEVTYP_T":0},"geometry":{"type":"LineString","coordinates":[[-74.0632546159602,40.0690395182924],[-74.0632878407614,40.0690294864052],[-74.0633172707624,40.0690148547672],[-74.0633376344461,40.0689931608276],[-74.0633488753098,40.0689675622144],[-74.0635140806581,40.0681034356686],[-74.0636793964805,40.0669525044118],[-74.0637093080862,40.0668679237908],[-74.0637576205757,40.0667834394712],[-74.0638205640262,40.0667074668431],[-74.0639018191741,40.0666400449575],[-74.0639756237043,40.0665866791445],[-74.0640677399404,40.0665418658372],[-74.0641782030608,40.066505603323],[-74.0642922209103,40.0664834382438],[-74.0644061474663,40.0664754109225],[-74.0645053003464,40.0664814391484],[-74.0646080619868,40.0664931092965],[-74.064707124281,40.0665131923589],[-74.0647914483115,40.0665417864852],[-74.0653961678571,40.0667613763209]]}},{"type":"Feature","id":348457,"properties":{"OBJECTID":348457,"PRIMENAME":"Barnegat Boulevard","ELEVTYP_F":0,"ELEVTYP_T":0},"geometry":{"type":"LineString","coordinates":[[-74.0624369677192,40.0696440011449],[-74.063042778465,40.06971829732]]}},{"type":"Feature","id":348817,"properties":{"OBJECTID":348817,"PRIMENAME":"Barnegat Boulevard","ELEVTYP_F":0,"ELEVTYP_T":0},"geometry":{"type":"LineString","coordinates":[[-74.0613002077986,40.0693896268953],[-74.0613136411501,40.0693955574986],[-74.0613748587424,40.0694225822581],[-74.0615753950751,40.0694948294793],[-74.0617314485028,40.069538329938],[-74.0618950081541,40.06957038192],[-74.0620995168717,40.0696026163817],[-74.0624369677192,40.0696440011449]]}},{"type":"Feature","id":349592,"properties":{"OBJECTID":349592,"PRIMENAME":"Bridge Avenue","ELEVTYP_F":0,"ELEVTYP_T":0},"geometry":{"type":"LineString","coordinates":[[-74.0899639188767,40.0823038421187],[-74.0898949397586,40.0822595801561],[-74.0896688118763,40.0821050688753],[-74.0894580544886,40.0819564868466],[-74.0892704006107,40.0817991730647],[-74.0890598214464,40.0816210517971],[-74.088891433321,40.0814578764714],[-74.0887269958128,40.0812858196747],[-74.0885627529164,40.0810872171928],[-74.0884959368719,40.0810010888328],[-74.0883603610757,40.0808263238615],[-74.0882345048088,40.0806337046011],[-74.0880934413142,40.080414456163],[-74.0879411563298,40.0801537951711],[-74.0879127929535,40.0800864836196],[-74.0878538456811,40.0799465970462],[-74.0877742365514,40.0797423363959],[-74.0877186248922,40.0795705014003]]}},{"type":"Feature","id":349642,"properties":{"OBJECTID":349642,"PRIMENAME":"Richmond Avenue","ELEVTYP_F":0,"ELEVTYP_T":0},"geometry":{"type":"LineString","coordinates":[[-74.0485803245348,40.082525579065],[-74.0485856442111,40.0825007632007],[-74.0485915437779,40.0824760270552],[-74.0485980395846,40.0824513805998],[-74.0486051257322,40.0824268292157],[-74.0486128044879,40.0824023846204],[-74.0486210687801,40.0823780521906],[-74.0486299162098,40.0823538400229],[-74.0486393467049,40.0823297589253],[-74.0486503474322,40.0823035204816],[-74.0486620387862,40.0822774603624],[-74.048674417201,40.0822515857593],[-74.0486874732006,40.0822259110463],[-74.0487012067367,40.0822004434284],[-74.0487156071787,40.082175194573],[-74.048730673276,40.082150176184],[-74.0487463944099,40.0821253981274],[-74.0487627670088,40.0821008684952],[-74.048780866445,40.0820742577815],[-74.0487996242415,40.0820479162342],[-74.0488190332913,40.0820218546334],[-74.0488390864993,40.0819960819583],[-74.0488597755859,40.0819706089845],[-74.0488810922896,40.0819454437856],[-74.0489030330269,40.0819205962552],[-74.0489255860187,40.0818960744531],[-74.0489487441701,40.0818718873584],[-74.0489725003863,40.0818480439499],[-74.0489968428822,40.0818245531884],[-74.0490217669022,40.0818014249625],[-74.049047258346,40.0817786637205],[-74.0490733136069,40.0817562829584],[-74.0490999162395,40.0817342871153],[-74.0491270626671,40.0817126851837],[-74.0491547422772,40.0816914861289],[-74.0491829409641,40.0816706952998],[-74.0492116539663,40.0816503234858],[-74.0492408660175,40.08163037423],[-74.0492705688327,40.0816108592086],[-74.0493007518359,40.0815917819829],[-74.0493314009033,40.0815731506039],[-74.0493625089527,40.0815549722492],[-74.0493940630509,40.0815372522722],[-74.0494260514195,40.0815199987331],[-74.0494584646313,40.0815032188004],[-74.0494912862476,40.0814869160124],[-74.0495245080195,40.0814710966418],[-74.0495581170024,40.0814557678432],[-74.0495917658782,40.0814407886587],[-74.0496257959193,40.0814263279439],[-74.0496601953714,40.0814123901561],[-74.0496949489449,40.0813989824411],[-74.0497300425522,40.081386107446],[-74.0497654632431,40.0813737732264],[-74.0498011969241,40.08136198333],[-74.049837229508,40.0813507404037],[-74.0498735445209,40.0813400533903],[-74.0499101325776,40.0813299231538],[-74.0499469725437,40.0813203541151],[-74.0499840561888,40.081311349845],[-74.0500213635454,40.0813029156696],[-74.0500588828773,40.0812950533448]]}},{"type":"Feature","id":349901,"properties":{"OBJECTID":349901,"PRIMENAME":"Richmond Avenue","ELEVTYP_F":0,"ELEVTYP_T":0},"geometry":{"type":"LineString","coordinates":[[-74.0503743401974,40.09660540707],[-74.0503996184133,40.0968490968769],[-74.0504164257013,40.0971307205851]]}},{"type":"Feature","id":350040,"properties":{"OBJECTID":350040,"PRIMENAME":"Richmond Avenue","ELEVTYP_F":0,"ELEVTYP_T":0},"geometry":{"type":"LineString","coordinates":[[-74.0494420316384,40.0896537040662],[-74.0495480711728,40.0904579438222],[-74.0495693492705,40.0906190395318]]}},{"type":"Feature","id":350092,"properties":{"OBJECTID":350092,"PRIMENAME":"Brick Boulevard","ELEVTYP_F":0,"ELEVTYP_T":0},"geometry":{"type":"LineString","coordinates":[[-74.089382319433,40.0959716802712],[-74.0897368956655,40.0958292989363],[-74.0903790815981,40.0955921220055],[-74.0906644906098,40.0954875456058],[-74.090984370561,40.0953661230007],[-74.0921087342256,40.0949609486839],[-74.0928001934087,40.0946918788607],[-74.0936921818073,40.0943325305015],[-74.0944340232615,40.0940312783508],[-74.0948633322925,40.0938504923998],[-74.0951308990445,40.093728465493]]}},{"type":"Feature","id":350488,"properties":{"OBJECTID":350488,"PRIMENAME":"Ocean Road","ELEVTYP_F":0,"ELEVTYP_T":0},"geometry":{"type":"LineString","coordinates":[[-74.0513670723597,40.0813404834887],[-74.0511302641953,40.0812751882316],[-74.050667760569,40.0811284971548]]}},{"type":"Feature","id":350496,"properties":{"OBJECTID":350496,"PRIMENAME":"State Highway 70","ELEVTYP_F":0,"ELEVTYP_T":0},"geometry":{"type":"LineString","coordinates":[[-74.0887346736763,40.0961185316719],[-74.0885464446916,40.096196818699],[-74.0871092025975,40.0967749326093],[-74.0869713565301,40.0968347739565],[-74.0866000539029,40.0969801323263]]}},{"type":"Feature","id":350538,"properties":{"OBJECTID":350538,"PRIMENAME":"Richmond Avenue","ELEVTYP_F":0,"ELEVTYP_T":0},"geometry":{"type":"LineString","coordinates":[[-74.0491088036009,40.087127624946],[-74.0491801182146,40.0876790249543],[-74.0492182809012,40.0879732781117]]}},{"type":"Feature","id":350650,"properties":{"OBJECTID":350650,"PRIMENAME":"Sea Avenue","ELEVTYP_F":0,"ELEVTYP_T":0},"geometry":{"type":"LineString","coordinates":[[-74.0481977087056,40.0802752822512],[-74.0473468835521,40.0800203243634]]}},{"type":"Feature","id":351345,"properties":{"OBJECTID":351345,"PRIMENAME":"Ivy Place","ELEVTYP_F":0,"ELEVTYP_T":0},"geometry":{"type":"LineString","coordinates":[[-74.0900833689016,40.0615505132998],[-74.0903163894425,40.061151562442],[-74.0903954000712,40.061006010014],[-74.0904476536025,40.0608538292919],[-74.090463394956,40.06079060469]]}},{"type":"Feature","id":352028,"properties":{"OBJECTID":352028,"PRIMENAME":"Richmond Avenue","ELEVTYP_F":0,"ELEVTYP_T":0},"geometry":{"type":"LineString","coordinates":[[-74.0495693492705,40.0906190395318],[-74.0496766300969,40.091430751498],[-74.0497174611654,40.0917437103254]]}},{"type":"Feature","id":352547,"properties":{"OBJECTID":352547,"PRIMENAME":"Ocean Road","ELEVTYP_F":0,"ELEVTYP_T":0},"geometry":{"type":"LineString","coordinates":[[-74.0498467622087,40.0808621984969],[-74.0493888572318,40.0807072851483],[-74.0490371243358,40.08057024238]]}},{"type":"Feature","id":352835,"properties":{"OBJECTID":352835,"PRIMENAME":"State Highway 70","ELEVTYP_F":0,"ELEVTYP_T":0},"geometry":{"type":"LineString","coordinates":[[-74.09017987265,40.0955591753278],[-74.0895751145746,40.0957872453868],[-74.088925458087,40.0960413603555],[-74.0887346736763,40.0961185316719]]}},{"type":"Feature","id":353245,"properties":{"OBJECTID":353245,"PRIMENAME":"Hawthorne Avenue","ELEVTYP_F":0,"ELEVTYP_T":0},"geometry":{"type":"LineString","coordinates":[[-74.0489209440217,40.0935273974006],[-74.0489684901407,40.0936513689755],[-74.0489910397997,40.0937551469944],[-74.0490223296605,40.0939590257716],[-74.0490666047792,40.0943023621813],[-74.0491951400252,40.0952787372912],[-74.0492839533665,40.0959260983821],[-74.0493023552816,40.0960682115582]]}},{"type":"Feature","id":353807,"properties":{"OBJECTID":353807,"PRIMENAME":"Osprey Point Drive","ELEVTYP_F":0,"ELEVTYP_T":0},"geometry":{"type":"LineString","coordinates":[[-74.0718222004873,40.0959096701376],[-74.0717748900756,40.0958839912823],[-74.0715211966238,40.0957638791101],[-74.0710232661307,40.0955337632451],[-74.0710014077286,40.0955236621065],[-74.070416851023,40.0952434613985],[-74.0702899042542,40.0951826109126]]}},{"type":"Feature","id":353808,"properties":{"OBJECTID":353808,"PRIMENAME":"Richmond Avenue","ELEVTYP_F":0,"ELEVTYP_T":0},"geometry":{"type":"LineString","coordinates":[[-74.0487412052739,40.0843868911752],[-74.0487696551858,40.0845871907359]]}},{"type":"Feature","id":354189,"properties":{"OBJECTID":354189,"PRIMENAME":"West Laurel Avenue","ELEVTYP_F":0,"ELEVTYP_T":0},"geometry":{"type":"LineString","coordinates":[[-74.0537139122077,40.0903526166409],[-74.054889286774,40.0902479572577],[-74.0549569119064,40.0902428913041]]}},{"type":"Feature","id":354682,"properties":{"OBJECTID":354682,"PRIMENAME":"State Highway 70","ELEVTYP_F":0,"ELEVTYP_T":0},"geometry":{"type":"LineString","coordinates":[[-74.0939663696337,40.0941076345206],[-74.0939307851116,40.0941224990902],[-74.0934688797308,40.0943138745961],[-74.0930116393069,40.0945017231214],[-74.0924292840052,40.0947263993854],[-74.0914467120344,40.0950959385941],[-74.0906405398128,40.0953875337688],[-74.0903428219263,40.0954977211208],[-74.09017987265,40.0955591753278]]}},{"type":"Feature","id":356250,"properties":{"OBJECTID":356250,"PRIMENAME":"Hunters Road","ELEVTYP_F":0,"ELEVTYP_T":0},"geometry":{"type":"LineString","coordinates":[[-74.0875774912245,40.0620224370736],[-74.0879752087595,40.0621035088649],[-74.0884106054317,40.0621922600907]]}},{"type":"Feature","id":358112,"properties":{"OBJECTID":358112,"PRIMENAME":"Ivy Place","ELEVTYP_F":0,"ELEVTYP_T":0},"geometry":{"type":"LineString","coordinates":[[-74.0895286436481,40.061954939944],[-74.08959984916,40.0619255700921],[-74.0897285924284,40.0618700766047],[-74.0898343357054,40.0618071158378],[-74.089922919499,40.0617397303637],[-74.0899897786757,40.061672513831],[-74.0900290008524,40.0616202996432],[-74.0900833689016,40.0615505132998]]}},{"type":"Feature","id":362330,"properties":{"OBJECTID":362330,"PRIMENAME":"Richmond Avenue","ELEVTYP_F":0,"ELEVTYP_T":0},"geometry":{"type":"LineString","coordinates":[[-74.0487696551858,40.0845871907359],[-74.048883189925,40.0854340961288]]}},{"type":"Feature","id":364234,"properties":{"OBJECTID":364234,"PRIMENAME":"Oxford Lane","ELEVTYP_F":0,"ELEVTYP_T":0},"geometry":{"type":"LineString","coordinates":[[-74.0900254150989,40.0919193277835],[-74.0901508401549,40.0921286627781],[-74.0902283967794,40.0922434168912],[-74.0903135980434,40.0923295361746],[-74.0903618079029,40.0923669331644],[-74.0903593636979,40.092369121308]]}},{"type":"Feature","id":364567,"properties":{"OBJECTID":364567,"PRIMENAME":"State Highway 70","ELEVTYP_F":0,"ELEVTYP_T":0},"geometry":{"type":"LineString","coordinates":[[-74.0856544952157,40.0973557375438],[-74.0853766317965,40.097467294495],[-74.0843995263598,40.097867275279],[-74.0835772629254,40.0982376359113],[-74.0833285534049,40.0983592957995],[-74.0832554013623,40.0983967202334],[-74.0829369666383,40.0985596277163],[-74.0825769900031,40.0987606189363],[-74.0823762181838,40.0988671269587],[-74.082226733172,40.0989523786805],[-74.0820304842831,40.0990732062784],[-74.0818061415564,40.0992225371451],[-74.0814789411058,40.0994429846772],[-74.0810908145939,40.0997346978468],[-74.0807727651307,40.0999837544582],[-74.080585635505,40.1001439529377],[-74.0803655904654,40.1003433163764],[-74.0801175276178,40.1005640457808],[-74.0798979504625,40.100785675072]]}},{"type":"Feature","id":365955,"properties":{"OBJECTID":365955,"PRIMENAME":"Bridge Avenue","ELEVTYP_F":0,"ELEVTYP_T":0},"geometry":{"type":"LineString","coordinates":[[-74.0907936948159,40.0827375796306],[-74.0905920969306,40.0826435726116]]}},{"type":"Feature","id":366763,"properties":{"OBJECTID":366763,"PRIMENAME":"Richmond Avenue","ELEVTYP_F":0,"ELEVTYP_T":0},"geometry":{"type":"LineString","coordinates":[[-74.0492182809012,40.0879732781117],[-74.0493288560761,40.0888260462858]]}},{"type":"Feature","id":366799,"properties":{"OBJECTID":366799,"PRIMENAME":"Richmond Avenue","ELEVTYP_F":0,"ELEVTYP_T":0},"geometry":{"type":"LineString","coordinates":[[-74.0486122839892,40.0834511704222],[-74.0486522168788,40.0836444587636],[-74.0486718047156,40.0837963197416],[-74.0487016183227,40.0840274580484],[-74.0487412052739,40.0843868911752]]}},{"type":"Feature","id":367525,"properties":{"OBJECTID":367525,"PRIMENAME":"Walter Stout Lane","ELEVTYP_F":0,"ELEVTYP_T":0},"geometry":{"type":"LineString","coordinates":[[-74.0562134962242,40.070309238899],[-74.0557483272125,40.0712425957272]]}},{"type":"Feature","id":367735,"properties":{"OBJECTID":367735,"PRIMENAME":"Richmond Avenue","ELEVTYP_F":0,"ELEVTYP_T":0},"geometry":{"type":"LineString","coordinates":[[-74.0485623964389,40.0830716008063],[-74.0485613093833,40.0830274068012],[-74.0485605471538,40.0829832095582],[-74.0485601062262,40.0829390099642],[-74.0485599877725,40.0828948080237],[-74.048560189423,40.0828506073304],[-74.0485607158615,40.0828064088031],[-74.0485615647421,40.0827622124328],[-74.0485627360465,40.0827180209214],[-74.0485642297799,40.0826738333682],[-74.0485655586585,40.0826407579154],[-74.0485670680769,40.0826076876694],[-74.0485691960257,40.0825912168932],[-74.0485715876399,40.0825747705623],[-74.0485742429432,40.0825583450742],[-74.0485771607273,40.0825419458282],[-74.0485803245348,40.082525579065]]}},{"type":"Feature","id":367764,"properties":{"OBJECTID":367764,"PRIMENAME":"Richmond Avenue","ELEVTYP_F":0,"ELEVTYP_T":0},"geometry":{"type":"LineString","coordinates":[[-74.0482264401567,40.0807461611852],[-74.0482387279501,40.0808335096468],[-74.0483146284505,40.0813163778321],[-74.0483808713221,40.0818599888135],[-74.048444907954,40.0823372920361]]}},{"type":"Feature","id":370780,"properties":{"OBJECTID":370780,"PRIMENAME":"Oxford Lane","ELEVTYP_F":0,"ELEVTYP_T":0},"geometry":{"type":"LineString","coordinates":[[-74.0903593636979,40.092369121308],[-74.0897607522412,40.0929090102901]]}},{"type":"Feature","id":371012,"properties":{"OBJECTID":371012,"PRIMENAME":"Osprey Lane","ELEVTYP_F":0,"ELEVTYP_T":0},"geometry":{"type":"LineString","coordinates":[[-74.0718222004873,40.0959096701376],[-74.0718929949684,40.0958558219042],[-74.0719740627375,40.095794159366],[-74.0720799078338,40.095737393493],[-74.0721732945281,40.0956948016164],[-74.0722470370174,40.0956896382892],[-74.0723965625583,40.095690190366],[-74.0725827240626,40.0957201426887],[-74.0729977475189,40.0958455967149],[-74.0731932719392,40.0959046820925]]}},{"type":"Feature","id":371859,"properties":{"OBJECTID":371859,"PRIMENAME":"Richmond Avenue","ELEVTYP_F":0,"ELEVTYP_T":0},"geometry":{"type":"LineString","coordinates":[[-74.050324028036,40.0962005532127],[-74.0503241295177,40.0962013498169],[-74.0503558525417,40.0964271373289],[-74.0503565992066,40.0964343277361],[-74.0503743401974,40.09660540707]]}},{"type":"Feature","id":371976,"properties":{"OBJECTID":371976,"PRIMENAME":"Cincinnati Avenue","ELEVTYP_F":0,"ELEVTYP_T":0},"geometry":{"type":"LineString","coordinates":[[-74.0477491212217,40.0880955110449],[-74.0478612452438,40.0889384852954]]}},{"type":"Feature","id":372522,"properties":{"OBJECTID":372522,"PRIMENAME":"Richmond Avenue","ELEVTYP_F":0,"ELEVTYP_T":0},"geometry":{"type":"LineString","coordinates":[[-74.0493288560761,40.0888260462858],[-74.049415105391,40.089449375668],[-74.0494420316384,40.0896537040662]]}},{"type":"Feature","id":372625,"properties":{"OBJECTID":372625,"PRIMENAME":"Ivy Place","ELEVTYP_F":0,"ELEVTYP_T":0},"geometry":{"type":"LineString","coordinates":[[-74.0889763075431,40.0621091363866],[-74.0895286436481,40.061954939944]]}},{"type":"Feature","id":372890,"properties":{"OBJECTID":372890,"PRIMENAME":"Burnt Tavern Road Extension","ELEVTYP_F":0,"ELEVTYP_T":0},"geometry":{"type":"LineString","coordinates":[[-74.0931551341088,40.0838259139672],[-74.0917346286568,40.0831731432005],[-74.0912611157341,40.0829555421219],[-74.0907936948159,40.0827375796306]]}},{"type":"Feature","id":373181,"properties":{"OBJECTID":373181,"PRIMENAME":"Richmond Avenue","ELEVTYP_F":0,"ELEVTYP_T":0},"geometry":{"type":"LineString","coordinates":[[-74.0502884432903,40.0959478470685],[-74.050324028036,40.0962005532127]]}},{"type":"Feature","id":374640,"properties":{"OBJECTID":374640,"PRIMENAME":"Osprey Point Drive","ELEVTYP_F":0,"ELEVTYP_T":0},"geometry":{"type":"LineString","coordinates":[[-74.0724183646184,40.0962334585904],[-74.0723315439183,40.0961863030487],[-74.0718222004873,40.0959096701376]]}},{"type":"Feature","id":375474,"properties":{"OBJECTID":375474,"PRIMENAME":"Ivy Place","ELEVTYP_F":0,"ELEVTYP_T":0},"geometry":{"type":"LineString","coordinates":[[-74.0885752155965,40.0622166366606],[-74.0889763075431,40.0621091363866]]}},{"type":"Feature","id":376092,"properties":{"OBJECTID":376092,"PRIMENAME":"Leone Drive","ELEVTYP_F":0,"ELEVTYP_T":0},"geometry":{"type":"LineString","coordinates":[[-74.090958013098,40.0667383729044],[-74.0910658280143,40.0677670876859]]}},{"type":"Feature","id":376565,"properties":{"OBJECTID":376565,"PRIMENAME":"Hunters Road","ELEVTYP_F":0,"ELEVTYP_T":0},"geometry":{"type":"LineString","coordinates":[[-74.0884106054317,40.0621922600907],[-74.0885752155965,40.0622166366606]]}},{"type":"Feature","id":376664,"properties":{"OBJECTID":376664,"PRIMENAME":"Hunters Road","ELEVTYP_F":0,"ELEVTYP_T":0},"geometry":{"type":"LineString","coordinates":[[-74.0907927740719,40.0622125588182],[-74.0908730524087,40.0622196227779],[-74.090916125994,40.0622262337712],[-74.0913456396783,40.0622921475643],[-74.0916500596169,40.06233324788],[-74.0918373568607,40.06235043476]]}},{"type":"Feature","id":377602,"properties":{"OBJECTID":377602,"PRIMENAME":"Hawthorne Avenue","ELEVTYP_F":0,"ELEVTYP_T":0},"geometry":{"type":"LineString","coordinates":[[-74.0494170330572,40.0969569301848],[-74.0494743601272,40.0974031560407],[-74.0495678972927,40.098039800635],[-74.0496351551158,40.0984332448842],[-74.049680236985,40.0986550763621],[-74.0497031483396,40.0987369480819]]}},{"type":"Feature","id":377848,"properties":{"OBJECTID":377848,"PRIMENAME":"Richmond Avenue","ELEVTYP_F":0,"ELEVTYP_T":0},"geometry":{"type":"LineString","coordinates":[[-74.0499642359474,40.093579004727],[-74.0499827666388,40.0937125536858],[-74.0500671512188,40.0943276938601],[-74.050142206679,40.0949428247003],[-74.0501997354785,40.0953970123434],[-74.0502758763906,40.095858465101],[-74.0502884432903,40.0959478470685]]}},{"type":"Feature","id":378793,"properties":{"OBJECTID":378793,"PRIMENAME":"Cincinnati Avenue","ELEVTYP_F":0,"ELEVTYP_T":0},"geometry":{"type":"LineString","coordinates":[[-74.0480978813872,40.0907359960207],[-74.0481504313352,40.091113427578]]}},{"type":"Feature","id":378994,"properties":{"OBJECTID":378994,"PRIMENAME":"Hunters Road","ELEVTYP_F":0,"ELEVTYP_T":0},"geometry":{"type":"LineString","coordinates":[[-74.0885752155965,40.0622166366606],[-74.0889359445205,40.0622700566198],[-74.0889445339602,40.0622713273543],[-74.089044697707,40.0622809346429],[-74.0890597715425,40.0622814816921]]}},{"type":"Feature","id":379076,"properties":{"OBJECTID":379076,"PRIMENAME":"Hunters Road","ELEVTYP_F":0,"ELEVTYP_T":0},"geometry":{"type":"LineString","coordinates":[[-74.0859736340295,40.0614332517604],[-74.0860187071504,40.0615185727766],[-74.0860782994738,40.0616019415982],[-74.0861181073028,40.0616483156615],[-74.086162044375,40.0616792746295],[-74.0862300277264,40.0617103203626],[-74.0862979955923,40.0617321140466],[-74.0864861291691,40.0617820636858],[-74.0868383735289,40.0618664771745],[-74.0873348310606,40.0619729804331],[-74.0875774912245,40.0620224370736]]}},{"type":"Feature","id":379105,"properties":{"OBJECTID":379105,"PRIMENAME":"Midcen Road","ELEVTYP_F":0,"ELEVTYP_T":0},"geometry":{"type":"LineString","coordinates":[[-74.0909058811309,40.0662409570125],[-74.091805895771,40.0661852720096]]}},{"type":"Feature","id":379953,"properties":{"OBJECTID":379953,"PRIMENAME":"Richmond Avenue","ELEVTYP_F":0,"ELEVTYP_T":0},"geometry":{"type":"LineString","coordinates":[[-74.0473468835521,40.0800203243634],[-74.047726603871,40.0801666505907],[-74.0478238962278,40.0802034147822],[-74.0478890596094,40.0802280391631],[-74.0479678995862,40.0802712558351],[-74.0480420095035,40.0803215919896],[-74.0480697181099,40.0803497089334],[-74.0481021124037,40.0803825799917],[-74.0481436434363,40.0804363305116],[-74.0481895124269,40.0805366313255],[-74.0481924794599,40.080550744143],[-74.0482120685293,40.0806439512703],[-74.0482264401567,40.0807461611852]]}},{"type":"Feature","id":380174,"properties":{"OBJECTID":380174,"PRIMENAME":"Lincoln Avenue","ELEVTYP_F":0,"ELEVTYP_T":0},"geometry":{"type":"LineString","coordinates":[[-74.0556401813488,40.093542524958],[-74.0558234908693,40.0931129274316]]}},{"type":"Feature","id":380880,"properties":{"OBJECTID":380880,"PRIMENAME":"Ocean Road","ELEVTYP_F":0,"ELEVTYP_T":0},"geometry":{"type":"LineString","coordinates":[[-74.0490371243358,40.08057024238],[-74.0482832688493,40.0803053468817]]}},{"type":"Feature","id":382287,"properties":{"OBJECTID":382287,"PRIMENAME":"Hawthorne Avenue","ELEVTYP_F":0,"ELEVTYP_T":0},"geometry":{"type":"LineString","coordinates":[[-74.0481504313352,40.091113427578],[-74.0481609416077,40.0911889167671],[-74.0482185014944,40.0916359678062],[-74.0482522064269,40.0918579205383]]}},{"type":"Feature","id":382617,"properties":{"OBJECTID":382617,"PRIMENAME":"Brick Boulevard","ELEVTYP_F":0,"ELEVTYP_T":0},"geometry":{"type":"LineString","coordinates":[[-74.0888087307905,40.0962016536707],[-74.089382319433,40.0959716802712]]}},{"type":"Feature","id":382753,"properties":{"OBJECTID":382753,"PRIMENAME":"Bridge Avenue","ELEVTYP_F":0,"ELEVTYP_T":0},"geometry":{"type":"LineString","coordinates":[[-74.0905920969306,40.0826435726116],[-74.0905348302223,40.0826168682072],[-74.0903205345048,40.0825212324124],[-74.0902044354016,40.0824581731437],[-74.0899639188767,40.0823038421187]]}},{"type":"Feature","id":382804,"properties":{"OBJECTID":382804,"PRIMENAME":"Hawthorne Avenue","ELEVTYP_F":0,"ELEVTYP_T":0},"geometry":{"type":"LineString","coordinates":[[-74.0482522064269,40.0918579205383],[-74.0482809446471,40.0920472948065],[-74.0483262781462,40.092229787644],[-74.0483627435141,40.0923478960198],[-74.0484404523587,40.0925590939516],[-74.0485321720967,40.0927703455322],[-74.0485872965606,40.0928777930172],[-74.0486930527488,40.0930748241113],[-74.0487895975656,40.0932539197945],[-74.0488539574043,40.0933757051879],[-74.0489209440217,40.0935273974006]]}},{"type":"Feature","id":382845,"properties":{"OBJECTID":382845,"PRIMENAME":"Sea Avenue","ELEVTYP_F":0,"ELEVTYP_T":0},"geometry":{"type":"LineString","coordinates":[[-74.0482832688493,40.0803053468817],[-74.0481977087056,40.0802752822512]]}},{"type":"Feature","id":383035,"properties":{"OBJECTID":383035,"PRIMENAME":"Cincinnati Avenue","ELEVTYP_F":0,"ELEVTYP_T":0},"geometry":{"type":"LineString","coordinates":[[-74.0478612452438,40.0889384852954],[-74.0478860660428,40.089125318023],[-74.047952726965,40.0896009567837],[-74.047969291919,40.0897660695086]]}},{"type":"Feature","id":385021,"properties":{"OBJECTID":385021,"PRIMENAME":"Bridge Avenue","ELEVTYP_F":0,"ELEVTYP_T":0},"geometry":{"type":"LineString","coordinates":[[-74.0877186248922,40.0795705014003],[-74.0876676488558,40.0794129858898]]}},{"type":"Feature","id":385868,"properties":{"OBJECTID":385868,"PRIMENAME":"Richmond Avenue","ELEVTYP_F":0,"ELEVTYP_T":0},"geometry":{"type":"LineString","coordinates":[[-74.048444907954,40.0823372920361],[-74.0484783627662,40.0825967453066],[-74.0484931532398,40.0826773816018],[-74.0485367667388,40.0829151272175],[-74.0485623964389,40.0830716008063]]}},{"type":"Feature","id":386119,"properties":{"OBJECTID":386119,"PRIMENAME":"Richmond Avenue","ELEVTYP_F":0,"ELEVTYP_T":0},"geometry":{"type":"LineString","coordinates":[[-74.0504164257013,40.0971307205851],[-74.0504291489299,40.0974624860608]]}},{"type":"Feature","id":386278,"properties":{"OBJECTID":386278,"PRIMENAME":"Richmond Avenue","ELEVTYP_F":0,"ELEVTYP_T":0},"geometry":{"type":"LineString","coordinates":[[-74.0485623964389,40.0830716008063],[-74.0485940864571,40.0833127162444],[-74.0486122839892,40.0834511704222]]}},{"type":"Feature","id":393492,"properties":{"OBJECTID":393492,"PRIMENAME":"Leone Drive","ELEVTYP_F":0,"ELEVTYP_T":0},"geometry":{"type":"LineString","coordinates":[[-74.0910658280143,40.0677670876859],[-74.091104634706,40.068137343889]]}},{"type":"Feature","id":397586,"properties":{"OBJECTID":397586,"PRIMENAME":"Hunters Road","ELEVTYP_F":0,"ELEVTYP_T":0},"geometry":{"type":"LineString","coordinates":[[-74.0890597715425,40.0622814816921],[-74.0891408955364,40.0622843499041],[-74.0892491555786,40.0622785847195],[-74.0893935374378,40.0622667975033],[-74.0894522133576,40.0622593179977],[-74.0895212938173,40.0622448210715],[-74.0896504372638,40.0622122247963],[-74.0897045616867,40.0621953131612]]}},{"type":"Feature","id":397680,"properties":{"OBJECTID":397680,"PRIMENAME":"River Avenue","ELEVTYP_F":0,"ELEVTYP_T":0},"geometry":{"type":"LineString","coordinates":[[-74.0504291489299,40.0974624860608],[-74.0504216084632,40.0977500003226],[-74.0504056913636,40.0980501934955],[-74.0503744318183,40.0985576794482],[-74.0503742283636,40.0985885903392]]}},{"type":"Feature","id":397894,"properties":{"OBJECTID":397894,"PRIMENAME":"State Highway 70","ELEVTYP_F":0,"ELEVTYP_T":0},"geometry":{"type":"LineString","coordinates":[[-74.0865664076848,40.0971009390101],[-74.0868698170681,40.0969805327513],[-74.0888087307905,40.0962016536707]]}},{"type":"Feature","id":397981,"properties":{"OBJECTID":397981,"PRIMENAME":"Hawthorne Avenue","ELEVTYP_F":0,"ELEVTYP_T":0},"geometry":{"type":"LineString","coordinates":[[-74.0493023552816,40.0960682115582],[-74.0493249613454,40.0962429235585],[-74.0493769797189,40.0966449626123],[-74.0493978608419,40.0968075986217],[-74.0494170330572,40.0969569301848]]}},{"type":"Feature","id":398533,"properties":{"OBJECTID":398533,"PRIMENAME":"State Highway 70","ELEVTYP_F":0,"ELEVTYP_T":0},"geometry":{"type":"LineString","coordinates":[[-74.0833032311493,40.0984855283785],[-74.0834485306762,40.0984125195064],[-74.0838104599567,40.0982441312749],[-74.0842339133225,40.0980514522577],[-74.0855654866033,40.0974981362896],[-74.0857249301625,40.0974348647803]]}},{"type":"Feature","id":398982,"properties":{"OBJECTID":398982,"PRIMENAME":"Ocean Road","ELEVTYP_F":0,"ELEVTYP_T":0},"geometry":{"type":"LineString","coordinates":[[-74.050667760569,40.0811284971548],[-74.0501715449456,40.0809675351556]]}},{"type":"Feature","id":399058,"properties":{"OBJECTID":399058,"PRIMENAME":"River Oaks Lane","ELEVTYP_F":0,"ELEVTYP_T":0},"geometry":{"type":"LineString","coordinates":[[-74.0561273845315,40.092621173871],[-74.056149753091,40.0926266385105],[-74.0572109010871,40.092916787992]]}},{"type":"Feature","id":399310,"properties":{"OBJECTID":399310,"PRIMENAME":"Richmond Avenue","ELEVTYP_F":0,"ELEVTYP_T":0},"geometry":{"type":"LineString","coordinates":[[-74.0497174611654,40.0917437103254],[-74.0497918403716,40.0923141188212],[-74.0499027722255,40.0931367158783],[-74.0499642359474,40.093579004727]]}},{"type":"Feature","id":399342,"properties":{"OBJECTID":399342,"PRIMENAME":"Sanctuary Court","ELEVTYP_F":0,"ELEVTYP_T":0},"geometry":{"type":"LineString","coordinates":[[-74.0910658280143,40.0677670876859],[-74.0903641986403,40.0681376401378],[-74.0903367810288,40.0681543582751],[-74.0903125979244,40.0681738025403],[-74.0902921063805,40.068195607068],[-74.0902756922116,40.0682193607062],[-74.090167640518,40.0684055476849]]}},{"type":"Feature","id":399459,"properties":{"OBJECTID":399459,"PRIMENAME":"Arnies Point","ELEVTYP_F":0,"ELEVTYP_T":0},"geometry":{"type":"LineString","coordinates":[[-74.090958013098,40.0667383729044],[-74.0908462508682,40.0667438534913],[-74.0908185913817,40.0667466416336],[-74.0907916630543,40.0667522317141],[-74.0907659400797,40.0667605254313],[-74.0907418817148,40.066771373992],[-74.0896321875919,40.0673514804213]]}},{"type":"Feature","id":399569,"properties":{"OBJECTID":399569,"PRIMENAME":"West Laurel Avenue","ELEVTYP_F":0,"ELEVTYP_T":0},"geometry":{"type":"LineString","coordinates":[[-74.0549569119064,40.0902428913041],[-74.0552479027736,40.0902210304826],[-74.0553621270132,40.0902176536584]]}},{"type":"Feature","id":400302,"properties":{"OBJECTID":400302,"PRIMENAME":"Leone Drive","ELEVTYP_F":0,"ELEVTYP_T":0},"geometry":{"type":"LineString","coordinates":[[-74.0909058811309,40.0662409570125],[-74.090958013098,40.0667383729044]]}},{"type":"Feature","id":400475,"properties":{"OBJECTID":400475,"PRIMENAME":"Richmond Avenue","ELEVTYP_F":0,"ELEVTYP_T":0},"geometry":{"type":"LineString","coordinates":[[-74.048883189925,40.0854340961288],[-74.0489760746231,40.0861554319954],[-74.0489928244541,40.0862766204532]]}},{"type":"Feature","id":400771,"properties":{"OBJECTID":400771,"PRIMENAME":"Ocean Road","ELEVTYP_F":0,"ELEVTYP_T":0},"geometry":{"type":"LineString","coordinates":[[-74.0501715449456,40.0809675351556],[-74.0498467622087,40.0808621984969]]}},{"type":"Feature","id":400948,"properties":{"OBJECTID":400948,"PRIMENAME":"Hunters Road","ELEVTYP_F":0,"ELEVTYP_T":0},"geometry":{"type":"LineString","coordinates":[[-74.0897045616867,40.0621953131612],[-74.0897228533856,40.0621895846586],[-74.0898110816427,40.0621696638187],[-74.0898725365739,40.0621577201797],[-74.0899354020724,40.0621547028989],[-74.0901157588691,40.0621615180931],[-74.0905084832772,40.0621875327742],[-74.0907927740719,40.0622125588182]]}},{"type":"Feature","id":401079,"properties":{"OBJECTID":401079,"PRIMENAME":"Richmond Avenue","ELEVTYP_F":0,"ELEVTYP_T":0},"geometry":{"type":"LineString","coordinates":[[-74.0489928244541,40.0862766204532],[-74.0490871404439,40.0869601587682],[-74.0491088036009,40.087127624946]]}},{"type":"Feature","id":401188,"properties":{"OBJECTID":401188,"PRIMENAME":"Cincinnati Avenue","ELEVTYP_F":0,"ELEVTYP_T":0},"geometry":{"type":"LineString","coordinates":[[-74.047969291919,40.0897660695086],[-74.0480978813872,40.0907359960207]]}},{"type":"Feature","id":401347,"properties":{"OBJECTID":401347,"PRIMENAME":"Richmond Avenue","ELEVTYP_F":0,"ELEVTYP_T":0},"geometry":{"type":"LineString","coordinates":[[-74.0500588828773,40.0812950533448],[-74.0500915190763,40.0812887131279],[-74.0501242954829,40.0812828039775],[-74.0501571979919,40.0812773312427],[-74.0501902160512,40.0812722948825],[-74.0502233449596,40.0812676966799],[-74.0502565729807,40.0812635383906],[-74.0502898860508,40.0812598190592],[-74.0503232806292,40.0812565422748],[-74.0503567426406,40.0812537088833],[-74.0503902615447,40.0812513170423],[-74.0504238314499,40.0812493712325],[-74.0504574406437,40.0812478696069],[-74.0504910762231,40.0812468130161],[-74.0505247334927,40.0812462023425],[-74.0505583960498,40.0812460357212],[-74.0505920591753,40.0812463176373],[-74.0506257111745,40.0812470435419],[-74.0506593414834,40.0812482151955],[-74.0506876133755,40.0812495470954],[-74.0507158562407,40.0812511923168],[-74.0507440665499,40.0812531526475],[-74.0507722361139,40.0812554253537],[-74.0508003602191,40.0812580140199],[-74.0508523796658,40.0812632776151],[-74.0509043175973,40.0812689921179],[-74.0509561705328,40.0812751521109],[-74.0510079290692,40.0812817611604],[-74.0510595861845,40.0812888174381],[-74.0511111407128,40.0812963200388],[-74.0511625774303,40.0813042662015],[-74.0512138974927,40.0813126586331],[-74.0512650903896,40.0813214909881],[-74.0513161514082,40.0813307668512],[-74.0513670723597,40.0813404834887]]}},{"type":"Feature","id":403138,"properties":{"OBJECTID":403138,"PRIMENAME":"State Highway 70","ELEVTYP_F":0,"ELEVTYP_T":0},"geometry":{"type":"LineString","coordinates":[[-74.0857249301625,40.0974348647803],[-74.0865664076848,40.0971009390101]]}},{"type":"Feature","id":403139,"properties":{"OBJECTID":403139,"PRIMENAME":"State Highway 70","ELEVTYP_F":0,"ELEVTYP_T":0},"geometry":{"type":"LineString","coordinates":[[-74.0866000539029,40.0969801323263],[-74.0865513627935,40.0969991936967],[-74.0864030320834,40.09705804581],[-74.0858048607099,40.0972953678996],[-74.0856544952157,40.0973557375438]]}},{"type":"Feature","id":434177,"properties":{"OBJECTID":434177,"PRIMENAME":"Birdsall Lane","ELEVTYP_F":0,"ELEVTYP_T":0},"geometry":{"type":"LineString","coordinates":[[-74.0564746397937,40.071405188855],[-74.0564383952233,40.07182672634]]}},{"type":"Feature","id":434178,"properties":{"OBJECTID":434178,"PRIMENAME":"Howe Street","ELEVTYP_F":0,"ELEVTYP_T":0},"geometry":{"type":"LineString","coordinates":[[-74.0564746397937,40.071405188855],[-74.0576956381324,40.0716760103343]]}},{"type":"Feature","id":434233,"properties":{"OBJECTID":434233,"PRIMENAME":"Howe Street","ELEVTYP_F":0,"ELEVTYP_T":0},"geometry":{"type":"LineString","coordinates":[[-74.0557483272125,40.0712425957272],[-74.0559532067969,40.0712895300783],[-74.0564746397937,40.071405188855]]}},{"type":"Feature","id":434805,"properties":{"OBJECTID":434805,"PRIMENAME":"Trenton Court","ELEVTYP_F":0,"ELEVTYP_T":0},"geometry":{"type":"LineString","coordinates":[[-74.0550662686185,40.089098515419],[-74.0550623807375,40.0891686436422],[-74.0550293244074,40.0894804945958],[-74.0549569119064,40.0902428913041]]}}]}
